Workbook

Sheet Mzdy po týdnech
AA1: Týden spadá do různých měsíců, pozor na výpočet ! | AY1: Týden spadá do různých měsíců, pozor na výpočet ! | DA1: Týden spadá do různých měsíců, pozor na výpočet ! | DY1: Týden spadá do různých měsíců, pozor na výpočet !
C3: ='m3'!E3 -> 43892 | E3: =C3+6 -> 43898 | F3: týden | G3: =WEEKNUM(C3, 2) -> 10 | I3: ='m3'!S3 -> 43899 | K3: =I3+6 -> 43905 | L3: týden | M3: =WEEKNUM(I3, 2) -> 11 | O3: ='m3'!AG3 -> 43906 | Q3: =O3+6 -> 43912 | R3: týden | S3: =WEEKNUM(O3, 2) -> 12 | U3: ='m3'!AU3 -> 43913 | W3: =U3+6 -> 43919 | X3: týden | Y3: =WEEKNUM(U3, 2) -> 13 | AA3: ='m3'!BI3 -> 43920 | AC3: =AA3+6 -> 43926 | AD3: týden | AE3: =WEEKNUM(AA3, 2) -> 14 | AG3: ='m4'!M3 -> 43927 | AI3: =AG3+6 -> 43933 | AJ3: týden | AK3: =WEEKNUM(AG3, 2) -> 15 | AM3: ='m4'!AA3 -> 43934 | AO3: =AM3+6 -> 43940 | AP3: týden | AQ3: =WEEKNUM(AM3, 2) -> 16 | AS3: ='m4'!AO3 -> 43941 | AU3: =AS3+6 -> 43947 | AV3: týden | AW3: =WEEKNUM(AS3, 2) -> 17 | AY3: ='m4'!BC3 -> 43948 | BA3: =AY3+6 -> 43954 | BB3: týden | BC3: =WEEKNUM(AY3, 2) -> 18 | BE3: ='m5'!GS3 -> 43955 | BG3: =BE3+6 -> 43961 | BH3: týden | BI3: =WEEKNUM(BE3, 2) -> 19 | BK3: ='m5'!W3 -> 43962 | BM3: =BK3+6 -> 43968 | BN3: týden | BO3: =WEEKNUM(BK3, 2) -> 20 | BQ3: ='m5'!AK3 -> 43969 | BS3: =BQ3+6 -> 43975 | BT3: týden | BU3: =WEEKNUM(BQ3, 2) -> 21 | BW3: ='m5'!AY3 -> 43976 | BY3: =BW3+6 -> 43982 | BZ3: týden | CA3: =WEEKNUM(BW3, 2) -> 22 | CB3: =Seznam!C17 -> https://docs.google.com/spreadsheets/d/1W52vv31RNiRHjJvdvg-OqpTOxqq1YbezHKqfjfxsc5c | CC3: ='m6'!C3 -> 43983 | CE3: =CC3+6 -> 43989 | CF3: týden | CG3: =WEEKNUM(CC3, 2) -> 23 | CI3: ='m6'!Q3 -> 43990 | CK3: =CI3+6 -> 43996 | CL3: týden | CM3: =WEEKNUM(CI3, 2) -> 24 | CO3: ='m6'!AE3 -> 43997 | CQ3: =CO3+6 -> 44003 | CR3: týden | CS3: =WEEKNUM(CO3, 2) -> 25 | CU3: ='m6'!AS3 -> 44004 | CW3: =CU3+6 -> 44010 | CX3: týden | CY3: =WEEKNUM(CU3, 2) -> 26 | DA3: ='m6'!BG3 -> 44011 | DC3: =DA3+6 -> 44017 | DD3: týden | DE3: =WEEKNUM(DA3, 2) -> 27 | DF3: =Seznam!C22 -> https://docs.google.com/spreadsheets/d/1UzIlczFUSO9uu2jGaWa2JqlpRtAp2dN5CrNFI637zGY | DG3: ='m7'!M3 -> 44018 | DI3: =DG3+6 -> 44024 | DJ3: týden | DK3: =WEEKNUM(DG3, 2) -> 28 | DM3: ='m7'!AA3 -> 44025 | DO3: =DM3+6 -> 44031 | DP3: týden | DQ3: =WEEKNUM(DM3, 2) -> 29 | DS3: ='m7'!AO3 -> 44032 | DU3: =DS3+6 -> 44038 | DV3: týden | DW3: =WEEKNUM(DS3, 2) -> 30 | DY3: ='m7'!BC3 -> 44039 | EA3: =DY3+6 -> 44045 | EB3: týden | EC3: =WEEKNUM(DY3, 2) -> 31 | ED3: =Seznam!C27 -> https://docs.google.com/spreadsheets/d/1Pi_khZoUmlY4AyzfPAAxXep1gqFMFz9ALGi86Hk5APk | EE3: ='m8'!G3 -> 44046 | EG3: =EE3+6 -> 44052 | EH3: týden | EI3: =WEEKNUM(EE3, 2) -> 32 | EK3: ='m8'!U3 -> 44053 | EM3: =EK3+6 -> 44059 | EN3: týden | EO3: =WEEKNUM(EK3, 2) -> 33 | EQ3: ='m8'!AI3 -> 44060 | ES3: =EQ3+6 -> 44066 | ET3: týden | EU3: =WEEKNUM(EQ3, 2) -> 34 | EW3: ='m8'!AW3 -> 44067 | EY3: =EW3+6 -> 44073 | EZ3: týden | FA3: =WEEKNUM(EW3, 2) -> 35 | FC3: ='m8'!BK3 -> 44074 | FE3: =FC3+6 -> 44080 | FF3: týden | FG3: =WEEKNUM(FC3, 2) -> 36 | FH3: =Seznam!C32 -> https://docs.google.com/spreadsheets/d/13CSRejyoXdd2n4TXeaZfqj1qM-tilVcnlMypc0x1xe0 | FI3: ='m9'!O3 -> 44081 | FK3: =FI3+6 -> 44087 | FL3: týden | FM3: =WEEKNUM(FI3, 2) -> 37 | FO3: ='m9'!AC3 -> 44088 | FQ3: =FO3+6 -> 44094 | FR3: týden | FS3: =WEEKNUM(FO3, 2) -> 38 | FU3: ='m9'!AQ3 -> 44095 | FW3: =FU3+6 -> 44101 | FX3: týden | FY3: =WEEKNUM(FU3, 2) -> 39 | GA3: ='m9'!BE3 -> 44102 | GC3: =GA3+6 -> 44108 | GD3: týden | GE3: =WEEKNUM(GA3, 2) -> 40 | GF3: =Seznam!C37 -> https://docs.google.com/spreadsheets/d/1A1C7ak5N3IfdH-gvOToPTjrHDYjQVuOSKk3nI04CPnk | GG3: ='m10'!K3 -> 44109 | GI3: =GG3+6 -> 44115 | GJ3: týden | GK3: =WEEKNUM(GG3, 2) -> 41 | GM3: ='m10'!Y3 -> 44116 | GO3: =GM3+6 -> 44122 | GP3: týden | GQ3: =WEEKNUM(GM3, 2) -> 42 | GS3: ='m10'!AM3 -> 44123 | GU3: =GS3+6 -> 44129 | GV3: týden | GW3: =WEEKNUM(GS3, 2) -> 43 | GY3: ='m10'!BA3 -> 44130 | HA3: =GY3+6 -> 44136 | HB3: týden | HC3: =WEEKNUM(GY3, 2) -> 44 | HD3: =Seznam!C42 -> https://docs.google.com/spreadsheets/d/1A5HjH_1G7_z7bigkYfrx94YbCMtZ4uHBlf5FdHqej6U | HE3: ='m11'!E3 -> 44137 | HG3: =HE3+6 -> 44143 | HH3: týden | HI3: =WEEKNUM(HE3, 2) -> 45 | HK3: ='m11'!S3 -> 44144 | HM3: =HK3+6 -> 44150 | HN3: týden | HO3: =WEEKNUM(HK3, 2) -> 46 | HQ3: ='m11'!AG3 -> 44151 | HS3: =HQ3+6 -> 44157 | HT3: týden | HU3: =WEEKNUM(HQ3, 2) -> 47 | HW3: ='m11'!AU3 -> 44158 | HY3: =HW3+6 -> 44164 | HZ3: týden | IA3: =WEEKNUM(HW3, 2) -> 48 | IB3: =Seznam!C47 -> https://docs.google.com/spreadsheets/d/1shMrdlE-v4TgmShGJEX5IrXyolj8bVkHdxPh0z_Owww | IC3: ='m11'!BI3 -> 44165 | IE3: =IC3+6 -> 44171 | IF3: týden | IG3: =WEEKNUM(IC3, 2) -> 49 | II3: ='m12'!O3 -> 44172 | IK3: =II3+6 -> 44178 | IL3: týden | IM3: =WEEKNUM(II3, 2) -> 50 | IO3: ='m12'!AC3 -> 44179 | IQ3: =IO3+6 -> 44185 | IR3: týden | IS3: =WEEKNUM(IO3, 2) -> 51 | IU3: ='m12'!AQ3 -> 44186 | IW3: =IU3+6 -> 44192 | IX3: týden | IY3: =WEEKNUM(IU3, 2) -> 52 | JA3: ='m12'!BE3 -> 44193 | JC3: =JA3+6 -> 44199 | JD3: týden | JE3: =WEEKNUM(JA3, 2) -> 53
A4: =IFERROR(__xludf.DUMMYFUNCTION("IMPORTRANGE(Seznam!C47, ""Mzdy!A3:A43"")"),"Instore") -> Instore | B4: =IFERROR(__xludf.DUMMYFUNCTION("IMPORTRANGE(""https://docs.google.com/spreadsheets/d/10XKjMp3ipXrP4qWZ8UcqYNKQUDKvV3yJJNYsqZ2J4uU"", ""Mzdy!M3:M20"")"),"Mzda/h") -> Mzda/h | C4: hodin | D4: mzda | E4: záloha | F4: doplaceno | G4: rozdíl | I4: hodin | J4: mzda | K4: záloha | L4: doplaceno | M4: rozdíl | O4: hodin | P4: mzda | Q4: záloha | R4: doplaceno | S4: rozdíl | U4: hodin | V4: mzda | W4: záloha | X4: doplaceno | Y4: rozdíl | AA4: hodin | AB4: mzda | AC4: záloha | AD4: doplaceno | AE4: rozdíl | AF4: =IFERROR(__xludf.DUMMYFUNCTION("IMPORTRANGE(""https://docs.google.com/spreadsheets/d/1_VR4l2o9docdH4BpmZ6xVL9eFirbKl95Qel6RJTY-Qw"", ""Mzdy!M3:M17"")"),"Mzda/h") -> Mzda/h | AG4: hodin | AH4: mzda | AI4: záloha | AJ4: doplaceno | AK4: rozdíl | AM4: hodin | AN4: mzda | AO4: záloha | AP4: doplaceno | AQ4: rozdíl | AS4: hodin | AT4: mzda | AU4: záloha | AV4: doplaceno | AW4: rozdíl | AY4: hodin | AZ4: mzda | BA4: záloha | BB4: doplaceno | BC4: rozdíl | BD4: =IFERROR(__xludf.DUMMYFUNCTION("IMPORTRANGE(""https://docs.google.com/spreadsheets/d/1VRfz8ELmM5lZo00qm9MdMXMmDFEsCvB5AkS7pSVYxcY"", ""Mzdy!AE3:AE25"")"),"Mzda/h") -> Mzda/h | BE4: hodin | BF4: mzda | BG4: záloha | BH4: doplaceno | BI4: rozdíl | BK4: hodin | BL4: mzda | BM4: záloha | BN4: doplaceno | BO4: rozdíl | BQ4: hodin | BR4: mzda | BS4: záloha | BT4: doplaceno | BU4: rozdíl | BW4: hodin | BX4: mzda | BY4: záloha | BZ4: doplaceno | CA4: rozdíl | CB4: =IFERROR(__xludf.DUMMYFUNCTION("IMPORTRANGE(CB3, ""Mzdy!AE3:AE33"")"),"Mzda/h") -> Mzda/h | CC4: hodin | CD4: mzda | CE4: záloha | CF4: doplaceno | CG4: rozdíl | CI4: hodin | CJ4: mzda | CK4: záloha | CL4: doplaceno | CM4: rozdíl | CO4: hodin | CP4: mzda | CQ4: záloha | CR4: doplaceno | CS4: rozdíl | CU4: hodin | CV4: mzda | CW4: záloha | CX4: doplaceno | CY4: rozdíl | DA4: hodin | DB4: mzda | DC4: záloha | DD4: doplaceno | DE4: rozdíl | DF4: =IFERROR(__xludf.DUMMYFUNCTION("IMPORTRANGE(DF3, ""Mzdy!AE3:AE33"")"),"Mzda/h") -> Mzda/h | DG4: hodin | DH4: mzda | DI4: záloha | DJ4: doplaceno | DK4: rozdíl | DM4: hodin | DN4: mzda | DO4: záloha | DP4: doplaceno | DQ4: rozdíl | DS4: hodin | DT4: mzda | DU4: záloha | DV4: doplaceno | DW4: rozdíl | DY4: hodin | DZ4: mzda | EA4: záloha | EB4: doplaceno | EC4: rozdíl | ED4: =IFERROR(__xludf.DUMMYFUNCTION("IMPORTRANGE(ED3, ""Mzdy!AE3:AE33"")"),"Mzda/h") -> Mzda/h | EE4: hodin | EF4: mzda | EG4: záloha | EH4: doplaceno | EI4: rozdíl | EK4: hodin | EL4: mzda | EM4: záloha | EN4: doplaceno | EO4: rozdíl | EQ4: hodin | ER4: mzda | ES4: záloha | ET4: doplaceno | EU4: rozdíl | EW4: hodin | EX4: mzda | EY4: záloha | EZ4: doplaceno | FA4: rozdíl | FC4: hodin | FD4: mzda | FE4: záloha | FF4: doplaceno | FG4: rozdíl | FH4: =IFERROR(__xludf.DUMMYFUNCTION("IMPORTRANGE(FH3, ""Mzdy!AE3:AE33"")"),"Mzda/h") -> Mzda/h | FI4: hodin | FJ4: mzda | FK4: záloha | FL4: doplaceno | FM4: rozdíl | FO4: hodin | FP4: mzda | FQ4: záloha | FR4: doplaceno | FS4: rozdíl | FU4: hodin | FV4: mzda | FW4: záloha | FX4: doplaceno | FY4: rozdíl | GA4: hodin | GB4: mzda | GC4: záloha | GD4: doplaceno | GE4: rozdíl | GF4: =IFERROR(__xludf.DUMMYFUNCTION("IMPORTRANGE(GF3, ""Mzdy!AE3:AE43"")"),"Mzda/h") -> Mzda/h | GG4: hodin | GH4: mzda | GI4: záloha | GJ4: doplaceno | GK4: rozdíl | GM4: hodin | GN4: mzda | GO4: záloha | GP4: doplaceno | GQ4: rozdíl | GS4: hodin | GT4: mzda | GU4: záloha | GV4: doplaceno | GW4: rozdíl | GY4: hodin | GZ4: mzda | HA4: záloha | HB4: doplaceno | HC4: rozdíl | HD4: =IFERROR(__xludf.DUMMYFUNCTION("IMPORTRANGE(HD3, ""Mzdy!AE3:AE43"")"),"Mzda/h") -> Mzda/h | HE4: hodin | HF4: mzda | HG4: záloha | HH4: doplaceno | HI4: rozdíl | HK4: hodin | HL4: mzda | HM4: záloha | HN4: doplaceno | HO4: rozdíl | HQ4: hodin | HR4: mzda | HS4: záloha | HT4: doplaceno | HU4: rozdíl | HW4: hodin | HX4: mzda | HY4: záloha | HZ4: doplaceno | IA4: rozdíl | IB4: =IFERROR(__xludf.DUMMYFUNCTION("IMPORTRANGE(IB3, ""Mzdy!AE3:AE43"")"),"Mzda/h") -> Mzda/h | IC4: hodin | ID4: mzda | IE4: záloha | IF4: doplaceno | IG4: rozdíl | II4: hodin | IJ4: mzda | IK4: záloha | IL4: doplaceno | IM4: rozdíl | IO4: hodin | IP4: mzda | IQ4: záloha | IR4: doplaceno | IS4: rozdíl | IU4: hodin | IV4: mzda | IW4: záloha | IX4: doplaceno | IY4: rozdíl | JA4: hodin | JB4: mzda | JC4: záloha | JD4: doplaceno | JE4: rozdíl
A5: =IFERROR(__xludf.DUMMYFUNCTION("""COMPUTED_VALUE"""),"Stanislav Roth") -> Stanislav Roth | B5: =IFERROR(__xludf.DUMMYFUNCTION("""COMPUTED_VALUE"""),1290.3225806451612) -> 1290.3226 | C5: ='m3'!E5+'m3'!G5+'m3'!I5+'m3'!K5+'m3'!M5+'m3'!O5+'m3'!Q5 -> 29 | E5: ='m3'!F5+'m3'!H5+'m3'!J5+'m3'!L5+'m3'!N5+'m3'!P5+'m3'!R5 -> 7500 | I5: ='m3'!S5+'m3'!U5+'m3'!W5+'m3'!Y5+'m3'!AA5+'m3'!AC5+'m3'!AE5 -> 31 | K5: ='m3'!T5+'m3'!V5+'m3'!X5+'m3'!Z5+'m3'!AB5+'m3'!AD5+'m3'!AF5 -> 4000 | O5: ='m3'!AG5+'m3'!AI5+'m3'!AK5+'m3'!AM5+'m3'!AO5+'m3'!AQ5+'m3'!AS5 -> 13 | Q5: ='m3'!AH5+'m3'!AJ5+'m3'!AL5+'m3'!AN5+'m3'!AP5+'m3'!AR5+'m3'!AT5 -> 0 | U5: ='m3'!DF5+'m3'!DH5+'m3'!DJ5+'m3'!DL5+'m3'!DN5+'m3'!DP5+'m3'!DR5 -> 18 | W5: ='m3'!DG5+'m3'!DI5+'m3'!DK5+'m3'!DM5+'m3'!DO5+'m3'!DQ5+'m3'!DS5 -> 15000 | AA5: ='m3'!BI5+'m3'!BK5+'m4'!C5+'m4'!E5+'m4'!G5+'m4'!I5+'m4'!K5 -> 18 | AC5: ='m3'!BJ5+'m3'!BL5+'m4'!D5+'m4'!F5+'m4'!H5+'m4'!J5+'m4'!L5 -> 0 | AF5: =IFERROR(__xludf.DUMMYFUNCTION("""COMPUTED_VALUE"""),1333.3333333333333) -> 1333.3333 | AG5: ='m4'!M5+'m4'!O5+'m4'!Q5+'m4'!S5+'m4'!U5+'m4'!W5+'m4'!Y5 -> 18 | AH5: ='m3'!M5*AG5 -> 0 | AI5: ='m4'!N5+'m4'!P5+'m4'!R5+'m4'!T5+'m4'!V5+'m4'!X5+'m4'!Z5 -> 0 | AM5: ='m4'!AA5+'m4'!AC5+'m4'!AE5+'m4'!AG5+'m4'!AI5+'m4'!AK5+'m4'!AM5 -> 19 | AO5: ='m4'!AB5+'m4'!AD5+'m4'!AF5+'m4'!AH5+'m4'!AJ5+'m4'!AL5+'m4'!AN5 -> 0 | AS5: ='m4'!AO5+'m4'!AQ5+'m4'!AS5+'m4'!AU5+'m4'!AW5+'m4'!AY5+'m4'!BA5 -> 14 | AU5: ='m4'!AP5+'m4'!AR5+'m4'!AT5+'m4'!AV5+'m4'!AX5+'m4'!AZ5+'m4'!BB5 -> 0 | AY5: ='m4'!BC5+'m4'!BE5+'m4'!BG5+'m4'!BI5+'m5'!C5+'m5'!E5+'m5'!G5 -> 0 | BA5: ='m4'!BD5+'m4'!BF5+'m4'!BH5+'m4'!BJ5+'m5'!D5+'m5'!F5+'m5'!H5 -> 0 | BD5: =IFERROR(__xludf.DUMMYFUNCTION("""COMPUTED_VALUE"""),1290.3225806451612) -> 1290.3226 | BE5: ='m5'!I5+'m5'!K5+'m5'!M5+'m5'!O5+'m5'!Q5+'m5'!S5+'m5'!U5 -> 8 | BG5: ='m5'!J5+'m5'!L5+'m5'!N5+'m5'!P5+'m5'!R5+'m5'!T5+'m5'!V5 -> 0 | BK5: ='m5'!W5+'m5'!Y5+'m5'!AA5+'m5'!AC5+'m5'!AE5+'m5'!AG5+'m5'!AI5 -> 35 | BM5: ='m5'!X5+'m5'!Z5+'m5'!AB5+'m5'!AD5+'m5'!AF5+'m5'!AH5+'m5'!AJ5 -> 0 | BQ5: ='m5'!AK5+'m5'!AM5+'m5'!AO5+'m5'!AQ5+'m5'!AS5+'m5'!AU5+'m5'!AW5 -> 3 | BS5: ='m5'!AL5+'m5'!AN5+'m5'!AP5+'m5'!AR5+'m5'!AT5+'m5'!AV5+'m5'!AX5 -> 1000 | BW5: ='m5'!AY5+'m5'!BA5+'m5'!BC5+'m5'!BE5+'m5'!BG5+'m5'!BI5+'m5'!BK5 -> 58 | BY5: ='m5'!AZ5+'m5'!BB5+'m5'!BD5+'m5'!BF5+'m5'!BH5+'m5'!BJ5+'m5'!BL5 -> 0 | CB5: =IFERROR(__xludf.DUMMYFUNCTION("""COMPUTED_VALUE"""),1333.3333333333333) -> 1333.3333 | CC5: ='m6'!C5+'m6'!E5+'m6'!G5+'m6'!I5+'m6'!K5+'m6'!M5+'m6'!O5 -> 26 | CE5: ='m6'!D5+'m6'!F5+'m6'!H5+'m6'!J5+'m6'!L5+'m6'!N5+'m6'!P5 -> 200 | CI5: ='m6'!Q5+'m6'!S5+'m6'!U5+'m6'!W5+'m6'!Y5+'m6'!AA5+'m6'!AC5 -> 36 | CK5: ='m6'!R5+'m6'!T5+'m6'!V5+'m6'!X5+'m6'!Z5+'m6'!AB5+'m6'!AD5 -> 0 | CO5: ='m6'!AE5+'m6'!AG5+'m6'!AI5+'m6'!AK5+'m6'!AM5+'m6'!AO5+'m6'!AQ5 -> 50.5 | CQ5: ='m6'!AF5+'m6'!AH5+'m6'!AJ5+'m6'!AL5+'m6'!AN5+'m6'!AP5+'m6'!AR5 -> 0 | CU5: ='m6'!AS5+'m6'!AU5+'m6'!AW5+'m6'!AY5+'m6'!BA5+'m6'!BC5+'m6'!BE5 -> 37 | CW5: ='m6'!AT5+'m6'!AV5+'m6'!AX5+'m6'!AZ5+'m6'!BB5+'m6'!BD5+'m6'!BF5 -> 780 | DA5: ='m6'!BG5+'m6'!BI5+'m7'!C5+'m7'!E5+'m7'!G5+'m7'!I5+'m7'!K5 -> 45.5 | DC5: ='m6'!BH5+'m6'!BJ5+'m7'!D5+'m7'!F5+'m7'!H5+'m7'!J5+'m7'!L5 -> 2000 | DF5: =IFERROR(__xludf.DUMMYFUNCTION("""COMPUTED_VALUE"""),1290.3225806451612) -> 1290.3226 | DG5: ='m7'!M5+'m7'!O5+'m7'!Q5+'m7'!S5+'m7'!U5+'m7'!W5+'m7'!Y5 -> 51.5 | DI5: ='m7'!N5+'m7'!P5+'m7'!R5+'m7'!T5+'m7'!V5+'m7'!X5+'m7'!Z5 -> 2500 | DM5: ='m7'!AA5+'m7'!AC5+'m7'!AE5+'m7'!AG5+'m7'!AI5+'m7'!AK5+'m7'!AM5 -> 39.5 | DO5: ='m7'!AB5+'m7'!AD5+'m7'!AF5+'m7'!AH5+'m7'!AJ5+'m7'!AL5+'m7'!AN5 -> 2000 | DS5: ='m7'!AO5+'m7'!AQ5+'m7'!AS5+'m7'!AU5+'m7'!AW5+'m7'!AY5+'m7'!BA5 -> 24 | DU5: ='m7'!AP5+'m7'!AR5+'m7'!AT5+'m7'!AV5+'m7'!AX5+'m7'!AZ5+'m7'!BB5 -> 0 | DY5: ='m7'!BC5+'m7'!BE5+'m7'!BG5+'m7'!BI5+'m7'!BK5+'m8'!C5+'m8'!E5 -> 32 | EA5: ='m7'!BD5+'m7'!BF5+'m7'!BH5+'m7'!BJ5+'m7'!BL5+'m8'!D5+'m8'!F5 -> 0 | ED5: =IFERROR(__xludf.DUMMYFUNCTION("""COMPUTED_VALUE"""),1290.3225806451612) -> 1290.3226 | EE5: ='m8'!G5+'m8'!I5+'m8'!K5+'m8'!M5+'m8'!O5+'m8'!Q5+'m8'!S5 -> 47 | EG5: ='m8'!H5+'m8'!J5+'m8'!L5+'m8'!N5+'m8'!P5+'m8'!R5+'m8'!T5 -> 2000 | EK5: ='m8'!U5+'m8'!W5+'m8'!Y5+'m8'!AA5+'m8'!AC5+'m8'!AE5+'m8'!AG5 -> 43 | EM5: ='m8'!V5+'m8'!X5+'m8'!Z5+'m8'!AB5+'m8'!AD5+'m8'!AF5+'m8'!AH5 -> 2393 | EQ5: ='m8'!AI5+'m8'!AK5+'m8'!AM5+'m8'!AO5+'m8'!AQ5+'m8'!AS5+'m8'!AU5 -> 39 | ES5: ='m8'!AJ5+'m8'!AL5+'m8'!AN5+'m8'!AP5+'m8'!AR5+'m8'!AT5+'m8'!AV5 -> 0 | EW5: ='m8'!AW5+'m8'!AY5+'m8'!BA5+'m8'!BC5+'m8'!BE5+'m8'!BG5+'m8'!BI5 -> 0 | EY5: ='m8'!AX5+'m8'!AZ5+'m8'!BB5+'m8'!BD5+'m8'!BF5+'m8'!BH5+'m8'!BJ5 -> 0 | FC5: ='m8'!BK5+'m9'!C5+'m9'!E5+'m9'!G5+'m9'!I5+'m9'!K5+'m9'!M5 -> 5.5 | FE5: ='m8'!BL5+'m9'!D5+'m9'!F5+'m9'!H5+'m9'!J5+'m9'!L5+'m9'!N5 -> 0 | FH5: =IFERROR(__xludf.DUMMYFUNCTION("""COMPUTED_VALUE"""),1333.3333333333333) -> 1333.3333 | FI5: ='m9'!O5+'m9'!Q5+'m9'!S5+'m9'!U5+'m9'!W5+'m9'!Y5+'m9'!AA5 -> 44.5 | FK5: ='m9'!P5+'m9'!R5+'m9'!T5+'m9'!V5+'m9'!X5+'m9'!Z5+'m9'!AB5 -> 1500 | FO5: ='m9'!AC5+'m9'!AE5+'m9'!AG5+'m9'!AI5+'m9'!AK5+'m9'!AM5+'m9'!AO5 -> 52 | FQ5: ='m9'!AD5+'m9'!AF5+'m9'!AH5+'m9'!AJ5+'m9'!AL5+'m9'!AN5+'m9'!AP5 -> 324 | FU5: ='m9'!AQ5+'m9'!AS5+'m9'!AU5+'m9'!AW5+'m9'!AY5+'m9'!BA5+'m9'!BC5 -> 53 | FW5: ='m9'!AR5+'m9'!AT5+'m9'!AV5+'m9'!AX5+'m9'!AZ5+'m9'!BB5+'m9'!BD5 -> 0 | GA5: ='m9'!BE5+'m9'!BG5+'m9'!BI5+'m10'!C5+'m10'!E5+'m10'!G5+'m10'!I5 -> 50 | GC5: ='m9'!BF5+'m9'!BH5+'m9'!BJ5+'m10'!D5+'m10'!F5+'m10'!H5+'m10'!J5 -> 1200 | GF5: =IFERROR(__xludf.DUMMYFUNCTION("""COMPUTED_VALUE"""),1290.3225806451612) -> 1290.3226 | GG5: ='m10'!K5+'m10'!M5+'m10'!O5+'m10'!Q5+'m10'!S5+'m10'!U5+'m10'!W5 -> 48 | GI5: ='m10'!L5+'m10'!N5+'m10'!P5+'m10'!R5+'m10'!T5+'m10'!V5+'m10'!X5 -> 3200 | GM5: ='m10'!Y5+'m10'!AA5+'m10'!AC5+'m10'!AE5+'m10'!AG5+'m10'!AI5+'m10'!AK5 -> 66 | GO5: ='m10'!Z5+'m10'!AB5+'m10'!AD5+'m10'!AF5+'m10'!AH5+'m10'!AJ5+'m10'!AL5 -> 0 | GS5: ='m10'!AM5+'m10'!AO5+'m10'!AQ5+'m10'!AS5+'m10'!AU5+'m10'!AW5+'m10'!AY5 -> 68 | GU5: ='m10'!AN5+'m10'!AP5+'m10'!AR5+'m10'!AT5+'m10'!AV5+'m10'!AX5+'m10'!AZ5 -> 0 | GY5: ='m10'!BA5+'m10'!BC5+'m10'!BE5+'m10'!BG5+'m10'!BI5+'m10'!BK5+'m11'!C5 -> 50 | HA5: ='m10'!BB5+'m10'!BD5+'m10'!BF5+'m10'!BH5+'m10'!BJ5+'m10'!BL5+'m11'!D5 -> 0 | HD5: =IFERROR(__xludf.DUMMYFUNCTION("""COMPUTED_VALUE"""),1333.3333333333333) -> 1333.3333 | HE5: ='m11'!E5+'m11'!G5+'m11'!I5+'m11'!K5+'m11'!M5+'m11'!O5+'m11'!Q5 -> 37 | HG5: ='m11'!F5+'m11'!H5+'m11'!J5+'m11'!L5+'m11'!N5+'m11'!P5+'m11'!R5 -> 427 | HK5: ='m11'!S5+'m11'!U5+'m11'!W5+'m11'!Y5+'m11'!AA5+'m11'!AC5+'m11'!AE5 -> 26 | HM5: ='m11'!T5+'m11'!V5+'m11'!X5+'m11'!Z5+'m11'!AB5+'m11'!AD5+'m11'!AF5 -> 0 | HQ5: ='m11'!AG5+'m11'!AI5+'m11'!AK5+'m11'!AM5+'m11'!AO5+'m11'!AQ5+'m11'!AS5 -> 31.5 | HS5: ='m11'!AH5+'m11'!AJ5+'m11'!AL5+'m11'!AN5+'m11'!AP5+'m11'!AR5+'m11'!AT5 -> 0 | HW5: ='m11'!AU5+'m11'!AW5+'m11'!AY5+'m11'!BA5+'m11'!BC5+'m11'!BE5+'m11'!BG5 -> 34.5 | HY5: ='m11'!AV5+'m11'!AX5+'m11'!AZ5+'m11'!BB5+'m11'!BD5+'m11'!BF5+'m11'!BH5 -> 0 | IB5: =IFERROR(__xludf.DUMMYFUNCTION("""COMPUTED_VALUE"""),1290.3225806451612) -> 1290.3226 | IC5: ='m11'!BI5+'m12'!C5+'m12'!E5+'m12'!G5+'m12'!I5+'m12'!K5+'m12'!M5 -> 38.5 | IE5: ='m11'!BJ5+'m12'!D5+'m12'!F5+'m12'!H5+'m12'!J5+'m12'!L5+'m12'!N5 -> 0 | II5: ='m12'!O5+'m12'!Q5+'m12'!S5+'m12'!U5+'m12'!W5+'m12'!Y5+'m12'!AA5 -> 32 | IK5: ='m12'!P5+'m12'!R5+'m12'!T5+'m12'!V5+'m12'!X5+'m12'!Z5+'m12'!AB5 -> 0 | IO5: ='m12'!AC5+'m12'!AE5+'m12'!AG5+'m12'!AI5+'m12'!AK5+'m12'!AM5+'m12'!AO5 -> 43 | IQ5: ='m12'!AD5+'m12'!AF5+'m12'!AH5+'m12'!AJ5+'m12'!AL5+'m12'!AN5+'m12'!AP5 -> 0 | IU5: ='m12'!AQ5+'m12'!AS5+'m12'!AU5+'m12'!AW5+'m12'!AY5+'m12'!BA5+'m12'!BC5 -> 33 | IW5: ='m12'!AR5+'m12'!AT5+'m12'!AV5+'m12'!AX5+'m12'!AZ5+'m12'!BB5+'m12'!BD5 -> 0 | JA5: ='m12'!BE5+'m12'!BG5+'m12'!BI5+'m12'!BK5 -> 26 | JC5: ='m12'!BF5+'m12'!BH5+'m12'!BJ5+'m12'!BL5 -> 0
A6: =IFERROR(__xludf.DUMMYFUNCTION("""COMPUTED_VALUE"""),"Anastasia Rothová") -> Anastasia Rothová | B6: =IFERROR(__xludf.DUMMYFUNCTION("""COMPUTED_VALUE"""),150.0) -> 150 | C6: ='m3'!E6+'m3'!G6+'m3'!I6+'m3'!K6+'m3'!M6+'m3'!O6+'m3'!Q6 -> 29 | D6: ='m3'!A6*C6 -> 4350 | E6: ='m3'!F6+'m3'!H6+'m3'!J6+'m3'!L6+'m3'!N6+'m3'!P6+'m3'!R6 -> 0 | G6: =E6+F6-D6 -> -4350 | I6: ='m3'!S6+'m3'!U6+'m3'!W6+'m3'!Y6+'m3'!AA6+'m3'!AC6+'m3'!AE6 -> 23 | J6: ='m3'!A6*I6 -> 3450 | K6: ='m3'!T6+'m3'!V6+'m3'!X6+'m3'!Z6+'m3'!AB6+'m3'!AD6+'m3'!AF6 -> 0 | M6: =K6+L6-J6 -> -3450 | O6: ='m3'!AG6+'m3'!AI6+'m3'!AK6+'m3'!AM6+'m3'!AO6+'m3'!AQ6+'m3'!AS6 -> 36 | P6: ='m3'!A6*O6 -> 5400 | Q6: ='m3'!AH6+'m3'!AJ6+'m3'!AL6+'m3'!AN6+'m3'!AP6+'m3'!AR6+'m3'!AT6 -> 0 | S6: =Q6+R6-P6 -> -5400 | U6: ='m3'!AU6+'m3'!AW6+'m3'!AY6+'m3'!BA6+'m3'!BC6+'m3'!BE6+'m3'!BG6 -> 10 | V6: ='m3'!A6*U6 -> 1500 | W6: ='m3'!DG6+'m3'!DI6+'m3'!DK6+'m3'!DM6+'m3'!DO6+'m3'!DQ6+'m3'!DS6 -> 0 | Y6: =W6+X6-V6 -> -1500 | AA6: ='m3'!BI6+'m3'!BK6+'m4'!C6+'m4'!E6+'m4'!G6+'m4'!I6+'m4'!K6 -> 0 | AB6: =('m3'!BI6+'m3'!BK6)*'m3'!A6+('m4'!C6+'m4'!E6+'m4'!G6+'m4'!I6+'m4'!K6)*'m4'!A6 -> 0 | AC6: ='m3'!BJ6+'m3'!BL6+'m4'!D6+'m4'!F6+'m4'!H6+'m4'!J6+'m4'!L6 -> 0 | AE6: =AC6+AD6-AB6 -> 0 | AF6: =IFERROR(__xludf.DUMMYFUNCTION("""COMPUTED_VALUE"""),150.0) -> 150 | AG6: ='m4'!M6+'m4'!O6+'m4'!Q6+'m4'!S6+'m4'!U6+'m4'!W6+'m4'!Y6 -> 0 | AH6: ='m4'!A6*AG6 -> 0 | AI6: ='m4'!N6+'m4'!P6+'m4'!R6+'m4'!T6+'m4'!V6+'m4'!X6+'m4'!Z6 -> 0 | AK6: =AI6+AJ6-AH6 -> 0 | AM6: ='m4'!AA6+'m4'!AC6+'m4'!AE6+'m4'!AG6+'m4'!AI6+'m4'!AK6+'m4'!AM6 -> 8 | AN6: ='m4'!A6*AM6 -> 1200 | AO6: ='m4'!AB6+'m4'!AD6+'m4'!AF6+'m4'!AH6+'m4'!AJ6+'m4'!AL6+'m4'!AN6 -> 0 | AQ6: =AO6+AP6-AN6 -> -1200 | AS6: ='m4'!AO6+'m4'!AQ6+'m4'!AS6+'m4'!AU6+'m4'!AW6+'m4'!AY6+'m4'!BA6 -> 0 | AT6: ='m4'!A6*AS6 -> 0 | AU6: ='m4'!AP6+'m4'!AR6+'m4'!AT6+'m4'!AV6+'m4'!AX6+'m4'!AZ6+'m4'!BB6 -> 0 | AW6: =AV6+AU6-AT6 -> 0 | AY6: ='m4'!BC6+'m4'!BE6+'m4'!BG6+'m4'!BI6+'m5'!C6+'m5'!E6+'m5'!G6 -> 0 | AZ6: =('m4'!BC6+'m4'!BE6+'m4'!BG6+'m4'!BI6)*'m4'!A6+('m5'!C6+'m5'!E6+'m5'!G6)*'m5'!A6 -> 0 | BA6: ='m4'!BD6+'m4'!BF6+'m4'!BH6+'m4'!BJ6+'m5'!D6+'m5'!F6+'m5'!H6 -> 0 | BC6: =BB6+BA6-AZ6 -> 0 | BD6: =IFERROR(__xludf.DUMMYFUNCTION("""COMPUTED_VALUE"""),150.0) -> 150 | BE6: ='m5'!I6+'m5'!K6+'m5'!M6+'m5'!O6+'m5'!Q6+'m5'!S6+'m5'!U6 -> 0 | BF6: ='m5'!A6*BE6 -> 0 | BG6: ='m5'!J6+'m5'!L6+'m5'!N6+'m5'!P6+'m5'!R6+'m5'!T6+'m5'!V6 -> 0 | BI6: =BH6+BG6-BF6 -> 0 | BK6: ='m5'!W6+'m5'!Y6+'m5'!AA6+'m5'!AC6+'m5'!AE6+'m5'!AG6+'m5'!AI6 -> 0 | BL6: ='m5'!A6*BK6 -> 0 | BM6: ='m5'!X6+'m5'!Z6+'m5'!AB6+'m5'!AD6+'m5'!AF6+'m5'!AH6+'m5'!AJ6 -> 0 | BO6: =BN6+BM6-BL6 -> 0 | BQ6: ='m5'!AK6+'m5'!AM6+'m5'!AO6+'m5'!AQ6+'m5'!AS6+'m5'!AU6+'m5'!AW6 -> 67 | BR6: ='m5'!A6*BQ6 -> 10050 | BS6: ='m5'!AL6+'m5'!AN6+'m5'!AP6+'m5'!AR6+'m5'!AT6+'m5'!AV6+'m5'!AX6 -> 0 | BU6: =BT6+BS6-BR6 -> -10050 | BW6: ='m5'!AY6+'m5'!BA6+'m5'!BC6+'m5'!BE6+'m5'!BG6+'m5'!BI6+'m5'!BK6 -> 45 | BX6: ='m5'!A6*BW6 -> 6750 | BY6: ='m5'!AZ6+'m5'!BB6+'m5'!BD6+'m5'!BF6+'m5'!BH6+'m5'!BJ6+'m5'!BL6 -> 0 | CA6: =BZ6+BY6-BX6 -> -6750 | CB6: =IFERROR(__xludf.DUMMYFUNCTION("""COMPUTED_VALUE"""),150.0) -> 150 | CC6: ='m6'!C6+'m6'!E6+'m6'!G6+'m6'!I6+'m6'!K6+'m6'!M6+'m6'!O6 -> 47 | CD6: =CC6*CB6 -> 7050 | CE6: ='m6'!D6+'m6'!F6+'m6'!H6+'m6'!J6+'m6'!L6+'m6'!N6+'m6'!P6 -> 0 | CG6: =CF6+CE6-CD6 -> -7050 | CI6: ='m6'!Q6+'m6'!S6+'m6'!U6+'m6'!W6+'m6'!Y6+'m6'!AA6+'m6'!AC6 -> 33 | CJ6: =CI6*CB6 -> 4950 | CK6: ='m6'!R6+'m6'!T6+'m6'!V6+'m6'!X6+'m6'!Z6+'m6'!AB6+'m6'!AD6 -> 0 | CM6: =CL6+CK6-CJ6 -> -4950 | CO6: ='m6'!AE6+'m6'!AG6+'m6'!AI6+'m6'!AK6+'m6'!AM6+'m6'!AO6+'m6'!AQ6 -> 23 | CP6: =CO6*CB6 -> 3450 | CQ6: ='m6'!AF6+'m6'!AH6+'m6'!AJ6+'m6'!AL6+'m6'!AN6+'m6'!AP6+'m6'!AR6 -> 0 | CS6: =CR6+CQ6-CP6 -> -3450 | CU6: ='m6'!AS6+'m6'!AU6+'m6'!AW6+'m6'!AY6+'m6'!BA6+'m6'!BC6+'m6'!BE6 -> 7 | CV6: =CU6*CB6 -> 1050 | CW6: ='m6'!AT6+'m6'!AV6+'m6'!AX6+'m6'!AZ6+'m6'!BB6+'m6'!BD6+'m6'!BF6 -> 1000 | CY6: =CX6+CW6-CV6 -> -50 | DA6: ='m6'!BG6+'m6'!BI6+'m7'!C6+'m7'!E6+'m7'!G6+'m7'!I6+'m7'!K6 -> 22 | DB6: =('m6'!BG6+'m6'!BI6)*'m6'!A6+('m7'!C6+'m7'!E6+'m7'!G6+'m7'!I6+'m7'!K6)*'m7'!A6 -> 3300 | DC6: ='m6'!BH6+'m6'!BJ6+'m7'!D6+'m7'!F6+'m7'!H6+'m7'!J6+'m7'!L6 -> 0 | DE6: =DD6+DC6-DB6 -> -3300 | DF6: =IFERROR(__xludf.DUMMYFUNCTION("""COMPUTED_VALUE"""),150.0) -> 150 | DG6: ='m7'!M6+'m7'!O6+'m7'!Q6+'m7'!S6+'m7'!U6+'m7'!W6+'m7'!Y6 -> 36 | DH6: =DG6*DF6 -> 5400 | DI6: ='m7'!N6+'m7'!P6+'m7'!R6+'m7'!T6+'m7'!V6+'m7'!X6+'m7'!Z6 -> 1000 | DK6: =DJ6+DI6-DH6 -> -4400 | DM6: ='m7'!AA6+'m7'!AC6+'m7'!AE6+'m7'!AG6+'m7'!AI6+'m7'!AK6+'m7'!AM6 -> 48 | DN6: =DM6*DF6 -> 7200 | DO6: ='m7'!AB6+'m7'!AD6+'m7'!AF6+'m7'!AH6+'m7'!AJ6+'m7'!AL6+'m7'!AN6 -> 0 | DQ6: =DP6+DO6-DN6 -> -7200 | DS6: ='m7'!AO6+'m7'!AQ6+'m7'!AS6+'m7'!AU6+'m7'!AW6+'m7'!AY6+'m7'!BA6 -> 36 | DT6: =DS6*DF6 -> 5400 | DU6: ='m7'!AP6+'m7'!AR6+'m7'!AT6+'m7'!AV6+'m7'!AX6+'m7'!AZ6+'m7'!BB6 -> 0 | DW6: =DV6+DU6-DT6 -> -5400 | DY6: ='m7'!BC6+'m7'!BE6+'m7'!BG6+'m7'!BI6+'m7'!BK6+'m8'!C6+'m8'!E6 -> 42 | DZ6: =('m7'!BC6+'m7'!BE6+'m7'!BG6+'m7'!BI6+'m7'!BK6)*DF6+('m8'!C6+'m8'!E6)*ED6 -> 6300 | EA6: ='m7'!BD6+'m7'!BF6+'m7'!BH6+'m7'!BJ6+'m7'!BL6+'m8'!D6+'m8'!F6 -> 1000 | EC6: =EB6+EA6-DZ6 -> -5300 | ED6: =IFERROR(__xludf.DUMMYFUNCTION("""COMPUTED_VALUE"""),150.0) -> 150 | EE6: ='m8'!G6+'m8'!I6+'m8'!K6+'m8'!M6+'m8'!O6+'m8'!Q6+'m8'!S6 -> 46 | EF6: =EE6*ED6 -> 6900 | EG6: ='m8'!H6+'m8'!J6+'m8'!L6+'m8'!N6+'m8'!P6+'m8'!R6+'m8'!T6 -> 1000 | EI6: =EH6+EG6-EF6 -> -5900 | EK6: ='m8'!U6+'m8'!W6+'m8'!Y6+'m8'!AA6+'m8'!AC6+'m8'!AE6+'m8'!AG6 -> 49 | EL6: =EK6*ED6 -> 7350 | EM6: ='m8'!V6+'m8'!X6+'m8'!Z6+'m8'!AB6+'m8'!AD6+'m8'!AF6+'m8'!AH6 -> 0 | EO6: =EN6+EM6-EL6 -> -7350 | EQ6: ='m8'!AI6+'m8'!AK6+'m8'!AM6+'m8'!AO6+'m8'!AQ6+'m8'!AS6+'m8'!AU6 -> 26 | ER6: =EQ6*ED6 -> 3900 | ES6: ='m8'!AJ6+'m8'!AL6+'m8'!AN6+'m8'!AP6+'m8'!AR6+'m8'!AT6+'m8'!AV6 -> 0 | EU6: =ET6+ES6-ER6 -> -3900 | EW6: ='m8'!AW6+'m8'!AY6+'m8'!BA6+'m8'!BC6+'m8'!BE6+'m8'!BG6+'m8'!BI6 -> 0 | EX6: =EW6*ED6 -> 0 | EY6: ='m8'!AX6+'m8'!AZ6+'m8'!BB6+'m8'!BD6+'m8'!BF6+'m8'!BH6+'m8'!BJ6 -> 0 | FA6: =EZ6+EY6-EX6 -> 0 | FC6: ='m8'!BK6+'m9'!C6+'m9'!E6+'m9'!G6+'m9'!I6+'m9'!K6+'m9'!M6 -> 0 | FD6: ='m8'!BK6*ED6+'m9'!C6*FH6+'m9'!E6*FH6+'m9'!G6*FH6+'m9'!I6*FH6+'m9'!K6*FH6+'m9'!M6*FH6 -> 0 | FE6: ='m8'!BL6+'m9'!D6+'m9'!F6+'m9'!H6+'m9'!J6+'m9'!L6+'m9'!N6 -> 0 | FG6: =FF6+FE6-FD6 -> 0 | FH6: =IFERROR(__xludf.DUMMYFUNCTION("""COMPUTED_VALUE"""),150.0) -> 150 | FI6: ='m9'!O6+'m9'!Q6+'m9'!S6+'m9'!U6+'m9'!W6+'m9'!Y6+'m9'!AA6 -> 38 | FJ6: =FI6*FH6 -> 5700 | FK6: ='m9'!P6+'m9'!R6+'m9'!T6+'m9'!V6+'m9'!X6+'m9'!Z6+'m9'!AB6 -> 0 | FM6: =FL6+FK6-FJ6 -> -5700 | FO6: ='m9'!AC6+'m9'!AE6+'m9'!AG6+'m9'!AI6+'m9'!AK6+'m9'!AM6+'m9'!AO6 -> 40 | FP6: =FO6*FH6 -> 6000 | FQ6: ='m9'!AD6+'m9'!AF6+'m9'!AH6+'m9'!AJ6+'m9'!AL6+'m9'!AN6+'m9'!AP6 -> 0 | FS6: =FR6+FQ6-FP6 -> -6000 | FU6: ='m9'!AQ6+'m9'!AS6+'m9'!AU6+'m9'!AW6+'m9'!AY6+'m9'!BA6+'m9'!BC6 -> 32 | FV6: =FU6*FH6 -> 4800 | FW6: ='m9'!AR6+'m9'!AT6+'m9'!AV6+'m9'!AX6+'m9'!AZ6+'m9'!BB6+'m9'!BD6 -> 0 | FY6: =FX6+FW6-FV6 -> -4800 | GA6: ='m9'!BE6+'m9'!BG6+'m9'!BI6 -> 16 | GB6: =GA6*FH6 -> 2400 | GC6: ='m9'!BF6+'m9'!BH6+'m9'!BJ6+'m10'!D6+'m10'!F6+'m10'!H6+'m10'!J6 -> 2000 | GE6: =GD6+GC6-GB6 -> -400 | GF6: =IFERROR(__xludf.DUMMYFUNCTION("""COMPUTED_VALUE"""),1290.3225806451612) -> 1290.3226 | GG6: ='m10'!K6+'m10'!M6+'m10'!O6+'m10'!Q6+'m10'!S6+'m10'!U6+'m10'!W6 -> 53 | GI6: ='m10'!L6+'m10'!N6+'m10'!P6+'m10'!R6+'m10'!T6+'m10'!V6+'m10'!X6 -> 0 | GM6: ='m10'!Y6+'m10'!AA6+'m10'!AC6+'m10'!AE6+'m10'!AG6+'m10'!AI6+'m10'!AK6 -> 31 | GO6: ='m10'!Z6+'m10'!AB6+'m10'!AD6+'m10'!AF6+'m10'!AH6+'m10'!AJ6+'m10'!AL6 -> 0 | GS6: ='m10'!AM6+'m10'!AO6+'m10'!AQ6+'m10'!AS6+'m10'!AU6+'m10'!AW6+'m10'!AY6 -> 46 | GU6: ='m10'!AN6+'m10'!AP6+'m10'!AR6+'m10'!AT6+'m10'!AV6+'m10'!AX6+'m10'!AZ6 -> 0 | GY6: ='m10'!BA6+'m10'!BC6+'m10'!BE6+'m10'!BG6+'m10'!BI6+'m10'!BK6+'m11'!C6 -> 34 | HA6: ='m10'!BB6+'m10'!BD6+'m10'!BF6+'m10'!BH6+'m10'!BJ6+'m10'!BL6+'m11'!D6 -> 1500 | HD6: =IFERROR(__xludf.DUMMYFUNCTION("""COMPUTED_VALUE"""),1333.3333333333333) -> 1333.3333 | HE6: ='m11'!E6+'m11'!G6+'m11'!I6+'m11'!K6+'m11'!M6+'m11'!O6+'m11'!Q6 -> 50 | HG6: ='m11'!F6+'m11'!H6+'m11'!J6+'m11'!L6+'m11'!N6+'m11'!P6+'m11'!R6 -> 0 | HK6: ='m11'!S6+'m11'!U6+'m11'!W6+'m11'!Y6+'m11'!AA6+'m11'!AC6+'m11'!AE6 -> 55 | HM6: ='m11'!T6+'m11'!V6+'m11'!X6+'m11'!Z6+'m11'!AB6+'m11'!AD6+'m11'!AF6 -> 0 | HQ6: ='m11'!AG6+'m11'!AI6+'m11'!AK6+'m11'!AM6+'m11'!AO6+'m11'!AQ6+'m11'!AS6 -> 36 | HS6: ='m11'!AH6+'m11'!AJ6+'m11'!AL6+'m11'!AN6+'m11'!AP6+'m11'!AR6+'m11'!AT6 -> 0 | HW6: ='m11'!AU6+'m11'!AW6+'m11'!AY6+'m11'!BA6+'m11'!BC6+'m11'!BE6+'m11'!BG6 -> 56 | HY6: ='m11'!AV6+'m11'!AX6+'m11'!AZ6+'m11'!BB6+'m11'!BD6+'m11'!BF6+'m11'!BH6 -> 0 | IB6: =IFERROR(__xludf.DUMMYFUNCTION("""COMPUTED_VALUE"""),1290.3225806451612) -> 1290.3226 | IC6: ='m11'!BI6+'m12'!C6+'m12'!E6+'m12'!G6+'m12'!I6+'m12'!K6+'m12'!M6 -> 48 | IE6: ='m11'!BJ6+'m12'!D6+'m12'!F6+'m12'!H6+'m12'!J6+'m12'!L6+'m12'!N6 -> 0 | II6: ='m12'!O6+'m12'!Q6+'m12'!S6+'m12'!U6+'m12'!W6+'m12'!Y6+'m12'!AA6 -> 0 | IK6: ='m12'!P6+'m12'!R6+'m12'!T6+'m12'!V6+'m12'!X6+'m12'!Z6+'m12'!AB6 -> 0 | IO6: ='m12'!AC6+'m12'!AE6+'m12'!AG6+'m12'!AI6+'m12'!AK6+'m12'!AM6+'m12'!AO6 -> 42 | IQ6: ='m12'!AD6+'m12'!AF6+'m12'!AH6+'m12'!AJ6+'m12'!AL6+'m12'!AN6+'m12'!AP6 -> 0 | IU6: ='m12'!AQ6+'m12'!AS6+'m12'!AU6+'m12'!AW6+'m12'!AY6+'m12'!BA6+'m12'!BC6 -> 38 | IW6: ='m12'!AR6+'m12'!AT6+'m12'!AV6+'m12'!AX6+'m12'!AZ6+'m12'!BB6+'m12'!BD6 -> 0 | JA6: ='m12'!BE6+'m12'!BG6+'m12'!BI6+'m12'!BK6 -> 20 | JC6: ='m12'!BF6+'m12'!BH6+'m12'!BJ6+'m12'!BL6 -> 0
A7: =IFERROR(__xludf.DUMMYFUNCTION("""COMPUTED_VALUE"""),"Petr Wolf") -> Petr Wolf | B7: =IFERROR(__xludf.DUMMYFUNCTION("""COMPUTED_VALUE"""),150.0) -> 150 | C7: ='m3'!E7+'m3'!G7+'m3'!I7+'m3'!K7+'m3'!M7+'m3'!O7+'m3'!Q7 -> 41 | D7: ='m3'!A7*C7 -> 6150 | E7: ='m3'!F7+'m3'!H7+'m3'!J7+'m3'!L7+'m3'!N7+'m3'!P7+'m3'!R7 -> 6150 | G7: =E7+F7-D7 -> 0 | I7: ='m3'!S7+'m3'!U7+'m3'!W7+'m3'!Y7+'m3'!AA7+'m3'!AC7+'m3'!AE7 -> 0 | J7: ='m3'!A7*I7 -> 0 | K7: ='m3'!T7+'m3'!V7+'m3'!X7+'m3'!Z7+'m3'!AB7+'m3'!AD7+'m3'!AF7 -> 0 | M7: =K7+L7-J7 -> 0 | O7: ='m3'!AG7+'m3'!AI7+'m3'!AK7+'m3'!AM7+'m3'!AO7+'m3'!AQ7+'m3'!AS7 -> 0 | P7: ='m3'!A7*O7 -> 0 | Q7: ='m3'!AH7+'m3'!AJ7+'m3'!AL7+'m3'!AN7+'m3'!AP7+'m3'!AR7+'m3'!AT7 -> 0 | S7: =Q7+R7-P7 -> 0 | U7: ='m3'!AU7+'m3'!AW7+'m3'!AY7+'m3'!BA7+'m3'!BC7+'m3'!BE7+'m3'!BG7 -> 51.5 | V7: ='m3'!A7*U7 -> 7725 | W7: ='m3'!DG7+'m3'!DI7+'m3'!DK7+'m3'!DM7+'m3'!DO7+'m3'!DQ7+'m3'!DS7 -> 0 | X7: 7725 | Y7: =W7+X7-V7 -> 0 | AA7: ='m3'!BI7+'m3'!BK7+'m4'!C7+'m4'!E7+'m4'!G7+'m4'!I7+'m4'!K7 -> 51.5 | AB7: =('m3'!BI7+'m3'!BK7)*'m3'!A7+('m4'!C7+'m4'!E7+'m4'!G7+'m4'!I7+'m4'!K7)*'m4'!A7 -> 7725 | AC7: ='m3'!BJ7+'m3'!BL7+'m4'!D7+'m4'!F7+'m4'!H7+'m4'!J7+'m4'!L7 -> 0 | AD7: 7725 | AE7: =AC7+AD7-AB7 -> 0 | AF7: =IFERROR(__xludf.DUMMYFUNCTION("""COMPUTED_VALUE"""),150.0) -> 150 | AG7: ='m4'!M7+'m4'!O7+'m4'!Q7+'m4'!S7+'m4'!U7+'m4'!W7+'m4'!Y7 -> 44.5 | AH7: ='m4'!A7*AG7 -> 6675 | AI7: ='m4'!N7+'m4'!P7+'m4'!R7+'m4'!T7+'m4'!V7+'m4'!X7+'m4'!Z7 -> 0 | AJ7: 6675 | AK7: =AI7+AJ7-AH7 -> 0 | AM7: ='m4'!AA7+'m4'!AC7+'m4'!AE7+'m4'!AG7+'m4'!AI7+'m4'!AK7+'m4'!AM7 -> 45.5 | AN7: ='m4'!A7*AM7 -> 6825 | AO7: ='m4'!AB7+'m4'!AD7+'m4'!AF7+'m4'!AH7+'m4'!AJ7+'m4'!AL7+'m4'!AN7 -> 0 | AP7: 6825 | AQ7: =AO7+AP7-AN7 -> 0 | AS7: ='m4'!AO7+'m4'!AQ7+'m4'!AS7+'m4'!AU7+'m4'!AW7+'m4'!AY7+'m4'!BA7 -> 36 | AT7: ='m4'!A7*AS7 -> 5400 | AU7: ='m4'!AP7+'m4'!AR7+'m4'!AT7+'m4'!AV7+'m4'!AX7+'m4'!AZ7+'m4'!BB7 -> 0 | AV7: 5400 | AW7: =AV7+AU7-AT7 -> 0 | AY7: ='m4'!BC7+'m4'!BE7+'m4'!BG7+'m4'!BI7+'m5'!C7+'m5'!E7+'m5'!G7 -> 42.5 | AZ7: =('m4'!BC7+'m4'!BE7+'m4'!BG7+'m4'!BI7)*'m4'!A7+('m5'!C7+'m5'!E7+'m5'!G7)*'m5'!A7 -> 6375 | BA7: ='m4'!BD7+'m4'!BF7+'m4'!BH7+'m4'!BJ7+'m5'!D7+'m5'!F7+'m5'!H7 -> 0 | BB7: 6375 | BC7: =BB7+BA7-AZ7 -> 0 | BD7: =IFERROR(__xludf.DUMMYFUNCTION("""COMPUTED_VALUE"""),150.0) -> 150 | BE7: ='m5'!I7+'m5'!K7+'m5'!M7+'m5'!O7+'m5'!Q7+'m5'!S7+'m5'!U7 -> 39 | BF7: ='m5'!A7*BE7 -> 5850 | BG7: ='m5'!J7+'m5'!L7+'m5'!N7+'m5'!P7+'m5'!R7+'m5'!T7+'m5'!V7 -> 0 | BH7: 5850 | BI7: =BH7+BG7-BF7 -> 0 | BK7: ='m5'!W7+'m5'!Y7+'m5'!AA7+'m5'!AC7+'m5'!AE7+'m5'!AG7+'m5'!AI7 -> 42.5 | BL7: ='m5'!A7*BK7 -> 6375 | BM7: ='m5'!X7+'m5'!Z7+'m5'!AB7+'m5'!AD7+'m5'!AF7+'m5'!AH7+'m5'!AJ7 -> 0 | BO7: =BN7+BM7-BL7 -> -6375 | BQ7: ='m5'!AK7+'m5'!AM7+'m5'!AO7+'m5'!AQ7+'m5'!AS7+'m5'!AU7+'m5'!AW7 -> 34 | BR7: ='m5'!A7*BQ7 -> 5100 | BS7: ='m5'!AL7+'m5'!AN7+'m5'!AP7+'m5'!AR7+'m5'!AT7+'m5'!AV7+'m5'!AX7 -> 0 | BU7: =BT7+BS7-BR7 -> -5100 | BW7: ='m5'!AY7+'m5'!BA7+'m5'!BC7+'m5'!BE7+'m5'!BG7+'m5'!BI7+'m5'!BK7 -> 40.5 | BX7: ='m5'!A7*BW7 -> 6075 | BY7: ='m5'!AZ7+'m5'!BB7+'m5'!BD7+'m5'!BF7+'m5'!BH7+'m5'!BJ7+'m5'!BL7 -> 0 | CA7: =BZ7+BY7-BX7 -> -6075 | CB7: =IFERROR(__xludf.DUMMYFUNCTION("""COMPUTED_VALUE"""),150.0) -> 150 | CC7: ='m6'!C7+'m6'!E7+'m6'!G7+'m6'!I7+'m6'!K7+'m6'!M7+'m6'!O7 -> 57 | CD7: =CC7*CB7 -> 8550 | CE7: ='m6'!D7+'m6'!F7+'m6'!H7+'m6'!J7+'m6'!L7+'m6'!N7+'m6'!P7 -> 0 | CG7: =CF7+CE7-CD7 -> -8550 | CI7: ='m6'!Q7+'m6'!S7+'m6'!U7+'m6'!W7+'m6'!Y7+'m6'!AA7+'m6'!AC7 -> 49 | CJ7: =CI7*CB7 -> 7350 | CK7: ='m6'!R7+'m6'!T7+'m6'!V7+'m6'!X7+'m6'!Z7+'m6'!AB7+'m6'!AD7 -> 0 | CM7: =CL7+CK7-CJ7 -> -7350 | CO7: ='m6'!AE7+'m6'!AG7+'m6'!AI7+'m6'!AK7+'m6'!AM7+'m6'!AO7+'m6'!AQ7 -> 59.5 | CP7: =CO7*CB7 -> 8925 | CQ7: ='m6'!AF7+'m6'!AH7+'m6'!AJ7+'m6'!AL7+'m6'!AN7+'m6'!AP7+'m6'!AR7 -> 0 | CS7: =CR7+CQ7-CP7 -> -8925 | CU7: ='m6'!AS7+'m6'!AU7+'m6'!AW7+'m6'!AY7+'m6'!BA7+'m6'!BC7+'m6'!BE7 -> 57 | CV7: =CU7*CB7 -> 8550 | CW7: ='m6'!AT7+'m6'!AV7+'m6'!AX7+'m6'!AZ7+'m6'!BB7+'m6'!BD7+'m6'!BF7 -> 600 | CY7: =CX7+CW7-CV7 -> -7950 | DA7: ='m6'!BG7+'m6'!BI7+'m7'!C7+'m7'!E7+'m7'!G7+'m7'!I7+'m7'!K7 -> 62.5 | DB7: =('m6'!BG7+'m6'!BI7)*'m6'!A7+('m7'!C7+'m7'!E7+'m7'!G7+'m7'!I7+'m7'!K7)*'m7'!A7 -> 9375 | DC7: ='m6'!BH7+'m6'!BJ7+'m7'!D7+'m7'!F7+'m7'!H7+'m7'!J7+'m7'!L7 -> 585 | DE7: =DD7+DC7-DB7 -> -8790 | DF7: =IFERROR(__xludf.DUMMYFUNCTION("""COMPUTED_VALUE"""),150.0) -> 150 | DG7: ='m7'!M7+'m7'!O7+'m7'!Q7+'m7'!S7+'m7'!U7+'m7'!W7+'m7'!Y7 -> 48.5 | DH7: =DG7*DF7 -> 7275 | DI7: ='m7'!N7+'m7'!P7+'m7'!R7+'m7'!T7+'m7'!V7+'m7'!X7+'m7'!Z7 -> 0 | DK7: =DJ7+DI7-DH7 -> -7275 | DM7: ='m7'!AA7+'m7'!AC7+'m7'!AE7+'m7'!AG7+'m7'!AI7+'m7'!AK7+'m7'!AM7 -> 62.5 | DN7: =DM7*DF7 -> 9375 | DO7: ='m7'!AB7+'m7'!AD7+'m7'!AF7+'m7'!AH7+'m7'!AJ7+'m7'!AL7+'m7'!AN7 -> 0 | DQ7: =DP7+DO7-DN7 -> -9375 | DS7: ='m7'!AO7+'m7'!AQ7+'m7'!AS7+'m7'!AU7+'m7'!AW7+'m7'!AY7+'m7'!BA7 -> 49 | DT7: =DS7*DF7 -> 7350 | DU7: ='m7'!AP7+'m7'!AR7+'m7'!AT7+'m7'!AV7+'m7'!AX7+'m7'!AZ7+'m7'!BB7 -> 0 | DW7: =DV7+DU7-DT7 -> -7350 | DY7: ='m7'!BC7+'m7'!BE7+'m7'!BG7+'m7'!BI7+'m7'!BK7+'m8'!C7+'m8'!E7 -> 49 | DZ7: =('m7'!BC7+'m7'!BE7+'m7'!BG7+'m7'!BI7+'m7'!BK7)*DF7+('m8'!C7+'m8'!E7)*ED7 -> 7350 | EA7: ='m7'!BD7+'m7'!BF7+'m7'!BH7+'m7'!BJ7+'m7'!BL7+'m8'!D7+'m8'!F7 -> 0 | EC7: =EB7+EA7-DZ7 -> -7350 | ED7: =IFERROR(__xludf.DUMMYFUNCTION("""COMPUTED_VALUE"""),150.0) -> 150 | EE7: ='m8'!G7+'m8'!I7+'m8'!K7+'m8'!M7+'m8'!O7+'m8'!Q7+'m8'!S7 -> 0 | EF7: =EE7*ED7 -> 0 | EG7: ='m8'!H7+'m8'!J7+'m8'!L7+'m8'!N7+'m8'!P7+'m8'!R7+'m8'!T7 -> 0 | EI7: =EH7+EG7-EF7 -> 0 | EK7: ='m8'!U7+'m8'!W7+'m8'!Y7+'m8'!AA7+'m8'!AC7+'m8'!AE7+'m8'!AG7 -> 66.5 | EL7: =EK7*ED7 -> 9975 | EM7: ='m8'!V7+'m8'!X7+'m8'!Z7+'m8'!AB7+'m8'!AD7+'m8'!AF7+'m8'!AH7 -> 0 | EO7: =EN7+EM7-EL7 -> -9975 | EQ7: ='m8'!AI7+'m8'!AK7+'m8'!AM7+'m8'!AO7+'m8'!AQ7+'m8'!AS7+'m8'!AU7 -> 35 | ER7: =EQ7*ED7 -> 5250 | ES7: ='m8'!AJ7+'m8'!AL7+'m8'!AN7+'m8'!AP7+'m8'!AR7+'m8'!AT7+'m8'!AV7 -> 500 | EU7: =ET7+ES7-ER7 -> -4750 | EW7: ='m8'!AW7+'m8'!AY7+'m8'!BA7+'m8'!BC7+'m8'!BE7+'m8'!BG7+'m8'!BI7 -> 62.5 | EX7: =EW7*ED7 -> 9375 | EY7: ='m8'!AX7+'m8'!AZ7+'m8'!BB7+'m8'!BD7+'m8'!BF7+'m8'!BH7+'m8'!BJ7 -> 0 | FA7: =EZ7+EY7-EX7 -> -9375 | FC7: ='m8'!BK7+'m9'!C7+'m9'!E7+'m9'!G7+'m9'!I7+'m9'!K7+'m9'!M7 -> 37 | FD7: ='m8'!BK7*ED7+'m9'!C7*FH7+'m9'!E7*FH7+'m9'!G7*FH7+'m9'!I7*FH7+'m9'!K7*FH7+'m9'!M7*FH7 -> 5550 | FE7: ='m8'!BL7+'m9'!D7+'m9'!F7+'m9'!H7+'m9'!J7+'m9'!L7+'m9'!N7 -> 0 | FG7: =FF7+FE7-FD7 -> -5550 | FH7: =IFERROR(__xludf.DUMMYFUNCTION("""COMPUTED_VALUE"""),150.0) -> 150 | FI7: ='m9'!O7+'m9'!Q7+'m9'!S7+'m9'!U7+'m9'!W7+'m9'!Y7+'m9'!AA7 -> 63 | FJ7: =FI7*FH7 -> 9450 | FK7: ='m9'!P7+'m9'!R7+'m9'!T7+'m9'!V7+'m9'!X7+'m9'!Z7+'m9'!AB7 -> 0 | FM7: =FL7+FK7-FJ7 -> -9450 | FO7: ='m9'!AC7+'m9'!AE7+'m9'!AG7+'m9'!AI7+'m9'!AK7+'m9'!AM7+'m9'!AO7 -> 67 | FP7: =FO7*FH7 -> 10050 | FQ7: ='m9'!AD7+'m9'!AF7+'m9'!AH7+'m9'!AJ7+'m9'!AL7+'m9'!AN7+'m9'!AP7 -> 0 | FS7: =FR7+FQ7-FP7 -> -10050 | FU7: ='m9'!AQ7+'m9'!AS7+'m9'!AU7+'m9'!AW7+'m9'!AY7+'m9'!BA7+'m9'!BC7 -> 53.5 | FV7: =FU7*FH7 -> 8025 | FW7: ='m9'!AR7+'m9'!AT7+'m9'!AV7+'m9'!AX7+'m9'!AZ7+'m9'!BB7+'m9'!BD7 -> 0 | FY7: =FX7+FW7-FV7 -> -8025 | GA7: ='m9'!BE7+'m9'!BG7+'m9'!BI7+'m10'!C7+'m10'!E7+'m10'!G7+'m10'!I7 -> 70.5 | GB7: =GA7*FH7 -> 10575 | GC7: ='m9'!BF7+'m9'!BH7+'m9'!BJ7+'m10'!D7+'m10'!F7+'m10'!H7+'m10'!J7 -> 0 | GE7: =GD7+GC7-GB7 -> -10575 | GF7: =IFERROR(__xludf.DUMMYFUNCTION("""COMPUTED_VALUE"""),150.0) -> 150 | GG7: ='m10'!K7+'m10'!M7+'m10'!O7+'m10'!Q7+'m10'!S7+'m10'!U7+'m10'!W7 -> 60 | GH7: =GG7*GF7 -> 9000 | GI7: ='m10'!L7+'m10'!N7+'m10'!P7+'m10'!R7+'m10'!T7+'m10'!V7+'m10'!X7 -> 0 | GK7: =GJ7+GI7-GH7 -> -9000 | GM7: ='m10'!Y7+'m10'!AA7+'m10'!AC7+'m10'!AE7+'m10'!AG7+'m10'!AI7+'m10'!AK7 -> 44.5 | GN7: =GM7*GF7 -> 6675 | GO7: ='m10'!Z7+'m10'!AB7+'m10'!AD7+'m10'!AF7+'m10'!AH7+'m10'!AJ7+'m10'!AL7 -> 0 | GQ7: =GP7+GO7-GN7 -> -6675 | GS7: ='m10'!AM7+'m10'!AO7+'m10'!AQ7+'m10'!AS7+'m10'!AU7+'m10'!AW7+'m10'!AY7 -> 41 | GT7: =GS7*GF7 -> 6150 | GU7: ='m10'!AN7+'m10'!AP7+'m10'!AR7+'m10'!AT7+'m10'!AV7+'m10'!AX7+'m10'!AZ7 -> 0 | GW7: =GV7+GU7-GT7 -> -6150 | GY7: ='m10'!BA7+'m10'!BC7+'m10'!BE7+'m10'!BG7+'m10'!BI7+'m10'!BK7+'m11'!C7 -> 30 | GZ7: =GY7*GF7 -> 4500 | HA7: ='m10'!BB7+'m10'!BD7+'m10'!BF7+'m10'!BH7+'m10'!BJ7+'m10'!BL7+'m11'!D7 -> 0 | HC7: =HB7+HA7-GZ7 -> -4500 | HD7: =IFERROR(__xludf.DUMMYFUNCTION("""COMPUTED_VALUE"""),150.0) -> 150 | HE7: ='m11'!E7+'m11'!G7+'m11'!I7+'m11'!K7+'m11'!M7+'m11'!O7+'m11'!Q7 -> 47 | HF7: =HE7*HD7 -> 7050 | HG7: ='m11'!F7+'m11'!H7+'m11'!J7+'m11'!L7+'m11'!N7+'m11'!P7+'m11'!R7 -> 0 | HI7: =HH7+HG7-HF7 -> -7050 | HK7: ='m11'!S7+'m11'!U7+'m11'!W7+'m11'!Y7+'m11'!AA7+'m11'!AC7+'m11'!AE7 -> 48 | HL7: =HK7*HD7 -> 7200 | HM7: ='m11'!T7+'m11'!V7+'m11'!X7+'m11'!Z7+'m11'!AB7+'m11'!AD7+'m11'!AF7 -> 400 | HO7: =HN7+HM7-HL7 -> -6800 | HQ7: ='m11'!AG7+'m11'!AI7+'m11'!AK7+'m11'!AM7+'m11'!AO7+'m11'!AQ7+'m11'!AS7 -> 60 | HR7: =HQ7*HD7 -> 9000 | HS7: ='m11'!AH7+'m11'!AJ7+'m11'!AL7+'m11'!AN7+'m11'!AP7+'m11'!AR7+'m11'!AT7 -> 0 | HU7: =HT7+HS7-HR7 -> -9000 | HW7: ='m11'!AU7+'m11'!AW7+'m11'!AY7+'m11'!BA7+'m11'!BC7+'m11'!BE7+'m11'!BG7 -> 47 | HX7: =HW7*HD7 -> 7050 | HY7: ='m11'!AV7+'m11'!AX7+'m11'!AZ7+'m11'!BB7+'m11'!BD7+'m11'!BF7+'m11'!BH7 -> 0 | IA7: =HZ7+HY7-HX7 -> -7050 | IB7: =IFERROR(__xludf.DUMMYFUNCTION("""COMPUTED_VALUE"""),150.0) -> 150 | IC7: ='m11'!BI7+'m12'!C7+'m12'!E7+'m12'!G7+'m12'!I7+'m12'!K7+'m12'!M7 -> 60 | ID7: =IC7*IB7 -> 9000 | IE7: ='m11'!BJ7+'m12'!D7+'m12'!F7+'m12'!H7+'m12'!J7+'m12'!L7+'m12'!N7 -> 0 | IG7: =IF7+IE7-ID7 -> -9000 | II7: ='m12'!O7+'m12'!Q7+'m12'!S7+'m12'!U7+'m12'!W7+'m12'!Y7+'m12'!AA7 -> 47 | IJ7: =II7*IB7 -> 7050 | IK7: ='m12'!P7+'m12'!R7+'m12'!T7+'m12'!V7+'m12'!X7+'m12'!Z7+'m12'!AB7 -> 0 | IM7: =IL7+IK7-IJ7 -> -7050 | IO7: ='m12'!AC7+'m12'!AE7+'m12'!AG7+'m12'!AI7+'m12'!AK7+'m12'!AM7+'m12'!AO7 -> 60 | IP7: =IO7*IB7 -> 9000 | IQ7: ='m12'!AD7+'m12'!AF7+'m12'!AH7+'m12'!AJ7+'m12'!AL7+'m12'!AN7+'m12'!AP7 -> 0 | IS7: =IR7+IQ7-IP7 -> -9000 | IU7: ='m12'!AQ7+'m12'!AS7+'m12'!AU7+'m12'!AW7+'m12'!AY7+'m12'!BA7+'m12'!BC7 -> 0 | IV7: =IU7*IB7 -> 0 | IW7: ='m12'!AR7+'m12'!AT7+'m12'!AV7+'m12'!AX7+'m12'!AZ7+'m12'!BB7+'m12'!BD7 -> 0 | IY7: =IX7+IW7-IV7 -> 0 | JA7: ='m12'!BE7+'m12'!BG7+'m12'!BI7+'m12'!BK7 -> 30 | JB7: =JA7*IB7 -> 4500 | JC7: ='m12'!BF7+'m12'!BH7+'m12'!BJ7+'m12'!BL7 -> 0 | JE7: =JD7+JC7-JB7 -> -4500
A8: =IFERROR(__xludf.DUMMYFUNCTION("""COMPUTED_VALUE"""),"David Kropáč") -> David Kropáč | B8: =IFERROR(__xludf.DUMMYFUNCTION("""COMPUTED_VALUE"""),150.0) -> 150 | C8: ='m3'!E8+'m3'!G8+'m3'!I8+'m3'!K8+'m3'!M8+'m3'!O8+'m3'!Q8 -> 52.5 | D8: ='m3'!A8*C8 -> 7875 | E8: ='m3'!F8+'m3'!H8+'m3'!J8+'m3'!L8+'m3'!N8+'m3'!P8+'m3'!R8 -> 7875 | G8: =E8+F8-D8 -> 0 | I8: ='m3'!S8+'m3'!U8+'m3'!W8+'m3'!Y8+'m3'!AA8+'m3'!AC8+'m3'!AE8 -> 39 | J8: ='m3'!A8*I8 -> 5850 | K8: ='m3'!T8+'m3'!V8+'m3'!X8+'m3'!Z8+'m3'!AB8+'m3'!AD8+'m3'!AF8 -> 5850 | M8: =K8+L8-J8 -> 0 | O8: ='m3'!AG8+'m3'!AI8+'m3'!AK8+'m3'!AM8+'m3'!AO8+'m3'!AQ8+'m3'!AS8 -> 51 | P8: ='m3'!A8*O8 -> 7650 | Q8: ='m3'!AH8+'m3'!AJ8+'m3'!AL8+'m3'!AN8+'m3'!AP8+'m3'!AR8+'m3'!AT8 -> 1200 | R8: 6450 | S8: =Q8+R8-P8 -> 0 | U8: ='m3'!AU8+'m3'!AW8+'m3'!AY8+'m3'!BA8+'m3'!BC8+'m3'!BE8+'m3'!BG8 -> 42 | V8: ='m3'!A8*U8 -> 6300 | W8: ='m3'!DG8+'m3'!DI8+'m3'!DK8+'m3'!DM8+'m3'!DO8+'m3'!DQ8+'m3'!DS8 -> 0 | X8: 6300 | Y8: =W8+X8-V8 -> 0 | AA8: ='m3'!BI8+'m3'!BK8+'m4'!C8+'m4'!E8+'m4'!G8+'m4'!I8+'m4'!K8 -> 51 | AB8: =('m3'!BI8+'m3'!BK8)*'m3'!A8+('m4'!C8+'m4'!E8+'m4'!G8+'m4'!I8+'m4'!K8)*'m4'!A8 -> 7650 | AC8: ='m3'!BJ8+'m3'!BL8+'m4'!D8+'m4'!F8+'m4'!H8+'m4'!J8+'m4'!L8 -> 0 | AD8: 7650 | AE8: =AC8+AD8-AB8 -> 0 | AF8: =IFERROR(__xludf.DUMMYFUNCTION("""COMPUTED_VALUE"""),150.0) -> 150 | AG8: ='m4'!M8+'m4'!O8+'m4'!Q8+'m4'!S8+'m4'!U8+'m4'!W8+'m4'!Y8 -> 45 | AH8: ='m4'!A8*AG8 -> 6750 | AI8: ='m4'!N8+'m4'!P8+'m4'!R8+'m4'!T8+'m4'!V8+'m4'!X8+'m4'!Z8 -> 0 | AJ8: 6750 | AK8: =AI8+AJ8-AH8 -> 0 | AM8: ='m4'!AA8+'m4'!AC8+'m4'!AE8+'m4'!AG8+'m4'!AI8+'m4'!AK8+'m4'!AM8 -> 41 | AN8: ='m4'!A8*AM8 -> 6150 | AO8: ='m4'!AB8+'m4'!AD8+'m4'!AF8+'m4'!AH8+'m4'!AJ8+'m4'!AL8+'m4'!AN8 -> 0 | AP8: 6150 | AQ8: =AO8+AP8-AN8 -> 0 | AS8: ='m4'!AO8+'m4'!AQ8+'m4'!AS8+'m4'!AU8+'m4'!AW8+'m4'!AY8+'m4'!BA8 -> 58.5 | AT8: ='m4'!A8*AS8 -> 8775 | AU8: ='m4'!AP8+'m4'!AR8+'m4'!AT8+'m4'!AV8+'m4'!AX8+'m4'!AZ8+'m4'!BB8 -> 0 | AV8: 8775 | AW8: =AV8+AU8-AT8 -> 0 | AY8: ='m4'!BC8+'m4'!BE8+'m4'!BG8+'m4'!BI8+'m5'!C8+'m5'!E8+'m5'!G8 -> 41.5 | AZ8: =('m4'!BC8+'m4'!BE8+'m4'!BG8+'m4'!BI8)*'m4'!A8+('m5'!C8+'m5'!E8+'m5'!G8)*'m5'!A8 -> 6225 | BA8: ='m4'!BD8+'m4'!BF8+'m4'!BH8+'m4'!BJ8+'m5'!D8+'m5'!F8+'m5'!H8 -> 0 | BB8: 6225 | BC8: =BB8+BA8-AZ8 -> 0 | BD8: =IFERROR(__xludf.DUMMYFUNCTION("""COMPUTED_VALUE"""),150.0) -> 150 | BE8: ='m5'!I8+'m5'!K8+'m5'!M8+'m5'!O8+'m5'!Q8+'m5'!S8+'m5'!U8 -> 32 | BF8: ='m5'!A8*BE8 -> 4800 | BG8: ='m5'!J8+'m5'!L8+'m5'!N8+'m5'!P8+'m5'!R8+'m5'!T8+'m5'!V8 -> 0 | BH8: 4800 | BI8: =BH8+BG8-BF8 -> 0 | BK8: ='m5'!W8+'m5'!Y8+'m5'!AA8+'m5'!AC8+'m5'!AE8+'m5'!AG8+'m5'!AI8 -> 48 | BL8: ='m5'!A8*BK8 -> 7200 | BM8: ='m5'!X8+'m5'!Z8+'m5'!AB8+'m5'!AD8+'m5'!AF8+'m5'!AH8+'m5'!AJ8 -> 0 | BO8: =BN8+BM8-BL8 -> -7200 | BQ8: ='m5'!AK8+'m5'!AM8+'m5'!AO8+'m5'!AQ8+'m5'!AS8+'m5'!AU8+'m5'!AW8 -> 43.5 | BR8: ='m5'!A8*BQ8 -> 6525 | BS8: ='m5'!AL8+'m5'!AN8+'m5'!AP8+'m5'!AR8+'m5'!AT8+'m5'!AV8+'m5'!AX8 -> 0 | BU8: =BT8+BS8-BR8 -> -6525 | BW8: ='m5'!AY8+'m5'!BA8+'m5'!BC8+'m5'!BE8+'m5'!BG8+'m5'!BI8+'m5'!BK8 -> 45 | BX8: ='m5'!A8*BW8 -> 6750 | BY8: ='m5'!AZ8+'m5'!BB8+'m5'!BD8+'m5'!BF8+'m5'!BH8+'m5'!BJ8+'m5'!BL8 -> 1000 | CA8: =BZ8+BY8-BX8 -> -5750 | CB8: =IFERROR(__xludf.DUMMYFUNCTION("""COMPUTED_VALUE"""),150.0) -> 150 | CC8: ='m6'!C8+'m6'!E8+'m6'!G8+'m6'!I8+'m6'!K8+'m6'!M8+'m6'!O8 -> 51 | CD8: =CC8*CB8 -> 7650 | CE8: ='m6'!D8+'m6'!F8+'m6'!H8+'m6'!J8+'m6'!L8+'m6'!N8+'m6'!P8 -> 0 | CG8: =CF8+CE8-CD8 -> -7650 | CI8: ='m6'!Q8+'m6'!S8+'m6'!U8+'m6'!W8+'m6'!Y8+'m6'!AA8+'m6'!AC8 -> 43 | CJ8: =CI8*CB8 -> 6450 | CK8: ='m6'!R8+'m6'!T8+'m6'!V8+'m6'!X8+'m6'!Z8+'m6'!AB8+'m6'!AD8 -> 600 | CM8: =CL8+CK8-CJ8 -> -5850 | CO8: ='m6'!AE8+'m6'!AG8+'m6'!AI8+'m6'!AK8+'m6'!AM8+'m6'!AO8+'m6'!AQ8 -> 52 | CP8: =CO8*CB8 -> 7800 | CQ8: ='m6'!AF8+'m6'!AH8+'m6'!AJ8+'m6'!AL8+'m6'!AN8+'m6'!AP8+'m6'!AR8 -> 500 | CS8: =CR8+CQ8-CP8 -> -7300 | CU8: ='m6'!AS8+'m6'!AU8+'m6'!AW8+'m6'!AY8+'m6'!BA8+'m6'!BC8+'m6'!BE8 -> 50 | CV8: =CU8*CB8 -> 7500 | CW8: ='m6'!AT8+'m6'!AV8+'m6'!AX8+'m6'!AZ8+'m6'!BB8+'m6'!BD8+'m6'!BF8 -> 1000 | CY8: =CX8+CW8-CV8 -> -6500 | DA8: ='m6'!BG8+'m6'!BI8+'m7'!C8+'m7'!E8+'m7'!G8+'m7'!I8+'m7'!K8 -> 53 | DB8: =('m6'!BG8+'m6'!BI8)*'m6'!A8+('m7'!C8+'m7'!E8+'m7'!G8+'m7'!I8+'m7'!K8)*'m7'!A8 -> 7950 | DC8: ='m6'!BH8+'m6'!BJ8+'m7'!D8+'m7'!F8+'m7'!H8+'m7'!J8+'m7'!L8 -> 1000 | DE8: =DD8+DC8-DB8 -> -6950 | DF8: =IFERROR(__xludf.DUMMYFUNCTION("""COMPUTED_VALUE"""),150.0) -> 150 | DG8: ='m7'!M8+'m7'!O8+'m7'!Q8+'m7'!S8+'m7'!U8+'m7'!W8+'m7'!Y8 -> 79 | DH8: =DG8*DF8 -> 11850 | DI8: ='m7'!N8+'m7'!P8+'m7'!R8+'m7'!T8+'m7'!V8+'m7'!X8+'m7'!Z8 -> 19800 | DK8: =DJ8+DI8-DH8 -> 7950 | DM8: ='m7'!AA8+'m7'!AC8+'m7'!AE8+'m7'!AG8+'m7'!AI8+'m7'!AK8+'m7'!AM8 -> 62 | DN8: =DM8*DF8 -> 9300 | DO8: ='m7'!AB8+'m7'!AD8+'m7'!AF8+'m7'!AH8+'m7'!AJ8+'m7'!AL8+'m7'!AN8 -> 0 | DQ8: =DP8+DO8-DN8 -> -9300 | DS8: ='m7'!AO8+'m7'!AQ8+'m7'!AS8+'m7'!AU8+'m7'!AW8+'m7'!AY8+'m7'!BA8 -> 77 | DT8: =DS8*DF8 -> 11550 | DU8: ='m7'!AP8+'m7'!AR8+'m7'!AT8+'m7'!AV8+'m7'!AX8+'m7'!AZ8+'m7'!BB8 -> 20000 | DW8: =DV8+DU8-DT8 -> 8450 | DY8: ='m7'!BC8+'m7'!BE8+'m7'!BG8+'m7'!BI8+'m7'!BK8+'m8'!C8+'m8'!E8 -> 68 | DZ8: =('m7'!BC8+'m7'!BE8+'m7'!BG8+'m7'!BI8+'m7'!BK8)*DF8+('m8'!C8+'m8'!E8)*ED8 -> 10200 | EA8: ='m7'!BD8+'m7'!BF8+'m7'!BH8+'m7'!BJ8+'m7'!BL8+'m8'!D8+'m8'!F8 -> 0 | EC8: =EB8+EA8-DZ8 -> -10200 | ED8: =IFERROR(__xludf.DUMMYFUNCTION("""COMPUTED_VALUE"""),150.0) -> 150 | EE8: ='m8'!G8+'m8'!I8+'m8'!K8+'m8'!M8+'m8'!O8+'m8'!Q8+'m8'!S8 -> 67 | EF8: =EE8*ED8 -> 10050 | EG8: ='m8'!H8+'m8'!J8+'m8'!L8+'m8'!N8+'m8'!P8+'m8'!R8+'m8'!T8 -> 4000 | EI8: =EH8+EG8-EF8 -> -6050 | EK8: ='m8'!U8+'m8'!W8+'m8'!Y8+'m8'!AA8+'m8'!AC8+'m8'!AE8+'m8'!AG8 -> 54 | EL8: =EK8*ED8 -> 8100 | EM8: ='m8'!V8+'m8'!X8+'m8'!Z8+'m8'!AB8+'m8'!AD8+'m8'!AF8+'m8'!AH8 -> 0 | EO8: =EN8+EM8-EL8 -> -8100 | EQ8: ='m8'!AI8+'m8'!AK8+'m8'!AM8+'m8'!AO8+'m8'!AQ8+'m8'!AS8+'m8'!AU8 -> 52 | ER8: =EQ8*ED8 -> 7800 | ES8: ='m8'!AJ8+'m8'!AL8+'m8'!AN8+'m8'!AP8+'m8'!AR8+'m8'!AT8+'m8'!AV8 -> 0 | EU8: =ET8+ES8-ER8 -> -7800 | EW8: ='m8'!AW8+'m8'!AY8+'m8'!BA8+'m8'!BC8+'m8'!BE8+'m8'!BG8+'m8'!BI8 -> 55 | EX8: =EW8*ED8 -> 8250 | EY8: ='m8'!AX8+'m8'!AZ8+'m8'!BB8+'m8'!BD8+'m8'!BF8+'m8'!BH8+'m8'!BJ8 -> 1000 | FA8: =EZ8+EY8-EX8 -> -7250 | FC8: ='m8'!BK8+'m9'!C8+'m9'!E8+'m9'!G8+'m9'!I8+'m9'!K8+'m9'!M8 -> 59 | FD8: ='m8'!BK8*ED8+'m9'!C8*FH8+'m9'!E8*FH8+'m9'!G8*FH8+'m9'!I8*FH8+'m9'!K8*FH8+'m9'!M8*FH8 -> 8850 | FE8: ='m8'!BL8+'m9'!D8+'m9'!F8+'m9'!H8+'m9'!J8+'m9'!L8+'m9'!N8 -> 170 | FG8: =FF8+FE8-FD8 -> -8680 | FH8: =IFERROR(__xludf.DUMMYFUNCTION("""COMPUTED_VALUE"""),150.0) -> 150 | FI8: ='m9'!O8+'m9'!Q8+'m9'!S8+'m9'!U8+'m9'!W8+'m9'!Y8+'m9'!AA8 -> 46 | FJ8: =FI8*FH8 -> 6900 | FK8: ='m9'!P8+'m9'!R8+'m9'!T8+'m9'!V8+'m9'!X8+'m9'!Z8+'m9'!AB8 -> 0 | FM8: =FL8+FK8-FJ8 -> -6900 | FO8: ='m9'!AC8+'m9'!AE8+'m9'!AG8+'m9'!AI8+'m9'!AK8+'m9'!AM8+'m9'!AO8 -> 55 | FP8: =FO8*FH8 -> 8250 | FQ8: ='m9'!AD8+'m9'!AF8+'m9'!AH8+'m9'!AJ8+'m9'!AL8+'m9'!AN8+'m9'!AP8 -> 0 | FS8: =FR8+FQ8-FP8 -> -8250 | FU8: ='m9'!AQ8+'m9'!AS8+'m9'!AU8+'m9'!AW8+'m9'!AY8+'m9'!BA8+'m9'!BC8 -> 55 | FV8: =FU8*FH8 -> 8250 | FW8: ='m9'!AR8+'m9'!AT8+'m9'!AV8+'m9'!AX8+'m9'!AZ8+'m9'!BB8+'m9'!BD8 -> 0 | FY8: =FX8+FW8-FV8 -> -8250 | GA8: ='m9'!BE8+'m9'!BG8+'m9'!BI8+'m10'!C8+'m10'!E8+'m10'!G8+'m10'!I8 -> 50 | GB8: =GA8*FH8 -> 7500 | GC8: ='m9'!BF8+'m9'!BH8+'m9'!BJ8+'m10'!D8+'m10'!F8+'m10'!H8+'m10'!J8 -> 0 | GE8: =GD8+GC8-GB8 -> -7500 | GF8: =IFERROR(__xludf.DUMMYFUNCTION("""COMPUTED_VALUE"""),150.0) -> 150 | GG8: ='m10'!K8+'m10'!M8+'m10'!O8+'m10'!Q8+'m10'!S8+'m10'!U8+'m10'!W8 -> 35.5 | GH8: =GG8*GF8 -> 5325 | GI8: ='m10'!L8+'m10'!N8+'m10'!P8+'m10'!R8+'m10'!T8+'m10'!V8+'m10'!X8 -> 0 | GK8: =GJ8+GI8-GH8 -> -5325 | GM8: ='m10'!Y8+'m10'!AA8+'m10'!AC8+'m10'!AE8+'m10'!AG8+'m10'!AI8+'m10'!AK8 -> 53.5 | GN8: =GM8*GF8 -> 8025 | GO8: ='m10'!Z8+'m10'!AB8+'m10'!AD8+'m10'!AF8+'m10'!AH8+'m10'!AJ8+'m10'!AL8 -> 0 | GQ8: =GP8+GO8-GN8 -> -8025 | GS8: ='m10'!AM8+'m10'!AO8+'m10'!AQ8+'m10'!AS8+'m10'!AU8+'m10'!AW8+'m10'!AY8 -> 36 | GT8: =GS8*GF8 -> 5400 | GU8: ='m10'!AN8+'m10'!AP8+'m10'!AR8+'m10'!AT8+'m10'!AV8+'m10'!AX8+'m10'!AZ8 -> 0 | GW8: =GV8+GU8-GT8 -> -5400 | GY8: ='m10'!BA8+'m10'!BC8+'m10'!BE8+'m10'!BG8+'m10'!BI8+'m10'!BK8+'m11'!C8 -> 41.5 | GZ8: =GY8*GF8 -> 6225 | HA8: ='m10'!BB8+'m10'!BD8+'m10'!BF8+'m10'!BH8+'m10'!BJ8+'m10'!BL8+'m11'!D8 -> 0 | HC8: =HB8+HA8-GZ8 -> -6225 | HD8: =IFERROR(__xludf.DUMMYFUNCTION("""COMPUTED_VALUE"""),150.0) -> 150 | HE8: ='m11'!E8+'m11'!G8+'m11'!I8+'m11'!K8+'m11'!M8+'m11'!O8+'m11'!Q8 -> 49 | HF8: =HE8*HD8 -> 7350 | HG8: ='m11'!F8+'m11'!H8+'m11'!J8+'m11'!L8+'m11'!N8+'m11'!P8+'m11'!R8 -> 0 | HI8: =HH8+HG8-HF8 -> -7350 | HK8: ='m11'!S8+'m11'!U8+'m11'!W8+'m11'!Y8+'m11'!AA8+'m11'!AC8+'m11'!AE8 -> 53 | HL8: =HK8*HD8 -> 7950 | HM8: ='m11'!T8+'m11'!V8+'m11'!X8+'m11'!Z8+'m11'!AB8+'m11'!AD8+'m11'!AF8 -> 0 | HO8: =HN8+HM8-HL8 -> -7950 | HQ8: ='m11'!AG8+'m11'!AI8+'m11'!AK8+'m11'!AM8+'m11'!AO8+'m11'!AQ8+'m11'!AS8 -> 57 | HR8: =HQ8*HD8 -> 8550 | HS8: ='m11'!AH8+'m11'!AJ8+'m11'!AL8+'m11'!AN8+'m11'!AP8+'m11'!AR8+'m11'!AT8 -> 1000 | HU8: =HT8+HS8-HR8 -> -7550 | HW8: ='m11'!AU8+'m11'!AW8+'m11'!AY8+'m11'!BA8+'m11'!BC8+'m11'!BE8+'m11'!BG8 -> 42 | HX8: =HW8*HD8 -> 6300 | HY8: ='m11'!AV8+'m11'!AX8+'m11'!AZ8+'m11'!BB8+'m11'!BD8+'m11'!BF8+'m11'!BH8 -> 0 | IA8: =HZ8+HY8-HX8 -> -6300 | IB8: =IFERROR(__xludf.DUMMYFUNCTION("""COMPUTED_VALUE"""),150.0) -> 150 | IC8: ='m11'!BI8+'m12'!C8+'m12'!E8+'m12'!G8+'m12'!I8+'m12'!K8+'m12'!M8 -> 32 | ID8: =IC8*IB8 -> 4800 | IE8: ='m11'!BJ8+'m12'!D8+'m12'!F8+'m12'!H8+'m12'!J8+'m12'!L8+'m12'!N8 -> 0 | IG8: =IF8+IE8-ID8 -> -4800 | II8: ='m12'!O8+'m12'!Q8+'m12'!S8+'m12'!U8+'m12'!W8+'m12'!Y8+'m12'!AA8 -> 40 | IJ8: =II8*IB8 -> 6000 | IK8: ='m12'!P8+'m12'!R8+'m12'!T8+'m12'!V8+'m12'!X8+'m12'!Z8+'m12'!AB8 -> 0 | IM8: =IL8+IK8-IJ8 -> -6000 | IO8: ='m12'!AC8+'m12'!AE8+'m12'!AG8+'m12'!AI8+'m12'!AK8+'m12'!AM8+'m12'!AO8 -> 40 | IP8: =IO8*IB8 -> 6000 | IQ8: ='m12'!AD8+'m12'!AF8+'m12'!AH8+'m12'!AJ8+'m12'!AL8+'m12'!AN8+'m12'!AP8 -> 1000 | IS8: =IR8+IQ8-IP8 -> -5000 | IU8: ='m12'!AQ8+'m12'!AS8+'m12'!AU8+'m12'!AW8+'m12'!AY8+'m12'!BA8+'m12'!BC8 -> 8 | IV8: =IU8*IB8 -> 1200 | IW8: ='m12'!AR8+'m12'!AT8+'m12'!AV8+'m12'!AX8+'m12'!AZ8+'m12'!BB8+'m12'!BD8 -> 0 | IY8: =IX8+IW8-IV8 -> -1200 | JA8: ='m12'!BE8+'m12'!BG8+'m12'!BI8+'m12'!BK8 -> 0 | JB8: =JA8*IB8 -> 0 | JC8: ='m12'!BF8+'m12'!BH8+'m12'!BJ8+'m12'!BL8 -> 0 | JE8: =JD8+JC8-JB8 -> 0
A9: =IFERROR(__xludf.DUMMYFUNCTION("""COMPUTED_VALUE"""),"Oksana Dynysenko") -> Oksana Dynysenko | B9: =IFERROR(__xludf.DUMMYFUNCTION("""COMPUTED_VALUE"""),130.0) -> 130 | C9: ='m3'!E9+'m3'!G9+'m3'!I9+'m3'!K9+'m3'!M9+'m3'!O9+'m3'!Q9 -> 77.5 | D9: ='m3'!A9*C9 -> 10075 | E9: ='m3'!F9+'m3'!H9+'m3'!J9+'m3'!L9+'m3'!N9+'m3'!P9+'m3'!R9 -> 0 | G9: =E9+F9-D9 -> -10075 | I9: ='m3'!S9+'m3'!U9+'m3'!W9+'m3'!Y9+'m3'!AA9+'m3'!AC9+'m3'!AE9 -> 72 | J9: ='m3'!A9*I9 -> 9360 | K9: ='m3'!T9+'m3'!V9+'m3'!X9+'m3'!Z9+'m3'!AB9+'m3'!AD9+'m3'!AF9 -> 0 | M9: =K9+L9-J9 -> -9360 | O9: ='m3'!AG9+'m3'!AI9+'m3'!AK9+'m3'!AM9+'m3'!AO9+'m3'!AQ9+'m3'!AS9 -> 52 | P9: ='m3'!A9*O9 -> 6760 | Q9: ='m3'!AH9+'m3'!AJ9+'m3'!AL9+'m3'!AN9+'m3'!AP9+'m3'!AR9+'m3'!AT9 -> 0 | S9: =Q9+R9-P9 -> -6760 | U9: ='m3'!AU9+'m3'!AW9+'m3'!AY9+'m3'!BA9+'m3'!BC9+'m3'!BE9+'m3'!BG9 -> 52 | V9: ='m3'!A9*U9 -> 6760 | W9: ='m3'!DG9+'m3'!DI9+'m3'!DK9+'m3'!DM9+'m3'!DO9+'m3'!DQ9+'m3'!DS9 -> 0 | Y9: =W9+X9-V9 -> -6760 | AA9: ='m3'!BI9+'m3'!BK9+'m4'!C9+'m4'!E9+'m4'!G9+'m4'!I9+'m4'!K9 -> 73.5 | AB9: =('m3'!BI9+'m3'!BK9)*'m3'!A9+('m4'!C9+'m4'!E9+'m4'!G9+'m4'!I9+'m4'!K9)*'m4'!A9 -> 9555 | AC9: ='m3'!BJ9+'m3'!BL9+'m4'!D9+'m4'!F9+'m4'!H9+'m4'!J9+'m4'!L9 -> 0 | AE9: =AC9+AD9-AB9 -> -9555 | AF9: =IFERROR(__xludf.DUMMYFUNCTION("""COMPUTED_VALUE"""),130.0) -> 130 | AG9: ='m4'!M9+'m4'!O9+'m4'!Q9+'m4'!S9+'m4'!U9+'m4'!W9+'m4'!Y9 -> 62 | AH9: ='m4'!A9*AG9 -> 8060 | AI9: ='m4'!N9+'m4'!P9+'m4'!R9+'m4'!T9+'m4'!V9+'m4'!X9+'m4'!Z9 -> 0 | AK9: =AI9+AJ9-AH9 -> -8060 | AM9: ='m4'!AA9+'m4'!AC9+'m4'!AE9+'m4'!AG9+'m4'!AI9+'m4'!AK9+'m4'!AM9 -> 72 | AN9: ='m4'!A9*AM9 -> 9360 | AO9: ='m4'!AB9+'m4'!AD9+'m4'!AF9+'m4'!AH9+'m4'!AJ9+'m4'!AL9+'m4'!AN9 -> 0 | AQ9: =AO9+AP9-AN9 -> -9360 | AS9: ='m4'!AO9+'m4'!AQ9+'m4'!AS9+'m4'!AU9+'m4'!AW9+'m4'!AY9+'m4'!BA9 -> 75 | AT9: ='m4'!A9*AS9 -> 9750 | AU9: ='m4'!AP9+'m4'!AR9+'m4'!AT9+'m4'!AV9+'m4'!AX9+'m4'!AZ9+'m4'!BB9 -> 0 | AW9: =AV9+AU9-AT9 -> -9750 | AY9: ='m4'!BC9+'m4'!BE9+'m4'!BG9+'m4'!BI9+'m5'!C9+'m5'!E9+'m5'!G9 -> 59 | AZ9: =('m4'!BC9+'m4'!BE9+'m4'!BG9+'m4'!BI9)*'m4'!A9+('m5'!C9+'m5'!E9+'m5'!G9)*'m5'!A9 -> 7670 | BA9: ='m4'!BD9+'m4'!BF9+'m4'!BH9+'m4'!BJ9+'m5'!D9+'m5'!F9+'m5'!H9 -> 0 | BC9: =BB9+BA9-AZ9 -> -7670 | BD9: =IFERROR(__xludf.DUMMYFUNCTION("""COMPUTED_VALUE"""),130.0) -> 130 | BE9: ='m5'!I9+'m5'!K9+'m5'!M9+'m5'!O9+'m5'!Q9+'m5'!S9+'m5'!U9 -> 57 | BF9: ='m5'!A9*BE9 -> 7410 | BG9: ='m5'!J9+'m5'!L9+'m5'!N9+'m5'!P9+'m5'!R9+'m5'!T9+'m5'!V9 -> 0 | BI9: =BH9+BG9-BF9 -> -7410 | BK9: ='m5'!W9+'m5'!Y9+'m5'!AA9+'m5'!AC9+'m5'!AE9+'m5'!AG9+'m5'!AI9 -> 56 | BL9: ='m5'!A9*BK9 -> 7280 | BM9: ='m5'!X9+'m5'!Z9+'m5'!AB9+'m5'!AD9+'m5'!AF9+'m5'!AH9+'m5'!AJ9 -> 0 | BO9: =BN9+BM9-BL9 -> -7280 | BQ9: ='m5'!AK9+'m5'!AM9+'m5'!AO9+'m5'!AQ9+'m5'!AS9+'m5'!AU9+'m5'!AW9 -> 54 | BR9: ='m5'!A9*BQ9 -> 7020 | BS9: ='m5'!AL9+'m5'!AN9+'m5'!AP9+'m5'!AR9+'m5'!AT9+'m5'!AV9+'m5'!AX9 -> 0 | BU9: =BT9+BS9-BR9 -> -7020 | BW9: ='m5'!AY9+'m5'!BA9+'m5'!BC9+'m5'!BE9+'m5'!BG9+'m5'!BI9+'m5'!BK9 -> 44 | BX9: ='m5'!A9*BW9 -> 5720 | BY9: ='m5'!AZ9+'m5'!BB9+'m5'!BD9+'m5'!BF9+'m5'!BH9+'m5'!BJ9+'m5'!BL9 -> 0 | CA9: =BZ9+BY9-BX9 -> -5720 | CB9: =IFERROR(__xludf.DUMMYFUNCTION("""COMPUTED_VALUE"""),130.0) -> 130 | CC9: ='m6'!C9+'m6'!E9+'m6'!G9+'m6'!I9+'m6'!K9+'m6'!M9+'m6'!O9 -> 64 | CD9: =CC9*CB9 -> 8320 | CE9: ='m6'!D9+'m6'!F9+'m6'!H9+'m6'!J9+'m6'!L9+'m6'!N9+'m6'!P9 -> 0 | CG9: =CF9+CE9-CD9 -> -8320 | CI9: ='m6'!Q9+'m6'!S9+'m6'!U9+'m6'!W9+'m6'!Y9+'m6'!AA9+'m6'!AC9 -> 62 | CJ9: =CI9*CB9 -> 8060 | CK9: ='m6'!R9+'m6'!T9+'m6'!V9+'m6'!X9+'m6'!Z9+'m6'!AB9+'m6'!AD9 -> 0 | CM9: =CL9+CK9-CJ9 -> -8060 | CO9: ='m6'!AE9+'m6'!AG9+'m6'!AI9+'m6'!AK9+'m6'!AM9+'m6'!AO9+'m6'!AQ9 -> 61 | CP9: =CO9*CB9 -> 7930 | CQ9: ='m6'!AF9+'m6'!AH9+'m6'!AJ9+'m6'!AL9+'m6'!AN9+'m6'!AP9+'m6'!AR9 -> 0 | CS9: =CR9+CQ9-CP9 -> -7930 | CU9: ='m6'!AS9+'m6'!AU9+'m6'!AW9+'m6'!AY9+'m6'!BA9+'m6'!BC9+'m6'!BE9 -> 73 | CV9: =CU9*CB9 -> 9490 | CW9: ='m6'!AT9+'m6'!AV9+'m6'!AX9+'m6'!AZ9+'m6'!BB9+'m6'!BD9+'m6'!BF9 -> 0 | CY9: =CX9+CW9-CV9 -> -9490 | DA9: ='m6'!BG9+'m6'!BI9+'m7'!C9+'m7'!E9+'m7'!G9+'m7'!I9+'m7'!K9 -> 15 | DB9: =('m6'!BG9+'m6'!BI9)*'m6'!A9+('m7'!C9+'m7'!E9+'m7'!G9+'m7'!I9+'m7'!K9)*'m7'!A9 -> 1950 | DC9: ='m6'!BH9+'m6'!BJ9+'m7'!D9+'m7'!F9+'m7'!H9+'m7'!J9+'m7'!L9 -> 0 | DE9: =DD9+DC9-DB9 -> -1950 | DF9: =IFERROR(__xludf.DUMMYFUNCTION("""COMPUTED_VALUE"""),130.0) -> 130 | DG9: ='m7'!M9+'m7'!O9+'m7'!Q9+'m7'!S9+'m7'!U9+'m7'!W9+'m7'!Y9 -> 0 | DH9: =DG9*DF9 -> 0 | DI9: ='m7'!N9+'m7'!P9+'m7'!R9+'m7'!T9+'m7'!V9+'m7'!X9+'m7'!Z9 -> 0 | DK9: =DJ9+DI9-DH9 -> 0 | DM9: ='m7'!AA9+'m7'!AC9+'m7'!AE9+'m7'!AG9+'m7'!AI9+'m7'!AK9+'m7'!AM9 -> 0 | DN9: =DM9*DF9 -> 0 | DO9: ='m7'!AB9+'m7'!AD9+'m7'!AF9+'m7'!AH9+'m7'!AJ9+'m7'!AL9+'m7'!AN9 -> 0 | DQ9: =DP9+DO9-DN9 -> 0 | DS9: ='m7'!AO9+'m7'!AQ9+'m7'!AS9+'m7'!AU9+'m7'!AW9+'m7'!AY9+'m7'!BA9 -> 0 | DT9: =DS9*DF9 -> 0 | DU9: ='m7'!AP9+'m7'!AR9+'m7'!AT9+'m7'!AV9+'m7'!AX9+'m7'!AZ9+'m7'!BB9 -> 0 | DW9: =DV9+DU9-DT9 -> 0 | DY9: ='m7'!BC9+'m7'!BE9+'m7'!BG9+'m7'!BI9+'m7'!BK9+'m8'!C9+'m8'!E9 -> 0 | DZ9: =('m7'!BC9+'m7'!BE9+'m7'!BG9+'m7'!BI9+'m7'!BK9)*DF9+('m8'!C9+'m8'!E9)*ED9 -> 0 | EA9: ='m7'!BD9+'m7'!BF9+'m7'!BH9+'m7'!BJ9+'m7'!BL9+'m8'!D9+'m8'!F9 -> 0 | EC9: =EB9+EA9-DZ9 -> 0 | ED9: =IFERROR(__xludf.DUMMYFUNCTION("""COMPUTED_VALUE"""),130.0) -> 130 | EE9: ='m8'!G9+'m8'!I9+'m8'!K9+'m8'!M9+'m8'!O9+'m8'!Q9+'m8'!S9 -> 0 | EF9: =EE9*ED9 -> 0 | EG9: ='m8'!H9+'m8'!J9+'m8'!L9+'m8'!N9+'m8'!P9+'m8'!R9+'m8'!T9 -> 0 | EI9: =EH9+EG9-EF9 -> 0 | EK9: ='m8'!U9+'m8'!W9+'m8'!Y9+'m8'!AA9+'m8'!AC9+'m8'!AE9+'m8'!AG9 -> 41 | EL9: =EK9*ED9 -> 5330 | EM9: ='m8'!V9+'m8'!X9+'m8'!Z9+'m8'!AB9+'m8'!AD9+'m8'!AF9+'m8'!AH9 -> 0 | EO9: =EN9+EM9-EL9 -> -5330 | EQ9: ='m8'!AI9+'m8'!AK9+'m8'!AM9+'m8'!AO9+'m8'!AQ9+'m8'!AS9+'m8'!AU9 -> 53 | ER9: =EQ9*ED9 -> 6890 | ES9: ='m8'!AJ9+'m8'!AL9+'m8'!AN9+'m8'!AP9+'m8'!AR9+'m8'!AT9+'m8'!AV9 -> 0 | EU9: =ET9+ES9-ER9 -> -6890 | EW9: ='m8'!AW9+'m8'!AY9+'m8'!BA9+'m8'!BC9+'m8'!BE9+'m8'!BG9+'m8'!BI9 -> 64 | EX9: =EW9*ED9 -> 8320 | EY9: ='m8'!AX9+'m8'!AZ9+'m8'!BB9+'m8'!BD9+'m8'!BF9+'m8'!BH9+'m8'!BJ9 -> 0 | FA9: =EZ9+EY9-EX9 -> -8320 | FC9: ='m8'!BK9+'m9'!C9+'m9'!E9+'m9'!G9+'m9'!I9+'m9'!K9+'m9'!M9 -> 84 | FD9: ='m8'!BK9*ED9+'m9'!C9*FH9+'m9'!E9*FH9+'m9'!G9*FH9+'m9'!I9*FH9+'m9'!K9*FH9+'m9'!M9*FH9 -> 10920 | FE9: ='m8'!BL9+'m9'!D9+'m9'!F9+'m9'!H9+'m9'!J9+'m9'!L9+'m9'!N9 -> 170 | FG9: =FF9+FE9-FD9 -> -10750 | FH9: =IFERROR(__xludf.DUMMYFUNCTION("""COMPUTED_VALUE"""),130.0) -> 130 | FI9: ='m9'!O9+'m9'!Q9+'m9'!S9+'m9'!U9+'m9'!W9+'m9'!Y9+'m9'!AA9 -> 53 | FJ9: =FI9*FH9 -> 6890 | FK9: ='m9'!P9+'m9'!R9+'m9'!T9+'m9'!V9+'m9'!X9+'m9'!Z9+'m9'!AB9 -> 200 | FM9: =FL9+FK9-FJ9 -> -6690 | FO9: ='m9'!AC9+'m9'!AE9+'m9'!AG9+'m9'!AI9+'m9'!AK9+'m9'!AM9+'m9'!AO9 -> 62 | FP9: =FO9*FH9 -> 8060 | FQ9: ='m9'!AD9+'m9'!AF9+'m9'!AH9+'m9'!AJ9+'m9'!AL9+'m9'!AN9+'m9'!AP9 -> 0 | FS9: =FR9+FQ9-FP9 -> -8060 | FU9: ='m9'!AQ9+'m9'!AS9+'m9'!AU9+'m9'!AW9+'m9'!AY9+'m9'!BA9+'m9'!BC9 -> 59 | FV9: =FU9*FH9 -> 7670 | FW9: ='m9'!AR9+'m9'!AT9+'m9'!AV9+'m9'!AX9+'m9'!AZ9+'m9'!BB9+'m9'!BD9 -> 0 | FY9: =FX9+FW9-FV9 -> -7670 | GA9: ='m9'!BE9+'m9'!BG9+'m9'!BI9+'m10'!C9+'m10'!E9+'m10'!G9+'m10'!I9 -> 52 | GB9: =GA9*FH9 -> 6760 | GC9: ='m9'!BF9+'m9'!BH9+'m9'!BJ9+'m10'!D9+'m10'!F9+'m10'!H9+'m10'!J9 -> 0 | GE9: =GD9+GC9-GB9 -> -6760 | GF9: =IFERROR(__xludf.DUMMYFUNCTION("""COMPUTED_VALUE"""),150.0) -> 150 | GG9: ='m10'!K9+'m10'!M9+'m10'!O9+'m10'!Q9+'m10'!S9+'m10'!U9+'m10'!W9 -> 40 | GH9: =GG9*GF9 -> 6000 | GI9: ='m10'!L9+'m10'!N9+'m10'!P9+'m10'!R9+'m10'!T9+'m10'!V9+'m10'!X9 -> 0 | GK9: =GJ9+GI9-GH9 -> -6000 | GM9: ='m10'!Y9+'m10'!AA9+'m10'!AC9+'m10'!AE9+'m10'!AG9+'m10'!AI9+'m10'!AK9 -> 62 | GN9: =GM9*GF9 -> 9300 | GO9: ='m10'!Z9+'m10'!AB9+'m10'!AD9+'m10'!AF9+'m10'!AH9+'m10'!AJ9+'m10'!AL9 -> 0 | GQ9: =GP9+GO9-GN9 -> -9300 | GS9: ='m10'!AM9+'m10'!AO9+'m10'!AQ9+'m10'!AS9+'m10'!AU9+'m10'!AW9+'m10'!AY9 -> 60.5 | GT9: =GS9*GF9 -> 9075 | GU9: ='m10'!AN9+'m10'!AP9+'m10'!AR9+'m10'!AT9+'m10'!AV9+'m10'!AX9+'m10'!AZ9 -> 0 | GW9: =GV9+GU9-GT9 -> -9075 | GY9: ='m10'!BA9+'m10'!BC9+'m10'!BE9+'m10'!BG9+'m10'!BI9+'m10'!BK9+'m11'!C9 -> 53 | GZ9: =GY9*GF9 -> 7950 | HA9: ='m10'!BB9+'m10'!BD9+'m10'!BF9+'m10'!BH9+'m10'!BJ9+'m10'!BL9+'m11'!D9 -> 0 | HC9: =HB9+HA9-GZ9 -> -7950 | HD9: =IFERROR(__xludf.DUMMYFUNCTION("""COMPUTED_VALUE"""),150.0) -> 150 | HE9: ='m11'!E9+'m11'!G9+'m11'!I9+'m11'!K9+'m11'!M9+'m11'!O9+'m11'!Q9 -> 11 | HF9: =HE9*HD9 -> 1650 | HG9: ='m11'!F9+'m11'!H9+'m11'!J9+'m11'!L9+'m11'!N9+'m11'!P9+'m11'!R9 -> 0 | HI9: =HH9+HG9-HF9 -> -1650 | HK9: ='m11'!S9+'m11'!U9+'m11'!W9+'m11'!Y9+'m11'!AA9+'m11'!AC9+'m11'!AE9 -> 0 | HL9: =HK9*HD9 -> 0 | HM9: ='m11'!T9+'m11'!V9+'m11'!X9+'m11'!Z9+'m11'!AB9+'m11'!AD9+'m11'!AF9 -> 0 | HO9: =HN9+HM9-HL9 -> 0 | HQ9: ='m11'!AG9+'m11'!AI9+'m11'!AK9+'m11'!AM9+'m11'!AO9+'m11'!AQ9+'m11'!AS9 -> 0 | HR9: =HQ9*HD9 -> 0 | HS9: ='m11'!AH9+'m11'!AJ9+'m11'!AL9+'m11'!AN9+'m11'!AP9+'m11'!AR9+'m11'!AT9 -> 0 | HU9: =HT9+HS9-HR9 -> 0 | HW9: ='m11'!AU9+'m11'!AW9+'m11'!AY9+'m11'!BA9+'m11'!BC9+'m11'!BE9+'m11'!BG9 -> 0 | HX9: =HW9*HD9 -> 0 | HY9: ='m11'!AV9+'m11'!AX9+'m11'!AZ9+'m11'!BB9+'m11'!BD9+'m11'!BF9+'m11'!BH9 -> 0 | IA9: =HZ9+HY9-HX9 -> 0 | IB9: =IFERROR(__xludf.DUMMYFUNCTION("""COMPUTED_VALUE"""),150.0) -> 150 | IC9: ='m11'!BI9+'m12'!C9+'m12'!E9+'m12'!G9+'m12'!I9+'m12'!K9+'m12'!M9 -> 10 | ID9: =IC9*IB9 -> 1500 | IE9: ='m11'!BJ9+'m12'!D9+'m12'!F9+'m12'!H9+'m12'!J9+'m12'!L9+'m12'!N9 -> 0 | IG9: =IF9+IE9-ID9 -> -1500 | II9: ='m12'!O9+'m12'!Q9+'m12'!S9+'m12'!U9+'m12'!W9+'m12'!Y9+'m12'!AA9 -> 70.5 | IJ9: =II9*IB9 -> 10575 | IK9: ='m12'!P9+'m12'!R9+'m12'!T9+'m12'!V9+'m12'!X9+'m12'!Z9+'m12'!AB9 -> 0 | IM9: =IL9+IK9-IJ9 -> -10575 | IO9: ='m12'!AC9+'m12'!AE9+'m12'!AG9+'m12'!AI9+'m12'!AK9+'m12'!AM9+'m12'!AO9 -> 40 | IP9: =IO9*IB9 -> 6000 | IQ9: ='m12'!AD9+'m12'!AF9+'m12'!AH9+'m12'!AJ9+'m12'!AL9+'m12'!AN9+'m12'!AP9 -> 0 | IS9: =IR9+IQ9-IP9 -> -6000 | IU9: ='m12'!AQ9+'m12'!AS9+'m12'!AU9+'m12'!AW9+'m12'!AY9+'m12'!BA9+'m12'!BC9 -> 48 | IV9: =IU9*IB9 -> 7200 | IW9: ='m12'!AR9+'m12'!AT9+'m12'!AV9+'m12'!AX9+'m12'!AZ9+'m12'!BB9+'m12'!BD9 -> 0 | IY9: =IX9+IW9-IV9 -> -7200 | JA9: ='m12'!BE9+'m12'!BG9+'m12'!BI9+'m12'!BK9 -> 47 | JB9: =JA9*IB9 -> 7050 | JC9: ='m12'!BF9+'m12'!BH9+'m12'!BJ9+'m12'!BL9 -> 0 | JE9: =JD9+JC9-JB9 -> -7050
A10: =IFERROR(__xludf.DUMMYFUNCTION("""COMPUTED_VALUE"""),"Filip Štěrba") -> Filip Štěrba | B10: =IFERROR(__xludf.DUMMYFUNCTION("""COMPUTED_VALUE"""),120.0) -> 120 | C10: ='m3'!E10+'m3'!G10+'m3'!I10+'m3'!K10+'m3'!M10+'m3'!O10+'m3'!Q10 -> 23 | D10: ='m3'!A10*C10 -> 2760 | E10: ='m3'!F10+'m3'!H10+'m3'!J10+'m3'!L10+'m3'!N10+'m3'!P10+'m3'!R10 -> 2300 | F10: 460 | G10: =E10+F10-D10 -> 0 | I10: ='m3'!S10+'m3'!U10+'m3'!W10+'m3'!Y10+'m3'!AA10+'m3'!AC10+'m3'!AE10 -> 43 | J10: ='m3'!A10*I10 -> 5160 | K10: ='m3'!T10+'m3'!V10+'m3'!X10+'m3'!Z10+'m3'!AB10+'m3'!AD10+'m3'!AF10 -> 4300 | L10: 860 | M10: =K10+L10-J10 -> 0 | O10: ='m3'!AG10+'m3'!AI10+'m3'!AK10+'m3'!AM10+'m3'!AO10+'m3'!AQ10+'m3'!AS10 -> 35 | P10: ='m3'!A10*O10 -> 4200 | Q10: ='m3'!AH10+'m3'!AJ10+'m3'!AL10+'m3'!AN10+'m3'!AP10+'m3'!AR10+'m3'!AT10 -> 800 | R10: 3400 | S10: =Q10+R10-P10 -> 0 | U10: ='m3'!AU10+'m3'!AW10+'m3'!AY10+'m3'!BA10+'m3'!BC10+'m3'!BE10+'m3'!BG10 -> 32 | V10: ='m3'!A10*U10 -> 3840 | W10: ='m3'!DG10+'m3'!DI10+'m3'!DK10+'m3'!DM10+'m3'!DO10+'m3'!DQ10+'m3'!DS10 -> 0 | X10: 3840 | Y10: =W10+X10-V10 -> 0 | AA10: ='m3'!BI10+'m3'!BK10+'m4'!C10+'m4'!E10+'m4'!G10+'m4'!I10+'m4'!K10 -> 34.5 | AB10: =('m3'!BI10+'m3'!BK10)*'m3'!A10+('m4'!C10+'m4'!E10+'m4'!G10+'m4'!I10+'m4'!K10)*'m4'!A10 -> 4345 | AC10: ='m3'!BJ10+'m3'!BL10+'m4'!D10+'m4'!F10+'m4'!H10+'m4'!J10+'m4'!L10 -> 0 | AD10: 4140 | AE10: =AC10+AD10-AB10 -> -205 | AF10: =IFERROR(__xludf.DUMMYFUNCTION("""COMPUTED_VALUE"""),130.0) -> 130 | AG10: ='m4'!M10+'m4'!O10+'m4'!Q10+'m4'!S10+'m4'!U10+'m4'!W10+'m4'!Y10 -> 40 | AH10: ='m4'!A10*AG10 -> 5200 | AI10: ='m4'!N10+'m4'!P10+'m4'!R10+'m4'!T10+'m4'!V10+'m4'!X10+'m4'!Z10 -> 0 | AJ10: 5200 | AK10: =AI10+AJ10-AH10 -> 0 | AM10: ='m4'!AA10+'m4'!AC10+'m4'!AE10+'m4'!AG10+'m4'!AI10+'m4'!AK10+'m4'!AM10 -> 37 | AN10: ='m4'!A10*AM10 -> 4810 | AO10: ='m4'!AB10+'m4'!AD10+'m4'!AF10+'m4'!AH10+'m4'!AJ10+'m4'!AL10+'m4'!AN10 -> 0 | AP10: 4810 | AQ10: =AO10+AP10-AN10 -> 0 | AS10: ='m4'!AO10+'m4'!AQ10+'m4'!AS10+'m4'!AU10+'m4'!AW10+'m4'!AY10+'m4'!BA10 -> 48 | AT10: ='m4'!A10*AS10 -> 6240 | AU10: ='m4'!AP10+'m4'!AR10+'m4'!AT10+'m4'!AV10+'m4'!AX10+'m4'!AZ10+'m4'!BB10 -> 0 | AV10: 6240 | AW10: =AV10+AU10-AT10 -> 0 | AY10: ='m4'!BC10+'m4'!BE10+'m4'!BG10+'m4'!BI10+'m5'!C10+'m5'!E10+'m5'!G10 -> 56 | AZ10: =('m4'!BC10+'m4'!BE10+'m4'!BG10+'m4'!BI10)*'m4'!A10+('m5'!C10+'m5'!E10+'m5'!G10)*'m5'!A10 -> 7280 | BA10: ='m4'!BD10+'m4'!BF10+'m4'!BH10+'m4'!BJ10+'m5'!D10+'m5'!F10+'m5'!H10 -> 0 | BB10: 7280 | BC10: =BB10+BA10-AZ10 -> 0 | BD10: =IFERROR(__xludf.DUMMYFUNCTION("""COMPUTED_VALUE"""),130.0) -> 130 | BE10: ='m5'!I10+'m5'!K10+'m5'!M10+'m5'!O10+'m5'!Q10+'m5'!S10+'m5'!U10 -> 48.5 | BF10: ='m5'!A10*BE10 -> 6305 | BG10: ='m5'!J10+'m5'!L10+'m5'!N10+'m5'!P10+'m5'!R10+'m5'!T10+'m5'!V10 -> 0 | BH10: 6305 | BI10: =BH10+BG10-BF10 -> 0 | BK10: ='m5'!W10+'m5'!Y10+'m5'!AA10+'m5'!AC10+'m5'!AE10+'m5'!AG10+'m5'!AI10 -> 47 | BL10: ='m5'!A10*BK10 -> 6110 | BM10: ='m5'!X10+'m5'!Z10+'m5'!AB10+'m5'!AD10+'m5'!AF10+'m5'!AH10+'m5'!AJ10 -> 0 | BO10: =BN10+BM10-BL10 -> -6110 | BQ10: ='m5'!AK10+'m5'!AM10+'m5'!AO10+'m5'!AQ10+'m5'!AS10+'m5'!AU10+'m5'!AW10 -> 32 | BR10: ='m5'!A10*BQ10 -> 4160 | BS10: ='m5'!AL10+'m5'!AN10+'m5'!AP10+'m5'!AR10+'m5'!AT10+'m5'!AV10+'m5'!AX10 -> 0 | BU10: =BT10+BS10-BR10 -> -4160 | BW10: ='m5'!AY10+'m5'!BA10+'m5'!BC10+'m5'!BE10+'m5'!BG10+'m5'!BI10+'m5'!BK10 -> 59.5 | BX10: ='m5'!A10*BW10 -> 7735 | BY10: ='m5'!AZ10+'m5'!BB10+'m5'!BD10+'m5'!BF10+'m5'!BH10+'m5'!BJ10+'m5'!BL10 -> 0 | CA10: =BZ10+BY10-BX10 -> -7735 | CB10: =IFERROR(__xludf.DUMMYFUNCTION("""COMPUTED_VALUE"""),150.0) -> 150 | CC10: ='m6'!C10+'m6'!E10+'m6'!G10+'m6'!I10+'m6'!K10+'m6'!M10+'m6'!O10 -> 48 | CD10: =CC10*CB10 -> 7200 | CE10: ='m6'!D10+'m6'!F10+'m6'!H10+'m6'!J10+'m6'!L10+'m6'!N10+'m6'!P10 -> 0 | CG10: =CF10+CE10-CD10 -> -7200 | CI10: ='m6'!Q10+'m6'!S10+'m6'!U10+'m6'!W10+'m6'!Y10+'m6'!AA10+'m6'!AC10 -> 49.5 | CJ10: =CI10*CB10 -> 7425 | CK10: ='m6'!R10+'m6'!T10+'m6'!V10+'m6'!X10+'m6'!Z10+'m6'!AB10+'m6'!AD10 -> 0 | CM10: =CL10+CK10-CJ10 -> -7425 | CO10: ='m6'!AE10+'m6'!AG10+'m6'!AI10+'m6'!AK10+'m6'!AM10+'m6'!AO10+'m6'!AQ10 -> 49.5 | CP10: =CO10*CB10 -> 7425 | CQ10: ='m6'!AF10+'m6'!AH10+'m6'!AJ10+'m6'!AL10+'m6'!AN10+'m6'!AP10+'m6'!AR10 -> 0 | CS10: =CR10+CQ10-CP10 -> -7425 | CU10: ='m6'!AS10+'m6'!AU10+'m6'!AW10+'m6'!AY10+'m6'!BA10+'m6'!BC10+'m6'!BE10 -> 62 | CV10: =CU10*CB10 -> 9300 | CW10: ='m6'!AT10+'m6'!AV10+'m6'!AX10+'m6'!AZ10+'m6'!BB10+'m6'!BD10+'m6'!BF10 -> 600 | CY10: =CX10+CW10-CV10 -> -8700 | DA10: ='m6'!BG10+'m6'!BI10+'m7'!C10+'m7'!E10+'m7'!G10+'m7'!I10+'m7'!K10 -> 48 | DB10: =('m6'!BG10+'m6'!BI10)*'m6'!A10+('m7'!C10+'m7'!E10+'m7'!G10+'m7'!I10+'m7'!K10)*'m7'!A10 -> 7200 | DC10: ='m6'!BH10+'m6'!BJ10+'m7'!D10+'m7'!F10+'m7'!H10+'m7'!J10+'m7'!L10 -> 585 | DE10: =DD10+DC10-DB10 -> -6615 | DF10: =IFERROR(__xludf.DUMMYFUNCTION("""COMPUTED_VALUE"""),150.0) -> 150 | DG10: ='m7'!M10+'m7'!O10+'m7'!Q10+'m7'!S10+'m7'!U10+'m7'!W10+'m7'!Y10 -> 62.5 | DH10: =DG10*DF10 -> 9375 | DI10: ='m7'!N10+'m7'!P10+'m7'!R10+'m7'!T10+'m7'!V10+'m7'!X10+'m7'!Z10 -> 0 | DK10: =DJ10+DI10-DH10 -> -9375 | DM10: ='m7'!AA10+'m7'!AC10+'m7'!AE10+'m7'!AG10+'m7'!AI10+'m7'!AK10+'m7'!AM10 -> 48.5 | DN10: =DM10*DF10 -> 7275 | DO10: ='m7'!AB10+'m7'!AD10+'m7'!AF10+'m7'!AH10+'m7'!AJ10+'m7'!AL10+'m7'!AN10 -> 0 | DQ10: =DP10+DO10-DN10 -> -7275 | DS10: ='m7'!AO10+'m7'!AQ10+'m7'!AS10+'m7'!AU10+'m7'!AW10+'m7'!AY10+'m7'!BA10 -> 62 | DT10: =DS10*DF10 -> 9300 | DU10: ='m7'!AP10+'m7'!AR10+'m7'!AT10+'m7'!AV10+'m7'!AX10+'m7'!AZ10+'m7'!BB10 -> 100 | DW10: =DV10+DU10-DT10 -> -9200 | DY10: ='m7'!BC10+'m7'!BE10+'m7'!BG10+'m7'!BI10+'m7'!BK10+'m8'!C10+'m8'!E10 -> 62 | DZ10: =('m7'!BC10+'m7'!BE10+'m7'!BG10+'m7'!BI10+'m7'!BK10)*DF10+('m8'!C10+'m8'!E10)*ED10 -> 9300 | EA10: ='m7'!BD10+'m7'!BF10+'m7'!BH10+'m7'!BJ10+'m7'!BL10+'m8'!D10+'m8'!F10 -> 0 | EC10: =EB10+EA10-DZ10 -> -9300 | ED10: =IFERROR(__xludf.DUMMYFUNCTION("""COMPUTED_VALUE"""),150.0) -> 150 | EE10: ='m8'!G10+'m8'!I10+'m8'!K10+'m8'!M10+'m8'!O10+'m8'!Q10+'m8'!S10 -> 61 | EF10: =EE10*ED10 -> 9150 | EG10: ='m8'!H10+'m8'!J10+'m8'!L10+'m8'!N10+'m8'!P10+'m8'!R10+'m8'!T10 -> 0 | EI10: =EH10+EG10-EF10 -> -9150 | EK10: ='m8'!U10+'m8'!W10+'m8'!Y10+'m8'!AA10+'m8'!AC10+'m8'!AE10+'m8'!AG10 -> 8 | EL10: =EK10*ED10 -> 1200 | EM10: ='m8'!V10+'m8'!X10+'m8'!Z10+'m8'!AB10+'m8'!AD10+'m8'!AF10+'m8'!AH10 -> 1200 | EO10: =EN10+EM10-EL10 -> 0 | EQ10: ='m8'!AI10+'m8'!AK10+'m8'!AM10+'m8'!AO10+'m8'!AQ10+'m8'!AS10+'m8'!AU10 -> 52.5 | ER10: =EQ10*ED10 -> 7875 | ES10: ='m8'!AJ10+'m8'!AL10+'m8'!AN10+'m8'!AP10+'m8'!AR10+'m8'!AT10+'m8'!AV10 -> 0 | EU10: =ET10+ES10-ER10 -> -7875 | EW10: ='m8'!AW10+'m8'!AY10+'m8'!BA10+'m8'!BC10+'m8'!BE10+'m8'!BG10+'m8'!BI10 -> 48.5 | EX10: =EW10*ED10 -> 7275 | EY10: ='m8'!AX10+'m8'!AZ10+'m8'!BB10+'m8'!BD10+'m8'!BF10+'m8'!BH10+'m8'!BJ10 -> 0 | FA10: =EZ10+EY10-EX10 -> -7275 | FC10: ='m8'!BK10+'m9'!C10+'m9'!E10+'m9'!G10+'m9'!I10+'m9'!K10+'m9'!M10 -> 79.5 | FD10: ='m8'!BK10*ED10+'m9'!C10*FH10+'m9'!E10*FH10+'m9'!G10*FH10+'m9'!I10*FH10+'m9'!K10*FH10+'m9'!M10*FH10 -> 11925 | FE10: ='m8'!BL10+'m9'!D10+'m9'!F10+'m9'!H10+'m9'!J10+'m9'!L10+'m9'!N10 -> 0 | FG10: =FF10+FE10-FD10 -> -11925 | FH10: =IFERROR(__xludf.DUMMYFUNCTION("""COMPUTED_VALUE"""),150.0) -> 150 | FI10: ='m9'!O10+'m9'!Q10+'m9'!S10+'m9'!U10+'m9'!W10+'m9'!Y10+'m9'!AA10 -> 48.5 | FJ10: =FI10*FH10 -> 7275 | FK10: ='m9'!P10+'m9'!R10+'m9'!T10+'m9'!V10+'m9'!X10+'m9'!Z10+'m9'!AB10 -> 0 | FM10: =FL10+FK10-FJ10 -> -7275 | FO10: ='m9'!AC10+'m9'!AE10+'m9'!AG10+'m9'!AI10+'m9'!AK10+'m9'!AM10+'m9'!AO10 -> 48.5 | FP10: =FO10*FH10 -> 7275 | FQ10: ='m9'!AD10+'m9'!AF10+'m9'!AH10+'m9'!AJ10+'m9'!AL10+'m9'!AN10+'m9'!AP10 -> 0 | FS10: =FR10+FQ10-FP10 -> -7275 | FU10: ='m9'!AQ10+'m9'!AS10+'m9'!AU10+'m9'!AW10+'m9'!AY10+'m9'!BA10+'m9'!BC10 -> 31 | FV10: =FU10*FH10 -> 4650 | FW10: ='m9'!AR10+'m9'!AT10+'m9'!AV10+'m9'!AX10+'m9'!AZ10+'m9'!BB10+'m9'!BD10 -> 0 | FY10: =FX10+FW10-FV10 -> -4650 | GA10: ='m9'!BE10+'m9'!BG10+'m9'!BI10+'m10'!C10+'m10'!E10+'m10'!G10+'m10'!I10 -> 48 | GB10: =GA10*FH10 -> 7200 | GC10: ='m9'!BF10+'m9'!BH10+'m9'!BJ10+'m10'!D10+'m10'!F10+'m10'!H10+'m10'!J10 -> 0 | GE10: =GD10+GC10-GB10 -> -7200 | GF10: =IFERROR(__xludf.DUMMYFUNCTION("""COMPUTED_VALUE"""),150.0) -> 150 | GG10: ='m10'!K10+'m10'!M10+'m10'!O10+'m10'!Q10+'m10'!S10+'m10'!U10+'m10'!W10 -> 50.5 | GH10: =GG10*GF10 -> 7575 | GI10: ='m10'!L10+'m10'!N10+'m10'!P10+'m10'!R10+'m10'!T10+'m10'!V10+'m10'!X10 -> 0 | GK10: =GJ10+GI10-GH10 -> -7575 | GM10: ='m10'!Y10+'m10'!AA10+'m10'!AC10+'m10'!AE10+'m10'!AG10+'m10'!AI10+'m10'!AK10 -> 55 | GN10: =GM10*GF10 -> 8250 | GO10: ='m10'!Z10+'m10'!AB10+'m10'!AD10+'m10'!AF10+'m10'!AH10+'m10'!AJ10+'m10'!AL10 -> 1000 | GQ10: =GP10+GO10-GN10 -> -7250 | GS10: ='m10'!AM10+'m10'!AO10+'m10'!AQ10+'m10'!AS10+'m10'!AU10+'m10'!AW10+'m10'!AY10 -> 50.5 | GT10: =GS10*GF10 -> 7575 | GU10: ='m10'!AN10+'m10'!AP10+'m10'!AR10+'m10'!AT10+'m10'!AV10+'m10'!AX10+'m10'!AZ10 -> 0 | GW10: =GV10+GU10-GT10 -> -7575 | GY10: ='m10'!BA10+'m10'!BC10+'m10'!BE10+'m10'!BG10+'m10'!BI10+'m10'!BK10+'m11'!C10 -> 47 | GZ10: =GY10*GF10 -> 7050 | HA10: ='m10'!BB10+'m10'!BD10+'m10'!BF10+'m10'!BH10+'m10'!BJ10+'m10'!BL10+'m11'!D10 -> 0 | HC10: =HB10+HA10-GZ10 -> -7050 | HD10: =IFERROR(__xludf.DUMMYFUNCTION("""COMPUTED_VALUE"""),150.0) -> 150 | HE10: ='m11'!E10+'m11'!G10+'m11'!I10+'m11'!K10+'m11'!M10+'m11'!O10+'m11'!Q10 -> 45.5 | HF10: =HE10*HD10 -> 6825 | HG10: ='m11'!F10+'m11'!H10+'m11'!J10+'m11'!L10+'m11'!N10+'m11'!P10+'m11'!R10 -> 0 | HI10: =HH10+HG10-HF10 -> -6825 | HK10: ='m11'!S10+'m11'!U10+'m11'!W10+'m11'!Y10+'m11'!AA10+'m11'!AC10+'m11'!AE10 -> 44.5 | HL10: =HK10*HD10 -> 6675 | HM10: ='m11'!T10+'m11'!V10+'m11'!X10+'m11'!Z10+'m11'!AB10+'m11'!AD10+'m11'!AF10 -> 0 | HO10: =HN10+HM10-HL10 -> -6675 | HQ10: ='m11'!AG10+'m11'!AI10+'m11'!AK10+'m11'!AM10+'m11'!AO10+'m11'!AQ10+'m11'!AS10 -> 40 | HR10: =HQ10*HD10 -> 6000 | HS10: ='m11'!AH10+'m11'!AJ10+'m11'!AL10+'m11'!AN10+'m11'!AP10+'m11'!AR10+'m11'!AT10 -> 0 | HU10: =HT10+HS10-HR10 -> -6000 | HW10: ='m11'!AU10+'m11'!AW10+'m11'!AY10+'m11'!BA10+'m11'!BC10+'m11'!BE10+'m11'!BG10 -> 60.5 | HX10: =HW10*HD10 -> 9075 | HY10: ='m11'!AV10+'m11'!AX10+'m11'!AZ10+'m11'!BB10+'m11'!BD10+'m11'!BF10+'m11'!BH10 -> 0 | IA10: =HZ10+HY10-HX10 -> -9075 | IB10: =IFERROR(__xludf.DUMMYFUNCTION("""COMPUTED_VALUE"""),150.0) -> 150 | IC10: ='m11'!BI10+'m12'!C10+'m12'!E10+'m12'!G10+'m12'!I10+'m12'!K10+'m12'!M10 -> 47.5 | ID10: =IC10*IB10 -> 7125 | IE10: ='m11'!BJ10+'m12'!D10+'m12'!F10+'m12'!H10+'m12'!J10+'m12'!L10+'m12'!N10 -> 0 | IG10: =IF10+IE10-ID10 -> -7125 | II10: ='m12'!O10+'m12'!Q10+'m12'!S10+'m12'!U10+'m12'!W10+'m12'!Y10+'m12'!AA10 -> 60 | IJ10: =II10*IB10 -> 9000 | IK10: ='m12'!P10+'m12'!R10+'m12'!T10+'m12'!V10+'m12'!X10+'m12'!Z10+'m12'!AB10 -> 0 | IM10: =IL10+IK10-IJ10 -> -9000 | IO10: ='m12'!AC10+'m12'!AE10+'m12'!AG10+'m12'!AI10+'m12'!AK10+'m12'!AM10+'m12'!AO10 -> 47 | IP10: =IO10*IB10 -> 7050 | IQ10: ='m12'!AD10+'m12'!AF10+'m12'!AH10+'m12'!AJ10+'m12'!AL10+'m12'!AN10+'m12'!AP10 -> 0 | IS10: =IR10+IQ10-IP10 -> -7050 | IU10: ='m12'!AQ10+'m12'!AS10+'m12'!AU10+'m12'!AW10+'m12'!AY10+'m12'!BA10+'m12'!BC10 -> 31 | IV10: =IU10*IB10 -> 4650 | IW10: ='m12'!AR10+'m12'!AT10+'m12'!AV10+'m12'!AX10+'m12'!AZ10+'m12'!BB10+'m12'!BD10 -> 0 | IY10: =IX10+IW10-IV10 -> -4650 | JA10: ='m12'!BE10+'m12'!BG10+'m12'!BI10+'m12'!BK10 -> 27 | JB10: =JA10*IB10 -> 4050 | JC10: ='m12'!BF10+'m12'!BH10+'m12'!BJ10+'m12'!BL10 -> 0 | JE10: =JD10+JC10-JB10 -> -4050
A11: =IFERROR(__xludf.DUMMYFUNCTION("""COMPUTED_VALUE"""),"Yana Nynyk-x") -> Yana Nynyk-x | B11: =IFERROR(__xludf.DUMMYFUNCTION("""COMPUTED_VALUE"""),150.0) -> 150 | C11: ='m3'!E11+'m3'!G11+'m3'!I11+'m3'!K11+'m3'!M11+'m3'!O11+'m3'!Q11 -> 46 | D11: ='m3'!A11*C11 -> 6900 | E11: ='m3'!F11+'m3'!H11+'m3'!J11+'m3'!L11+'m3'!N11+'m3'!P11+'m3'!R11 -> 1000 | F11: 5900 | G11: =E11+F11-D11 -> 0 | I11: ='m3'!S11+'m3'!U11+'m3'!W11+'m3'!Y11+'m3'!AA11+'m3'!AC11+'m3'!AE11 -> 68 | J11: ='m3'!A11*I11 -> 10200 | K11: ='m3'!T11+'m3'!V11+'m3'!X11+'m3'!Z11+'m3'!AB11+'m3'!AD11+'m3'!AF11 -> 0 | M11: =K11+L11-J11 -> -10200 | O11: ='m3'!AG11+'m3'!AI11+'m3'!AK11+'m3'!AM11+'m3'!AO11+'m3'!AQ11+'m3'!AS11 -> 29.5 | P11: ='m3'!A11*O11 -> 4425 | Q11: ='m3'!AH11+'m3'!AJ11+'m3'!AL11+'m3'!AN11+'m3'!AP11+'m3'!AR11+'m3'!AT11 -> 0 | S11: =Q11+R11-P11 -> -4425 | U11: ='m3'!AU11+'m3'!AW11+'m3'!AY11+'m3'!BA11+'m3'!BC11+'m3'!BE11+'m3'!BG11 -> 0 | V11: ='m3'!A11*U11 -> 0 | W11: ='m3'!DG11+'m3'!DI11+'m3'!DK11+'m3'!DM11+'m3'!DO11+'m3'!DQ11+'m3'!DS11 -> 0 | Y11: =W11+X11-V11 -> 0 | AA11: ='m3'!BI11+'m3'!BK11+'m4'!C11+'m4'!E11+'m4'!G11+'m4'!I11+'m4'!K11 -> 0 | AB11: =('m3'!BI11+'m3'!BK11)*'m3'!A11+('m4'!C11+'m4'!E11+'m4'!G11+'m4'!I11+'m4'!K11)*'m4'!A11 -> 0 | AC11: ='m3'!BJ11+'m3'!BL11+'m4'!D11+'m4'!F11+'m4'!H11+'m4'!J11+'m4'!L11 -> 0 | AE11: =AC11+AD11-AB11 -> 0 | AF11: =IFERROR(__xludf.DUMMYFUNCTION("""COMPUTED_VALUE"""),150.0) -> 150 | AG11: ='m4'!M11+'m4'!O11+'m4'!Q11+'m4'!S11+'m4'!U11+'m4'!W11+'m4'!Y11 -> 0 | AH11: ='m4'!A11*AG11 -> 0 | AI11: ='m4'!N11+'m4'!P11+'m4'!R11+'m4'!T11+'m4'!V11+'m4'!X11+'m4'!Z11 -> 0 | AK11: =AI11+AJ11-AH11 -> 0 | AM11: ='m4'!AA11+'m4'!AC11+'m4'!AE11+'m4'!AG11+'m4'!AI11+'m4'!AK11+'m4'!AM11 -> 0 | AN11: ='m4'!A11*AM11 -> 0 | AO11: ='m4'!AB11+'m4'!AD11+'m4'!AF11+'m4'!AH11+'m4'!AJ11+'m4'!AL11+'m4'!AN11 -> 0 | AQ11: =AO11+AP11-AN11 -> 0 | AS11: ='m4'!AO11+'m4'!AQ11+'m4'!AS11+'m4'!AU11+'m4'!AW11+'m4'!AY11+'m4'!BA11 -> 0 | AT11: ='m4'!A11*AS11 -> 0 | AU11: ='m4'!AP11+'m4'!AR11+'m4'!AT11+'m4'!AV11+'m4'!AX11+'m4'!AZ11+'m4'!BB11 -> 0 | AW11: =AV11+AU11-AT11 -> 0 | AY11: ='m4'!BC11+'m4'!BE11+'m4'!BG11+'m4'!BI11+'m5'!C11+'m5'!E11+'m5'!G11 -> 0 | AZ11: =('m4'!BC11+'m4'!BE11+'m4'!BG11+'m4'!BI11)*'m4'!A11+('m5'!C11+'m5'!E11+'m5'!G11)*'m5'!A11 -> 0 | BA11: ='m4'!BD11+'m4'!BF11+'m4'!BH11+'m4'!BJ11+'m5'!D11+'m5'!F11+'m5'!H11 -> 0 | BC11: =BB11+BA11-AZ11 -> 0 | BD11: =IFERROR(__xludf.DUMMYFUNCTION("""COMPUTED_VALUE"""),150.0) -> 150 | BE11: ='m5'!I11+'m5'!K11+'m5'!M11+'m5'!O11+'m5'!Q11+'m5'!S11+'m5'!U11 -> 0 | BF11: ='m5'!A11*BE11 -> 0 | BG11: ='m5'!J11+'m5'!L11+'m5'!N11+'m5'!P11+'m5'!R11+'m5'!T11+'m5'!V11 -> 0 | BI11: =BH11+BG11-BF11 -> 0 | BK11: ='m5'!W11+'m5'!Y11+'m5'!AA11+'m5'!AC11+'m5'!AE11+'m5'!AG11+'m5'!AI11 -> 0 | BL11: ='m5'!A11*BK11 -> 0 | BM11: ='m5'!X11+'m5'!Z11+'m5'!AB11+'m5'!AD11+'m5'!AF11+'m5'!AH11+'m5'!AJ11 -> 0 | BO11: =BN11+BM11-BL11 -> 0 | BQ11: ='m5'!AK11+'m5'!AM11+'m5'!AO11+'m5'!AQ11+'m5'!AS11+'m5'!AU11+'m5'!AW11 -> 0 | BR11: ='m5'!A11*BQ11 -> 0 | BS11: ='m5'!AL11+'m5'!AN11+'m5'!AP11+'m5'!AR11+'m5'!AT11+'m5'!AV11+'m5'!AX11 -> 0 | BU11: =BT11+BS11-BR11 -> 0 | BW11: ='m5'!AY11+'m5'!BA11+'m5'!BC11+'m5'!BE11+'m5'!BG11+'m5'!BI11+'m5'!BK11 -> 0 | BX11: ='m5'!A11*BW11 -> 0 | BY11: ='m5'!AZ11+'m5'!BB11+'m5'!BD11+'m5'!BF11+'m5'!BH11+'m5'!BJ11+'m5'!BL11 -> 0 | CA11: =BZ11+BY11-BX11 -> 0 | CB11: =IFERROR(__xludf.DUMMYFUNCTION("""COMPUTED_VALUE"""),150.0) -> 150 | CC11: ='m6'!C11+'m6'!E11+'m6'!G11+'m6'!I11+'m6'!K11+'m6'!M11+'m6'!O11 -> 0 | CD11: =CC11*CB11 -> 0 | CE11: ='m6'!D11+'m6'!F11+'m6'!H11+'m6'!J11+'m6'!L11+'m6'!N11+'m6'!P11 -> 0 | CG11: =CF11+CE11-CD11 -> 0 | CI11: ='m6'!Q11+'m6'!S11+'m6'!U11+'m6'!W11+'m6'!Y11+'m6'!AA11+'m6'!AC11 -> 0 | CJ11: =CI11*CB11 -> 0 | CK11: ='m6'!R11+'m6'!T11+'m6'!V11+'m6'!X11+'m6'!Z11+'m6'!AB11+'m6'!AD11 -> 0 | CM11: =CL11+CK11-CJ11 -> 0 | CO11: ='m6'!AE11+'m6'!AG11+'m6'!AI11+'m6'!AK11+'m6'!AM11+'m6'!AO11+'m6'!AQ11 -> 0 | CP11: =CO11*CB11 -> 0 | CQ11: ='m6'!AF11+'m6'!AH11+'m6'!AJ11+'m6'!AL11+'m6'!AN11+'m6'!AP11+'m6'!AR11 -> 0 | CS11: =CR11+CQ11-CP11 -> 0 | CU11: ='m6'!AS11+'m6'!AU11+'m6'!AW11+'m6'!AY11+'m6'!BA11+'m6'!BC11+'m6'!BE11 -> 0 | CV11: =CU11*CB11 -> 0 | CW11: ='m6'!AT11+'m6'!AV11+'m6'!AX11+'m6'!AZ11+'m6'!BB11+'m6'!BD11+'m6'!BF11 -> 0 | CY11: =CX11+CW11-CV11 -> 0 | DA11: ='m6'!BG11+'m6'!BI11+'m7'!C11+'m7'!E11+'m7'!G11+'m7'!I11+'m7'!K11 -> 0 | DB11: =('m6'!BG11+'m6'!BI11)*'m6'!A11+('m7'!C11+'m7'!E11+'m7'!G11+'m7'!I11+'m7'!K11)*'m7'!A11 -> 0 | DC11: ='m6'!BH11+'m6'!BJ11+'m7'!D11+'m7'!F11+'m7'!H11+'m7'!J11+'m7'!L11 -> 0 | DE11: =DD11+DC11-DB11 -> 0 | DF11: =IFERROR(__xludf.DUMMYFUNCTION("""COMPUTED_VALUE"""),150.0) -> 150 | DG11: ='m7'!M11+'m7'!O11+'m7'!Q11+'m7'!S11+'m7'!U11+'m7'!W11+'m7'!Y11 -> 0 | DH11: =DG11*DF11 -> 0 | DI11: ='m7'!N11+'m7'!P11+'m7'!R11+'m7'!T11+'m7'!V11+'m7'!X11+'m7'!Z11 -> 0 | DK11: =DJ11+DI11-DH11 -> 0 | DM11: ='m7'!AA11+'m7'!AC11+'m7'!AE11+'m7'!AG11+'m7'!AI11+'m7'!AK11+'m7'!AM11 -> 0 | DN11: =DM11*DF11 -> 0 | DO11: ='m7'!AB11+'m7'!AD11+'m7'!AF11+'m7'!AH11+'m7'!AJ11+'m7'!AL11+'m7'!AN11 -> 0 | DQ11: =DP11+DO11-DN11 -> 0 | DS11: ='m7'!AO11+'m7'!AQ11+'m7'!AS11+'m7'!AU11+'m7'!AW11+'m7'!AY11+'m7'!BA11 -> 0 | DT11: =DS11*DF11 -> 0 | DU11: ='m7'!AP11+'m7'!AR11+'m7'!AT11+'m7'!AV11+'m7'!AX11+'m7'!AZ11+'m7'!BB11 -> 0 | DW11: =DV11+DU11-DT11 -> 0 | DY11: ='m7'!BC11+'m7'!BE11+'m7'!BG11+'m7'!BI11+'m7'!BK11+'m8'!C11+'m8'!E11 -> 0 | DZ11: =('m7'!BC11+'m7'!BE11+'m7'!BG11+'m7'!BI11+'m7'!BK11)*DF11+('m8'!C11+'m8'!E11)*ED11 -> 0 | EA11: ='m7'!BD11+'m7'!BF11+'m7'!BH11+'m7'!BJ11+'m7'!BL11+'m8'!D11+'m8'!F11 -> 0 | EC11: =EB11+EA11-DZ11 -> 0 | ED11: =IFERROR(__xludf.DUMMYFUNCTION("""COMPUTED_VALUE"""),150.0) -> 150 | EE11: ='m8'!G11+'m8'!I11+'m8'!K11+'m8'!M11+'m8'!O11+'m8'!Q11+'m8'!S11 -> 0 | EF11: =EE11*ED11 -> 0 | EG11: ='m8'!H11+'m8'!J11+'m8'!L11+'m8'!N11+'m8'!P11+'m8'!R11+'m8'!T11 -> 0 | EI11: =EH11+EG11-EF11 -> 0 | EK11: ='m8'!U11+'m8'!W11+'m8'!Y11+'m8'!AA11+'m8'!AC11+'m8'!AE11+'m8'!AG11 -> 0 | EL11: =EK11*ED11 -> 0 | EM11: ='m8'!V11+'m8'!X11+'m8'!Z11+'m8'!AB11+'m8'!AD11+'m8'!AF11+'m8'!AH11 -> 0 | EO11: =EN11+EM11-EL11 -> 0 | EQ11: ='m8'!AI11+'m8'!AK11+'m8'!AM11+'m8'!AO11+'m8'!AQ11+'m8'!AS11+'m8'!AU11 -> 0 | ER11: =EQ11*ED11 -> 0 | ES11: ='m8'!AJ11+'m8'!AL11+'m8'!AN11+'m8'!AP11+'m8'!AR11+'m8'!AT11+'m8'!AV11 -> 0 | EU11: =ET11+ES11-ER11 -> 0 | EW11: ='m8'!AW11+'m8'!AY11+'m8'!BA11+'m8'!BC11+'m8'!BE11+'m8'!BG11+'m8'!BI11 -> 0 | EX11: =EW11*ED11 -> 0 | EY11: ='m8'!AX11+'m8'!AZ11+'m8'!BB11+'m8'!BD11+'m8'!BF11+'m8'!BH11+'m8'!BJ11 -> 0 | FA11: =EZ11+EY11-EX11 -> 0 | FC11: ='m8'!BK11+'m9'!C11+'m9'!E11+'m9'!G11+'m9'!I11+'m9'!K11+'m9'!M11 -> 0 | FD11: ='m8'!BK11*ED11+'m9'!C11*FH11+'m9'!E11*FH11+'m9'!G11*FH11+'m9'!I11*FH11+'m9'!K11*FH11+'m9'!M11*FH11 -> 0 | FE11: ='m8'!BL11+'m9'!D11+'m9'!F11+'m9'!H11+'m9'!J11+'m9'!L11+'m9'!N11 -> 0 | FG11: =FF11+FE11-FD11 -> 0 | FH11: =IFERROR(__xludf.DUMMYFUNCTION("""COMPUTED_VALUE"""),150.0) -> 150 | FI11: ='m9'!O11+'m9'!Q11+'m9'!S11+'m9'!U11+'m9'!W11+'m9'!Y11+'m9'!AA11 -> 0 | FJ11: =FI11*FH11 -> 0 | FK11: ='m9'!P11+'m9'!R11+'m9'!T11+'m9'!V11+'m9'!X11+'m9'!Z11+'m9'!AB11 -> 0 | FM11: =FL11+FK11-FJ11 -> 0 | FO11: ='m9'!AC11+'m9'!AE11+'m9'!AG11+'m9'!AI11+'m9'!AK11+'m9'!AM11+'m9'!AO11 -> 0 | FP11: =FO11*FH11 -> 0 | FQ11: ='m9'!AD11+'m9'!AF11+'m9'!AH11+'m9'!AJ11+'m9'!AL11+'m9'!AN11+'m9'!AP11 -> 0 | FS11: =FR11+FQ11-FP11 -> 0 | FU11: ='m9'!AQ11+'m9'!AS11+'m9'!AU11+'m9'!AW11+'m9'!AY11+'m9'!BA11+'m9'!BC11 -> 0 | FV11: =FU11*FH11 -> 0 | FW11: ='m9'!AR11+'m9'!AT11+'m9'!AV11+'m9'!AX11+'m9'!AZ11+'m9'!BB11+'m9'!BD11 -> 0 | FY11: =FX11+FW11-FV11 -> 0 | GA11: ='m9'!BE11+'m9'!BG11+'m9'!BI11+'m10'!C11+'m10'!E11+'m10'!G11+'m10'!I11 -> 0 | GB11: =GA11*FH11 -> 0 | GC11: ='m9'!BF11+'m9'!BH11+'m9'!BJ11+'m10'!D11+'m10'!F11+'m10'!H11+'m10'!J11 -> 0 | GE11: =GD11+GC11-GB11 -> 0 | GF11: =IFERROR(__xludf.DUMMYFUNCTION("""COMPUTED_VALUE"""),150.0) -> 150 | GG11: ='m10'!K11+'m10'!M11+'m10'!O11+'m10'!Q11+'m10'!S11+'m10'!U11+'m10'!W11 -> 0 | GH11: =GG11*GF11 -> 0 | GI11: ='m10'!L11+'m10'!N11+'m10'!P11+'m10'!R11+'m10'!T11+'m10'!V11+'m10'!X11 -> 0 | GK11: =GJ11+GI11-GH11 -> 0 | GM11: ='m10'!Y11+'m10'!AA11+'m10'!AC11+'m10'!AE11+'m10'!AG11+'m10'!AI11+'m10'!AK11 -> 0 | GN11: =GM11*GF11 -> 0 | GO11: ='m10'!Z11+'m10'!AB11+'m10'!AD11+'m10'!AF11+'m10'!AH11+'m10'!AJ11+'m10'!AL11 -> 0 | GQ11: =GP11+GO11-GN11 -> 0 | GS11: ='m10'!AM11+'m10'!AO11+'m10'!AQ11+'m10'!AS11+'m10'!AU11+'m10'!AW11+'m10'!AY11 -> 0 | GT11: =GS11*GF11 -> 0 | GU11: ='m10'!AN11+'m10'!AP11+'m10'!AR11+'m10'!AT11+'m10'!AV11+'m10'!AX11+'m10'!AZ11 -> 0 | GW11: =GV11+GU11-GT11 -> 0 | GY11: ='m10'!BA11+'m10'!BC11+'m10'!BE11+'m10'!BG11+'m10'!BI11+'m10'!BK11+'m11'!C11 -> 0 | GZ11: =GY11*GF11 -> 0 | HA11: ='m10'!BB11+'m10'!BD11+'m10'!BF11+'m10'!BH11+'m10'!BJ11+'m10'!BL11+'m11'!D11 -> 0 | HC11: =HB11+HA11-GZ11 -> 0 | HD11: =IFERROR(__xludf.DUMMYFUNCTION("""COMPUTED_VALUE"""),150.0) -> 150 | HE11: ='m11'!E11+'m11'!G11+'m11'!I11+'m11'!K11+'m11'!M11+'m11'!O11+'m11'!Q11 -> 0 | HF11: =HE11*HD11 -> 0 | HG11: ='m11'!F11+'m11'!H11+'m11'!J11+'m11'!L11+'m11'!N11+'m11'!P11+'m11'!R11 -> 0 | HI11: =HH11+HG11-HF11 -> 0 | HK11: ='m11'!S11+'m11'!U11+'m11'!W11+'m11'!Y11+'m11'!AA11+'m11'!AC11+'m11'!AE11 -> 0 | HL11: =HK11*HD11 -> 0 | HM11: ='m11'!T11+'m11'!V11+'m11'!X11+'m11'!Z11+'m11'!AB11+'m11'!AD11+'m11'!AF11 -> 0 | HO11: =HN11+HM11-HL11 -> 0 | HQ11: ='m11'!AG11+'m11'!AI11+'m11'!AK11+'m11'!AM11+'m11'!AO11+'m11'!AQ11+'m11'!AS11 -> 0 | HR11: =HQ11*HD11 -> 0 | HS11: ='m11'!AH11+'m11'!AJ11+'m11'!AL11+'m11'!AN11+'m11'!AP11+'m11'!AR11+'m11'!AT11 -> 0 | HU11: =HT11+HS11-HR11 -> 0 | HW11: ='m11'!AU11+'m11'!AW11+'m11'!AY11+'m11'!BA11+'m11'!BC11+'m11'!BE11+'m11'!BG11 -> 0 | HX11: =HW11*HD11 -> 0 | HY11: ='m11'!AV11+'m11'!AX11+'m11'!AZ11+'m11'!BB11+'m11'!BD11+'m11'!BF11+'m11'!BH11 -> 0 | IA11: =HZ11+HY11-HX11 -> 0 | IB11: =IFERROR(__xludf.DUMMYFUNCTION("""COMPUTED_VALUE"""),150.0) -> 150 | IC11: ='m11'!BI11+'m12'!C11+'m12'!E11+'m12'!G11+'m12'!I11+'m12'!K11+'m12'!M11 -> 0 | ID11: =IC11*IB11 -> 0 | IE11: ='m11'!BJ11+'m12'!D11+'m12'!F11+'m12'!H11+'m12'!J11+'m12'!L11+'m12'!N11 -> 0 | IG11: =IF11+IE11-ID11 -> 0 | II11: ='m12'!O11+'m12'!Q11+'m12'!S11+'m12'!U11+'m12'!W11+'m12'!Y11+'m12'!AA11 -> 0 | IJ11: =II11*IB11 -> 0 | IK11: ='m12'!P11+'m12'!R11+'m12'!T11+'m12'!V11+'m12'!X11+'m12'!Z11+'m12'!AB11 -> 0 | IM11: =IL11+IK11-IJ11 -> 0 | IO11: ='m12'!AC11+'m12'!AE11+'m12'!AG11+'m12'!AI11+'m12'!AK11+'m12'!AM11+'m12'!AO11 -> 0 | IP11: =IO11*IB11 -> 0 | IQ11: ='m12'!AD11+'m12'!AF11+'m12'!AH11+'m12'!AJ11+'m12'!AL11+'m12'!AN11+'m12'!AP11 -> 0 | IS11: =IR11+IQ11-IP11 -> 0 | IU11: ='m12'!AQ11+'m12'!AS11+'m12'!AU11+'m12'!AW11+'m12'!AY11+'m12'!BA11+'m12'!BC11 -> 0 | IV11: =IU11*IB11 -> 0 | IW11: ='m12'!AR11+'m12'!AT11+'m12'!AV11+'m12'!AX11+'m12'!AZ11+'m12'!BB11+'m12'!BD11 -> 0 | IY11: =IX11+IW11-IV11 -> 0 | JA11: ='m12'!BE11+'m12'!BG11+'m12'!BI11+'m12'!BK11 -> 0 | JB11: =JA11*IB11 -> 0 | JC11: ='m12'!BF11+'m12'!BH11+'m12'!BJ11+'m12'!BL11 -> 0 | JE11: =JD11+JC11-JB11 -> 0
A12: =IFERROR(__xludf.DUMMYFUNCTION("""COMPUTED_VALUE"""),"Vojtěch Fux") -> Vojtěch Fux | B12: =IFERROR(__xludf.DUMMYFUNCTION("""COMPUTED_VALUE"""),150.0) -> 150 | C12: ='m3'!E12+'m3'!G12+'m3'!I12+'m3'!K12+'m3'!M12+'m3'!O12+'m3'!Q12 -> 33.5 | D12: ='m3'!A12*C12 -> 5025 | E12: ='m3'!F12+'m3'!H12+'m3'!J12+'m3'!L12+'m3'!N12+'m3'!P12+'m3'!R12 -> 3350 | F12: 1675 | G12: =E12+F12-D12 -> 0 | I12: ='m3'!S12+'m3'!U12+'m3'!W12+'m3'!Y12+'m3'!AA12+'m3'!AC12+'m3'!AE12 -> 51 | J12: ='m3'!A12*I12 -> 7650 | K12: ='m3'!T12+'m3'!V12+'m3'!X12+'m3'!Z12+'m3'!AB12+'m3'!AD12+'m3'!AF12 -> 7650 | M12: =K12+L12-J12 -> 0 | O12: ='m3'!AG12+'m3'!AI12+'m3'!AK12+'m3'!AM12+'m3'!AO12+'m3'!AQ12+'m3'!AS12 -> 51 | P12: ='m3'!A12*O12 -> 7650 | Q12: ='m3'!AH12+'m3'!AJ12+'m3'!AL12+'m3'!AN12+'m3'!AP12+'m3'!AR12+'m3'!AT12 -> 1050 | R12: 6600 | S12: =Q12+R12-P12 -> 0 | U12: ='m3'!AU12+'m3'!AW12+'m3'!AY12+'m3'!BA12+'m3'!BC12+'m3'!BE12+'m3'!BG12 -> 59.5 | V12: ='m3'!A12*U12 -> 8925 | W12: ='m3'!DG12+'m3'!DI12+'m3'!DK12+'m3'!DM12+'m3'!DO12+'m3'!DQ12+'m3'!DS12 -> 0 | X12: 8925 | Y12: =W12+X12-V12 -> 0 | AA12: ='m3'!BI12+'m3'!BK12+'m4'!C12+'m4'!E12+'m4'!G12+'m4'!I12+'m4'!K12 -> 53 | AB12: =('m3'!BI12+'m3'!BK12)*'m3'!A12+('m4'!C12+'m4'!E12+'m4'!G12+'m4'!I12+'m4'!K12)*'m4'!A12 -> 7950 | AC12: ='m3'!BJ12+'m3'!BL12+'m4'!D12+'m4'!F12+'m4'!H12+'m4'!J12+'m4'!L12 -> 0 | AD12: 7950 | AE12: =AC12+AD12-AB12 -> 0 | AF12: =IFERROR(__xludf.DUMMYFUNCTION("""COMPUTED_VALUE"""),150.0) -> 150 | AG12: ='m4'!M12+'m4'!O12+'m4'!Q12+'m4'!S12+'m4'!U12+'m4'!W12+'m4'!Y12 -> 59 | AH12: ='m4'!A12*AG12 -> 8850 | AI12: ='m4'!N12+'m4'!P12+'m4'!R12+'m4'!T12+'m4'!V12+'m4'!X12+'m4'!Z12 -> 0 | AJ12: 8850 | AK12: =AI12+AJ12-AH12 -> 0 | AM12: ='m4'!AA12+'m4'!AC12+'m4'!AE12+'m4'!AG12+'m4'!AI12+'m4'!AK12+'m4'!AM12 -> 69.5 | AN12: ='m4'!A12*AM12 -> 10425 | AO12: ='m4'!AB12+'m4'!AD12+'m4'!AF12+'m4'!AH12+'m4'!AJ12+'m4'!AL12+'m4'!AN12 -> 0 | AP12: 10425 | AQ12: =AO12+AP12-AN12 -> 0 | AS12: ='m4'!AO12+'m4'!AQ12+'m4'!AS12+'m4'!AU12+'m4'!AW12+'m4'!AY12+'m4'!BA12 -> 36 | AT12: ='m4'!A12*AS12 -> 5400 | AU12: ='m4'!AP12+'m4'!AR12+'m4'!AT12+'m4'!AV12+'m4'!AX12+'m4'!AZ12+'m4'!BB12 -> 0 | AV12: 5400 | AW12: =AV12+AU12-AT12 -> 0 | AY12: ='m4'!BC12+'m4'!BE12+'m4'!BG12+'m4'!BI12+'m5'!C12+'m5'!E12+'m5'!G12 -> 29.5 | AZ12: =('m4'!BC12+'m4'!BE12+'m4'!BG12+'m4'!BI12)*'m4'!A12+('m5'!C12+'m5'!E12+'m5'!G12)*'m5'!A12 -> 4425 | BA12: ='m4'!BD12+'m4'!BF12+'m4'!BH12+'m4'!BJ12+'m5'!D12+'m5'!F12+'m5'!H12 -> 0 | BB12: 4425 | BC12: =BB12+BA12-AZ12 -> 0 | BD12: =IFERROR(__xludf.DUMMYFUNCTION("""COMPUTED_VALUE"""),150.0) -> 150 | BE12: ='m5'!I12+'m5'!K12+'m5'!M12+'m5'!O12+'m5'!Q12+'m5'!S12+'m5'!U12 -> 38.5 | BF12: ='m5'!A12*BE12 -> 5775 | BG12: ='m5'!J12+'m5'!L12+'m5'!N12+'m5'!P12+'m5'!R12+'m5'!T12+'m5'!V12 -> 2400 | BI12: =BH12+BG12-BF12 -> -3375 | BK12: ='m5'!W12+'m5'!Y12+'m5'!AA12+'m5'!AC12+'m5'!AE12+'m5'!AG12+'m5'!AI12 -> 18 | BL12: ='m5'!A12*BK12 -> 2700 | BM12: ='m5'!X12+'m5'!Z12+'m5'!AB12+'m5'!AD12+'m5'!AF12+'m5'!AH12+'m5'!AJ12 -> 0 | BO12: =BN12+BM12-BL12 -> -2700 | BQ12: ='m5'!AK12+'m5'!AM12+'m5'!AO12+'m5'!AQ12+'m5'!AS12+'m5'!AU12+'m5'!AW12 -> 44 | BR12: ='m5'!A12*BQ12 -> 6600 | BS12: ='m5'!AL12+'m5'!AN12+'m5'!AP12+'m5'!AR12+'m5'!AT12+'m5'!AV12+'m5'!AX12 -> 2550 | BU12: =BT12+BS12-BR12 -> -4050 | BW12: ='m5'!AY12+'m5'!BA12+'m5'!BC12+'m5'!BE12+'m5'!BG12+'m5'!BI12+'m5'!BK12 -> 42.5 | BX12: ='m5'!A12*BW12 -> 6375 | BY12: ='m5'!AZ12+'m5'!BB12+'m5'!BD12+'m5'!BF12+'m5'!BH12+'m5'!BJ12+'m5'!BL12 -> 500 | CA12: =BZ12+BY12-BX12 -> -5875 | CB12: =IFERROR(__xludf.DUMMYFUNCTION("""COMPUTED_VALUE"""),150.0) -> 150 | CC12: ='m6'!C12+'m6'!E12+'m6'!G12+'m6'!I12+'m6'!K12+'m6'!M12+'m6'!O12 -> 14.5 | CD12: =CC12*CB12 -> 2175 | CE12: ='m6'!D12+'m6'!F12+'m6'!H12+'m6'!J12+'m6'!L12+'m6'!N12+'m6'!P12 -> 3000 | CG12: =CF12+CE12-CD12 -> 825 | CI12: ='m6'!Q12+'m6'!S12+'m6'!U12+'m6'!W12+'m6'!Y12+'m6'!AA12+'m6'!AC12 -> 39.5 | CJ12: =CI12*CB12 -> 5925 | CK12: ='m6'!R12+'m6'!T12+'m6'!V12+'m6'!X12+'m6'!Z12+'m6'!AB12+'m6'!AD12 -> 0 | CM12: =CL12+CK12-CJ12 -> -5925 | CO12: ='m6'!AE12+'m6'!AG12+'m6'!AI12+'m6'!AK12+'m6'!AM12+'m6'!AO12+'m6'!AQ12 -> 19.5 | CP12: =CO12*CB12 -> 2925 | CQ12: ='m6'!AF12+'m6'!AH12+'m6'!AJ12+'m6'!AL12+'m6'!AN12+'m6'!AP12+'m6'!AR12 -> 0 | CS12: =CR12+CQ12-CP12 -> -2925 | CU12: ='m6'!AS12+'m6'!AU12+'m6'!AW12+'m6'!AY12+'m6'!BA12+'m6'!BC12+'m6'!BE12 -> 48.5 | CV12: =CU12*CB12 -> 7275 | CW12: ='m6'!AT12+'m6'!AV12+'m6'!AX12+'m6'!AZ12+'m6'!BB12+'m6'!BD12+'m6'!BF12 -> 1280 | CY12: =CX12+CW12-CV12 -> -5995 | DA12: ='m6'!BG12+'m6'!BI12+'m7'!C12+'m7'!E12+'m7'!G12+'m7'!I12+'m7'!K12 -> 16 | DB12: =('m6'!BG12+'m6'!BI12)*'m6'!A12+('m7'!C12+'m7'!E12+'m7'!G12+'m7'!I12+'m7'!K12)*'m7'!A12 -> 2400 | DC12: ='m6'!BH12+'m6'!BJ12+'m7'!D12+'m7'!F12+'m7'!H12+'m7'!J12+'m7'!L12 -> 2400 | DE12: =DD12+DC12-DB12 -> 0 | DF12: =IFERROR(__xludf.DUMMYFUNCTION("""COMPUTED_VALUE"""),150.0) -> 150 | DG12: ='m7'!M12+'m7'!O12+'m7'!Q12+'m7'!S12+'m7'!U12+'m7'!W12+'m7'!Y12 -> 0 | DH12: =DG12*DF12 -> 0 | DI12: ='m7'!N12+'m7'!P12+'m7'!R12+'m7'!T12+'m7'!V12+'m7'!X12+'m7'!Z12 -> 0 | DK12: =DJ12+DI12-DH12 -> 0 | DM12: ='m7'!AA12+'m7'!AC12+'m7'!AE12+'m7'!AG12+'m7'!AI12+'m7'!AK12+'m7'!AM12 -> 0 | DN12: =DM12*DF12 -> 0 | DO12: ='m7'!AB12+'m7'!AD12+'m7'!AF12+'m7'!AH12+'m7'!AJ12+'m7'!AL12+'m7'!AN12 -> 0 | DQ12: =DP12+DO12-DN12 -> 0 | DS12: ='m7'!AO12+'m7'!AQ12+'m7'!AS12+'m7'!AU12+'m7'!AW12+'m7'!AY12+'m7'!BA12 -> 20.5 | DT12: =DS12*DF12 -> 3075 | DU12: ='m7'!AP12+'m7'!AR12+'m7'!AT12+'m7'!AV12+'m7'!AX12+'m7'!AZ12+'m7'!BB12 -> 850 | DW12: =DV12+DU12-DT12 -> -2225 | DY12: ='m7'!BC12+'m7'!BE12+'m7'!BG12+'m7'!BI12+'m7'!BK12+'m8'!C12+'m8'!E12 -> 23.5 | DZ12: =('m7'!BC12+'m7'!BE12+'m7'!BG12+'m7'!BI12+'m7'!BK12)*DF12+('m8'!C12+'m8'!E12)*ED12 -> 3525 | EA12: ='m7'!BD12+'m7'!BF12+'m7'!BH12+'m7'!BJ12+'m7'!BL12+'m8'!D12+'m8'!F12 -> 500 | EC12: =EB12+EA12-DZ12 -> -3025 | ED12: =IFERROR(__xludf.DUMMYFUNCTION("""COMPUTED_VALUE"""),150.0) -> 150 | EE12: ='m8'!G12+'m8'!I12+'m8'!K12+'m8'!M12+'m8'!O12+'m8'!Q12+'m8'!S12 -> 48 | EF12: =EE12*ED12 -> 7200 | EG12: ='m8'!H12+'m8'!J12+'m8'!L12+'m8'!N12+'m8'!P12+'m8'!R12+'m8'!T12 -> 700 | EI12: =EH12+EG12-EF12 -> -6500 | EK12: ='m8'!U12+'m8'!W12+'m8'!Y12+'m8'!AA12+'m8'!AC12+'m8'!AE12+'m8'!AG12 -> 28 | EL12: =EK12*ED12 -> 4200 | EM12: ='m8'!V12+'m8'!X12+'m8'!Z12+'m8'!AB12+'m8'!AD12+'m8'!AF12+'m8'!AH12 -> 820 | EO12: =EN12+EM12-EL12 -> -3380 | EQ12: ='m8'!AI12+'m8'!AK12+'m8'!AM12+'m8'!AO12+'m8'!AQ12+'m8'!AS12+'m8'!AU12 -> 51.5 | ER12: =EQ12*ED12 -> 7725 | ES12: ='m8'!AJ12+'m8'!AL12+'m8'!AN12+'m8'!AP12+'m8'!AR12+'m8'!AT12+'m8'!AV12 -> 7725 | EU12: =ET12+ES12-ER12 -> 0 | EW12: ='m8'!AW12+'m8'!AY12+'m8'!BA12+'m8'!BC12+'m8'!BE12+'m8'!BG12+'m8'!BI12 -> 32.5 | EX12: =EW12*ED12 -> 4875 | EY12: ='m8'!AX12+'m8'!AZ12+'m8'!BB12+'m8'!BD12+'m8'!BF12+'m8'!BH12+'m8'!BJ12 -> 900 | FA12: =EZ12+EY12-EX12 -> -3975 | FC12: ='m8'!BK12+'m9'!C12+'m9'!E12+'m9'!G12+'m9'!I12+'m9'!K12+'m9'!M12 -> 52.5 | FD12: ='m8'!BK12*ED12+'m9'!C12*FH12+'m9'!E12*FH12+'m9'!G12*FH12+'m9'!I12*FH12+'m9'!K12*FH12+'m9'!M12*FH12 -> 7875 | FE12: ='m8'!BL12+'m9'!D12+'m9'!F12+'m9'!H12+'m9'!J12+'m9'!L12+'m9'!N12 -> 354 | FG12: =FF12+FE12-FD12 -> -7521 | FH12: =IFERROR(__xludf.DUMMYFUNCTION("""COMPUTED_VALUE"""),150.0) -> 150 | FI12: ='m9'!O12+'m9'!Q12+'m9'!S12+'m9'!U12+'m9'!W12+'m9'!Y12+'m9'!AA12 -> 0 | FJ12: =FI12*FH12 -> 0 | FK12: ='m9'!P12+'m9'!R12+'m9'!T12+'m9'!V12+'m9'!X12+'m9'!Z12+'m9'!AB12 -> 0 | FM12: =FL12+FK12-FJ12 -> 0 | FO12: ='m9'!AC12+'m9'!AE12+'m9'!AG12+'m9'!AI12+'m9'!AK12+'m9'!AM12+'m9'!AO12 -> 0 | FP12: =FO12*FH12 -> 0 | FQ12: ='m9'!AD12+'m9'!AF12+'m9'!AH12+'m9'!AJ12+'m9'!AL12+'m9'!AN12+'m9'!AP12 -> 0 | FS12: =FR12+FQ12-FP12 -> 0 | FU12: ='m9'!AQ12+'m9'!AS12+'m9'!AU12+'m9'!AW12+'m9'!AY12+'m9'!BA12+'m9'!BC12 -> 30 | FV12: =FU12*FH12 -> 4500 | FW12: ='m9'!AR12+'m9'!AT12+'m9'!AV12+'m9'!AX12+'m9'!AZ12+'m9'!BB12+'m9'!BD12 -> 4500 | FY12: =FX12+FW12-FV12 -> 0 | GA12: ='m9'!BE12+'m9'!BG12+'m9'!BI12+'m10'!C12+'m10'!E12+'m10'!G12+'m10'!I12 -> 0 | GB12: =GA12*FH12 -> 0 | GC12: ='m9'!BF12+'m9'!BH12+'m9'!BJ12+'m10'!D12+'m10'!F12+'m10'!H12+'m10'!J12 -> 0 | GE12: =GD12+GC12-GB12 -> 0 | GF12: =IFERROR(__xludf.DUMMYFUNCTION("""COMPUTED_VALUE"""),150.0) -> 150 | GG12: ='m10'!K12+'m10'!M12+'m10'!O12+'m10'!Q12+'m10'!S12+'m10'!U12+'m10'!W12 -> 0 | GH12: =GG12*GF12 -> 0 | GI12: ='m10'!L12+'m10'!N12+'m10'!P12+'m10'!R12+'m10'!T12+'m10'!V12+'m10'!X12 -> 0 | GK12: =GJ12+GI12-GH12 -> 0 | GM12: ='m10'!Y12+'m10'!AA12+'m10'!AC12+'m10'!AE12+'m10'!AG12+'m10'!AI12+'m10'!AK12 -> 0 | GN12: =GM12*GF12 -> 0 | GO12: ='m10'!Z12+'m10'!AB12+'m10'!AD12+'m10'!AF12+'m10'!AH12+'m10'!AJ12+'m10'!AL12 -> 0 | GQ12: =GP12+GO12-GN12 -> 0 | GS12: ='m10'!AM12+'m10'!AO12+'m10'!AQ12+'m10'!AS12+'m10'!AU12+'m10'!AW12+'m10'!AY12 -> 0 | GT12: =GS12*GF12 -> 0 | GU12: ='m10'!AN12+'m10'!AP12+'m10'!AR12+'m10'!AT12+'m10'!AV12+'m10'!AX12+'m10'!AZ12 -> 0 | GW12: =GV12+GU12-GT12 -> 0 | GY12: ='m10'!BA12+'m10'!BC12+'m10'!BE12+'m10'!BG12+'m10'!BI12+'m10'!BK12+'m11'!C12 -> 0 | GZ12: =GY12*GF12 -> 0 | HA12: ='m10'!BB12+'m10'!BD12+'m10'!BF12+'m10'!BH12+'m10'!BJ12+'m10'!BL12+'m11'!D12 -> 0 | HC12: =HB12+HA12-GZ12 -> 0 | HD12: =IFERROR(__xludf.DUMMYFUNCTION("""COMPUTED_VALUE"""),150.0) -> 150 | HE12: ='m11'!E12+'m11'!G12+'m11'!I12+'m11'!K12+'m11'!M12+'m11'!O12+'m11'!Q12 -> 0 | HF12: =HE12*HD12 -> 0 | HG12: ='m11'!F12+'m11'!H12+'m11'!J12+'m11'!L12+'m11'!N12+'m11'!P12+'m11'!R12 -> 0 | HI12: =HH12+HG12-HF12 -> 0 | HK12: ='m11'!S12+'m11'!U12+'m11'!W12+'m11'!Y12+'m11'!AA12+'m11'!AC12+'m11'!AE12 -> 0 | HL12: =HK12*HD12 -> 0 | HM12: ='m11'!T12+'m11'!V12+'m11'!X12+'m11'!Z12+'m11'!AB12+'m11'!AD12+'m11'!AF12 -> 0 | HO12: =HN12+HM12-HL12 -> 0 | HQ12: ='m11'!AG12+'m11'!AI12+'m11'!AK12+'m11'!AM12+'m11'!AO12+'m11'!AQ12+'m11'!AS12 -> 0 | HR12: =HQ12*HD12 -> 0 | HS12: ='m11'!AH12+'m11'!AJ12+'m11'!AL12+'m11'!AN12+'m11'!AP12+'m11'!AR12+'m11'!AT12 -> 0 | HU12: =HT12+HS12-HR12 -> 0 | HW12: ='m11'!AU12+'m11'!AW12+'m11'!AY12+'m11'!BA12+'m11'!BC12+'m11'!BE12+'m11'!BG12 -> 0 | HX12: =HW12*HD12 -> 0 | HY12: ='m11'!AV12+'m11'!AX12+'m11'!AZ12+'m11'!BB12+'m11'!BD12+'m11'!BF12+'m11'!BH12 -> 0 | IA12: =HZ12+HY12-HX12 -> 0 | IB12: =IFERROR(__xludf.DUMMYFUNCTION("""COMPUTED_VALUE"""),150.0) -> 150 | IC12: ='m11'!BI12+'m12'!C12+'m12'!E12+'m12'!G12+'m12'!I12+'m12'!K12+'m12'!M12 -> 0 | ID12: =IC12*IB12 -> 0 | IE12: ='m11'!BJ12+'m12'!D12+'m12'!F12+'m12'!H12+'m12'!J12+'m12'!L12+'m12'!N12 -> 0 | IG12: =IF12+IE12-ID12 -> 0 | II12: ='m12'!O12+'m12'!Q12+'m12'!S12+'m12'!U12+'m12'!W12+'m12'!Y12+'m12'!AA12 -> 0 | IJ12: =II12*IB12 -> 0 | IK12: ='m12'!P12+'m12'!R12+'m12'!T12+'m12'!V12+'m12'!X12+'m12'!Z12+'m12'!AB12 -> 0 | IM12: =IL12+IK12-IJ12 -> 0 | IO12: ='m12'!AC12+'m12'!AE12+'m12'!AG12+'m12'!AI12+'m12'!AK12+'m12'!AM12+'m12'!AO12 -> 0 | IP12: =IO12*IB12 -> 0 | IQ12: ='m12'!AD12+'m12'!AF12+'m12'!AH12+'m12'!AJ12+'m12'!AL12+'m12'!AN12+'m12'!AP12 -> 0 | IS12: =IR12+IQ12-IP12 -> 0 | IU12: ='m12'!AQ12+'m12'!AS12+'m12'!AU12+'m12'!AW12+'m12'!AY12+'m12'!BA12+'m12'!BC12 -> 0 | IV12: =IU12*IB12 -> 0 | IW12: ='m12'!AR12+'m12'!AT12+'m12'!AV12+'m12'!AX12+'m12'!AZ12+'m12'!BB12+'m12'!BD12 -> 0 | IY12: =IX12+IW12-IV12 -> 0 | JA12: ='m12'!BE12+'m12'!BG12+'m12'!BI12+'m12'!BK12 -> 0 | JB12: =JA12*IB12 -> 0 | JC12: ='m12'!BF12+'m12'!BH12+'m12'!BJ12+'m12'!BL12 -> 0 | JE12: =JD12+JC12-JB12 -> 0
A13: =IFERROR(__xludf.DUMMYFUNCTION("""COMPUTED_VALUE"""),"Daniel Fux") -> Daniel Fux | B13: =IFERROR(__xludf.DUMMYFUNCTION("""COMPUTED_VALUE"""),120.0) -> 120 | C13: ='m3'!E13+'m3'!G13+'m3'!I13+'m3'!K13+'m3'!M13+'m3'!O13+'m3'!Q13 -> 18 | D13: ='m3'!A13*C13 -> 2160 | E13: ='m3'!F13+'m3'!H13+'m3'!J13+'m3'!L13+'m3'!N13+'m3'!P13+'m3'!R13 -> 2160 | G13: =E13+F13-D13 -> 0 | I13: ='m3'!S13+'m3'!U13+'m3'!W13+'m3'!Y13+'m3'!AA13+'m3'!AC13+'m3'!AE13 -> 27 | J13: ='m3'!A13*I13 -> 3240 | K13: ='m3'!T13+'m3'!V13+'m3'!X13+'m3'!Z13+'m3'!AB13+'m3'!AD13+'m3'!AF13 -> 3240 | M13: =K13+L13-J13 -> 0 | O13: ='m3'!AG13+'m3'!AI13+'m3'!AK13+'m3'!AM13+'m3'!AO13+'m3'!AQ13+'m3'!AS13 -> 30 | P13: ='m3'!A13*O13 -> 3600 | Q13: ='m3'!AH13+'m3'!AJ13+'m3'!AL13+'m3'!AN13+'m3'!AP13+'m3'!AR13+'m3'!AT13 -> 600 | R13: 3000 | S13: =Q13+R13-P13 -> 0 | U13: ='m3'!AU13+'m3'!AW13+'m3'!AY13+'m3'!BA13+'m3'!BC13+'m3'!BE13+'m3'!BG13 -> 23 | V13: ='m3'!A13*U13 -> 2760 | W13: ='m3'!DG13+'m3'!DI13+'m3'!DK13+'m3'!DM13+'m3'!DO13+'m3'!DQ13+'m3'!DS13 -> 0 | X13: 2760 | Y13: =W13+X13-V13 -> 0 | AA13: ='m3'!BI13+'m3'!BK13+'m4'!C13+'m4'!E13+'m4'!G13+'m4'!I13+'m4'!K13 -> 15 | AB13: =('m3'!BI13+'m3'!BK13)*'m3'!A13+('m4'!C13+'m4'!E13+'m4'!G13+'m4'!I13+'m4'!K13)*'m4'!A13 -> 1800 | AC13: ='m3'!BJ13+'m3'!BL13+'m4'!D13+'m4'!F13+'m4'!H13+'m4'!J13+'m4'!L13 -> 0 | AD13: 1800 | AE13: =AC13+AD13-AB13 -> 0 | AF13: =IFERROR(__xludf.DUMMYFUNCTION("""COMPUTED_VALUE"""),120.0) -> 120 | AG13: ='m4'!M13+'m4'!O13+'m4'!Q13+'m4'!S13+'m4'!U13+'m4'!W13+'m4'!Y13 -> 13 | AH13: ='m4'!A13*AG13 -> 1560 | AI13: ='m4'!N13+'m4'!P13+'m4'!R13+'m4'!T13+'m4'!V13+'m4'!X13+'m4'!Z13 -> 0 | AJ13: 1560 | AK13: =AI13+AJ13-AH13 -> 0 | AM13: ='m4'!AA13+'m4'!AC13+'m4'!AE13+'m4'!AG13+'m4'!AI13+'m4'!AK13+'m4'!AM13 -> 52.5 | AN13: ='m4'!A13*AM13 -> 6300 | AO13: ='m4'!AB13+'m4'!AD13+'m4'!AF13+'m4'!AH13+'m4'!AJ13+'m4'!AL13+'m4'!AN13 -> 0 | AP13: 6300 | AQ13: =AO13+AP13-AN13 -> 0 | AS13: ='m4'!AO13+'m4'!AQ13+'m4'!AS13+'m4'!AU13+'m4'!AW13+'m4'!AY13+'m4'!BA13 -> 16 | AT13: ='m4'!A13*AS13 -> 1920 | AU13: ='m4'!AP13+'m4'!AR13+'m4'!AT13+'m4'!AV13+'m4'!AX13+'m4'!AZ13+'m4'!BB13 -> 0 | AV13: 1920 | AW13: =AV13+AU13-AT13 -> 0 | AY13: ='m4'!BC13+'m4'!BE13+'m4'!BG13+'m4'!BI13+'m5'!C13+'m5'!E13+'m5'!G13 -> 8.5 | AZ13: =('m4'!BC13+'m4'!BE13+'m4'!BG13+'m4'!BI13)*'m4'!A13+('m5'!C13+'m5'!E13+'m5'!G13)*'m5'!A13 -> 1020 | BA13: ='m4'!BD13+'m4'!BF13+'m4'!BH13+'m4'!BJ13+'m5'!D13+'m5'!F13+'m5'!H13 -> 0 | BB13: 1020 | BC13: =BB13+BA13-AZ13 -> 0 | BD13: =IFERROR(__xludf.DUMMYFUNCTION("""COMPUTED_VALUE"""),120.0) -> 120 | BE13: ='m5'!I13+'m5'!K13+'m5'!M13+'m5'!O13+'m5'!Q13+'m5'!S13+'m5'!U13 -> 32 | BF13: ='m5'!A13*BE13 -> 3840 | BG13: ='m5'!J13+'m5'!L13+'m5'!N13+'m5'!P13+'m5'!R13+'m5'!T13+'m5'!V13 -> 0 | BH13: 3840 | BI13: =BH13+BG13-BF13 -> 0 | BK13: ='m5'!W13+'m5'!Y13+'m5'!AA13+'m5'!AC13+'m5'!AE13+'m5'!AG13+'m5'!AI13 -> 5 | BL13: ='m5'!A13*BK13 -> 600 | BM13: ='m5'!X13+'m5'!Z13+'m5'!AB13+'m5'!AD13+'m5'!AF13+'m5'!AH13+'m5'!AJ13 -> 0 | BO13: =BN13+BM13-BL13 -> -600 | BQ13: ='m5'!AK13+'m5'!AM13+'m5'!AO13+'m5'!AQ13+'m5'!AS13+'m5'!AU13+'m5'!AW13 -> 32.5 | BR13: ='m5'!A13*BQ13 -> 3900 | BS13: ='m5'!AL13+'m5'!AN13+'m5'!AP13+'m5'!AR13+'m5'!AT13+'m5'!AV13+'m5'!AX13 -> 0 | BU13: =BT13+BS13-BR13 -> -3900 | BW13: ='m5'!AY13+'m5'!BA13+'m5'!BC13+'m5'!BE13+'m5'!BG13+'m5'!BI13+'m5'!BK13 -> 43.5 | BX13: ='m5'!A13*BW13 -> 5220 | BY13: ='m5'!AZ13+'m5'!BB13+'m5'!BD13+'m5'!BF13+'m5'!BH13+'m5'!BJ13+'m5'!BL13 -> 0 | CA13: =BZ13+BY13-BX13 -> -5220 | CB13: =IFERROR(__xludf.DUMMYFUNCTION("""COMPUTED_VALUE"""),120.0) -> 120 | CC13: ='m6'!C13+'m6'!E13+'m6'!G13+'m6'!I13+'m6'!K13+'m6'!M13+'m6'!O13 -> 33 | CD13: =CC13*CB13 -> 3960 | CE13: ='m6'!D13+'m6'!F13+'m6'!H13+'m6'!J13+'m6'!L13+'m6'!N13+'m6'!P13 -> 0 | CG13: =CF13+CE13-CD13 -> -3960 | CI13: ='m6'!Q13+'m6'!S13+'m6'!U13+'m6'!W13+'m6'!Y13+'m6'!AA13+'m6'!AC13 -> 25 | CJ13: =CI13*CB13 -> 3000 | CK13: ='m6'!R13+'m6'!T13+'m6'!V13+'m6'!X13+'m6'!Z13+'m6'!AB13+'m6'!AD13 -> 0 | CM13: =CL13+CK13-CJ13 -> -3000 | CO13: ='m6'!AE13+'m6'!AG13+'m6'!AI13+'m6'!AK13+'m6'!AM13+'m6'!AO13+'m6'!AQ13 -> 30 | CP13: =CO13*CB13 -> 3600 | CQ13: ='m6'!AF13+'m6'!AH13+'m6'!AJ13+'m6'!AL13+'m6'!AN13+'m6'!AP13+'m6'!AR13 -> 0 | CS13: =CR13+CQ13-CP13 -> -3600 | CU13: ='m6'!AS13+'m6'!AU13+'m6'!AW13+'m6'!AY13+'m6'!BA13+'m6'!BC13+'m6'!BE13 -> 22.5 | CV13: =CU13*CB13 -> 2700 | CW13: ='m6'!AT13+'m6'!AV13+'m6'!AX13+'m6'!AZ13+'m6'!BB13+'m6'!BD13+'m6'!BF13 -> 0 | CY13: =CX13+CW13-CV13 -> -2700 | DA13: ='m6'!BG13+'m6'!BI13+'m7'!C13+'m7'!E13+'m7'!G13+'m7'!I13+'m7'!K13 -> 13 | DB13: =('m6'!BG13+'m6'!BI13)*'m6'!A13+('m7'!C13+'m7'!E13+'m7'!G13+'m7'!I13+'m7'!K13)*'m7'!A13 -> 1560 | DC13: ='m6'!BH13+'m6'!BJ13+'m7'!D13+'m7'!F13+'m7'!H13+'m7'!J13+'m7'!L13 -> 0 | DE13: =DD13+DC13-DB13 -> -1560 | DF13: =IFERROR(__xludf.DUMMYFUNCTION("""COMPUTED_VALUE"""),120.0) -> 120 | DG13: ='m7'!M13+'m7'!O13+'m7'!Q13+'m7'!S13+'m7'!U13+'m7'!W13+'m7'!Y13 -> 12 | DH13: =DG13*DF13 -> 1440 | DI13: ='m7'!N13+'m7'!P13+'m7'!R13+'m7'!T13+'m7'!V13+'m7'!X13+'m7'!Z13 -> 0 | DK13: =DJ13+DI13-DH13 -> -1440 | DM13: ='m7'!AA13+'m7'!AC13+'m7'!AE13+'m7'!AG13+'m7'!AI13+'m7'!AK13+'m7'!AM13 -> 22.5 | DN13: =DM13*DF13 -> 2700 | DO13: ='m7'!AB13+'m7'!AD13+'m7'!AF13+'m7'!AH13+'m7'!AJ13+'m7'!AL13+'m7'!AN13 -> 0 | DQ13: =DP13+DO13-DN13 -> -2700 | DS13: ='m7'!AO13+'m7'!AQ13+'m7'!AS13+'m7'!AU13+'m7'!AW13+'m7'!AY13+'m7'!BA13 -> 12.5 | DT13: =DS13*DF13 -> 1500 | DU13: ='m7'!AP13+'m7'!AR13+'m7'!AT13+'m7'!AV13+'m7'!AX13+'m7'!AZ13+'m7'!BB13 -> 0 | DW13: =DV13+DU13-DT13 -> -1500 | DY13: ='m7'!BC13+'m7'!BE13+'m7'!BG13+'m7'!BI13+'m7'!BK13+'m8'!C13+'m8'!E13 -> 24.5 | DZ13: =('m7'!BC13+'m7'!BE13+'m7'!BG13+'m7'!BI13+'m7'!BK13)*DF13+('m8'!C13+'m8'!E13)*ED13 -> 2940 | EA13: ='m7'!BD13+'m7'!BF13+'m7'!BH13+'m7'!BJ13+'m7'!BL13+'m8'!D13+'m8'!F13 -> 0 | EC13: =EB13+EA13-DZ13 -> -2940 | ED13: =IFERROR(__xludf.DUMMYFUNCTION("""COMPUTED_VALUE"""),120.0) -> 120 | EE13: ='m8'!G13+'m8'!I13+'m8'!K13+'m8'!M13+'m8'!O13+'m8'!Q13+'m8'!S13 -> 28.5 | EF13: =EE13*ED13 -> 3420 | EG13: ='m8'!H13+'m8'!J13+'m8'!L13+'m8'!N13+'m8'!P13+'m8'!R13+'m8'!T13 -> 0 | EI13: =EH13+EG13-EF13 -> -3420 | EK13: ='m8'!U13+'m8'!W13+'m8'!Y13+'m8'!AA13+'m8'!AC13+'m8'!AE13+'m8'!AG13 -> 32 | EL13: =EK13*ED13 -> 3840 | EM13: ='m8'!V13+'m8'!X13+'m8'!Z13+'m8'!AB13+'m8'!AD13+'m8'!AF13+'m8'!AH13 -> 0 | EO13: =EN13+EM13-EL13 -> -3840 | EQ13: ='m8'!AI13+'m8'!AK13+'m8'!AM13+'m8'!AO13+'m8'!AQ13+'m8'!AS13+'m8'!AU13 -> 0 | ER13: =EQ13*ED13 -> 0 | ES13: ='m8'!AJ13+'m8'!AL13+'m8'!AN13+'m8'!AP13+'m8'!AR13+'m8'!AT13+'m8'!AV13 -> 0 | EU13: =ET13+ES13-ER13 -> 0 | EW13: ='m8'!AW13+'m8'!AY13+'m8'!BA13+'m8'!BC13+'m8'!BE13+'m8'!BG13+'m8'!BI13 -> 45 | EX13: =EW13*ED13 -> 5400 | EY13: ='m8'!AX13+'m8'!AZ13+'m8'!BB13+'m8'!BD13+'m8'!BF13+'m8'!BH13+'m8'!BJ13 -> 0 | FA13: =EZ13+EY13-EX13 -> -5400 | FC13: ='m8'!BK13+'m9'!C13+'m9'!E13+'m9'!G13+'m9'!I13+'m9'!K13+'m9'!M13 -> 22 | FD13: ='m8'!BK13*ED13+'m9'!C13*FH13+'m9'!E13*FH13+'m9'!G13*FH13+'m9'!I13*FH13+'m9'!K13*FH13+'m9'!M13*FH13 -> 2640 | FE13: ='m8'!BL13+'m9'!D13+'m9'!F13+'m9'!H13+'m9'!J13+'m9'!L13+'m9'!N13 -> 0 | FG13: =FF13+FE13-FD13 -> -2640 | FH13: =IFERROR(__xludf.DUMMYFUNCTION("""COMPUTED_VALUE"""),120.0) -> 120 | FI13: ='m9'!O13+'m9'!Q13+'m9'!S13+'m9'!U13+'m9'!W13+'m9'!Y13+'m9'!AA13 -> 6 | FJ13: =FI13*FH13 -> 720 | FK13: ='m9'!P13+'m9'!R13+'m9'!T13+'m9'!V13+'m9'!X13+'m9'!Z13+'m9'!AB13 -> 0 | FM13: =FL13+FK13-FJ13 -> -720 | FO13: ='m9'!AC13+'m9'!AE13+'m9'!AG13+'m9'!AI13+'m9'!AK13+'m9'!AM13+'m9'!AO13 -> 0 | FP13: =FO13*FH13 -> 0 | FQ13: ='m9'!AD13+'m9'!AF13+'m9'!AH13+'m9'!AJ13+'m9'!AL13+'m9'!AN13+'m9'!AP13 -> 0 | FS13: =FR13+FQ13-FP13 -> 0 | FU13: ='m9'!AQ13+'m9'!AS13+'m9'!AU13+'m9'!AW13+'m9'!AY13+'m9'!BA13+'m9'!BC13 -> 0 | FV13: =FU13*FH13 -> 0 | FW13: ='m9'!AR13+'m9'!AT13+'m9'!AV13+'m9'!AX13+'m9'!AZ13+'m9'!BB13+'m9'!BD13 -> 0 | FY13: =FX13+FW13-FV13 -> 0 | GA13: ='m9'!BE13+'m9'!BG13+'m9'!BI13+'m10'!C13+'m10'!E13+'m10'!G13+'m10'!I13 -> 11.5 | GB13: =GA13*FH13 -> 1380 | GC13: ='m9'!BF13+'m9'!BH13+'m9'!BJ13+'m10'!D13+'m10'!F13+'m10'!H13+'m10'!J13 -> 1380 | GE13: =GD13+GC13-GB13 -> 0 | GF13: =IFERROR(__xludf.DUMMYFUNCTION("""COMPUTED_VALUE"""),120.0) -> 120 | GG13: ='m10'!K13+'m10'!M13+'m10'!O13+'m10'!Q13+'m10'!S13+'m10'!U13+'m10'!W13 -> 0 | GH13: =GG13*GF13 -> 0 | GI13: ='m10'!L13+'m10'!N13+'m10'!P13+'m10'!R13+'m10'!T13+'m10'!V13+'m10'!X13 -> 0 | GK13: =GJ13+GI13-GH13 -> 0 | GM13: ='m10'!Y13+'m10'!AA13+'m10'!AC13+'m10'!AE13+'m10'!AG13+'m10'!AI13+'m10'!AK13 -> 0 | GN13: =GM13*GF13 -> 0 | GO13: ='m10'!Z13+'m10'!AB13+'m10'!AD13+'m10'!AF13+'m10'!AH13+'m10'!AJ13+'m10'!AL13 -> 0 | GQ13: =GP13+GO13-GN13 -> 0 | GS13: ='m10'!AM13+'m10'!AO13+'m10'!AQ13+'m10'!AS13+'m10'!AU13+'m10'!AW13+'m10'!AY13 -> 11 | GT13: =GS13*GF13 -> 1320 | GU13: ='m10'!AN13+'m10'!AP13+'m10'!AR13+'m10'!AT13+'m10'!AV13+'m10'!AX13+'m10'!AZ13 -> 1320 | GW13: =GV13+GU13-GT13 -> 0 | GY13: ='m10'!BA13+'m10'!BC13+'m10'!BE13+'m10'!BG13+'m10'!BI13+'m10'!BK13+'m11'!C13 -> 0 | GZ13: =GY13*GF13 -> 0 | HA13: ='m10'!BB13+'m10'!BD13+'m10'!BF13+'m10'!BH13+'m10'!BJ13+'m10'!BL13+'m11'!D13 -> 0 | HC13: =HB13+HA13-GZ13 -> 0 | HD13: =IFERROR(__xludf.DUMMYFUNCTION("""COMPUTED_VALUE"""),120.0) -> 120 | HE13: ='m11'!E13+'m11'!G13+'m11'!I13+'m11'!K13+'m11'!M13+'m11'!O13+'m11'!Q13 -> 0 | HF13: =HE13*HD13 -> 0 | HG13: ='m11'!F13+'m11'!H13+'m11'!J13+'m11'!L13+'m11'!N13+'m11'!P13+'m11'!R13 -> 0 | HI13: =HH13+HG13-HF13 -> 0 | HK13: ='m11'!S13+'m11'!U13+'m11'!W13+'m11'!Y13+'m11'!AA13+'m11'!AC13+'m11'!AE13 -> 0 | HL13: =HK13*HD13 -> 0 | HM13: ='m11'!T13+'m11'!V13+'m11'!X13+'m11'!Z13+'m11'!AB13+'m11'!AD13+'m11'!AF13 -> 0 | HO13: =HN13+HM13-HL13 -> 0 | HQ13: ='m11'!AG13+'m11'!AI13+'m11'!AK13+'m11'!AM13+'m11'!AO13+'m11'!AQ13+'m11'!AS13 -> 0 | HR13: =HQ13*HD13 -> 0 | HS13: ='m11'!AH13+'m11'!AJ13+'m11'!AL13+'m11'!AN13+'m11'!AP13+'m11'!AR13+'m11'!AT13 -> 0 | HU13: =HT13+HS13-HR13 -> 0 | HW13: ='m11'!AU13+'m11'!AW13+'m11'!AY13+'m11'!BA13+'m11'!BC13+'m11'!BE13+'m11'!BG13 -> 0 | HX13: =HW13*HD13 -> 0 | HY13: ='m11'!AV13+'m11'!AX13+'m11'!AZ13+'m11'!BB13+'m11'!BD13+'m11'!BF13+'m11'!BH13 -> 0 | IA13: =HZ13+HY13-HX13 -> 0 | IB13: =IFERROR(__xludf.DUMMYFUNCTION("""COMPUTED_VALUE"""),120.0) -> 120 | IC13: ='m11'!BI13+'m12'!C13+'m12'!E13+'m12'!G13+'m12'!I13+'m12'!K13+'m12'!M13 -> 0 | ID13: =IC13*IB13 -> 0 | IE13: ='m11'!BJ13+'m12'!D13+'m12'!F13+'m12'!H13+'m12'!J13+'m12'!L13+'m12'!N13 -> 0 | IG13: =IF13+IE13-ID13 -> 0 | II13: ='m12'!O13+'m12'!Q13+'m12'!S13+'m12'!U13+'m12'!W13+'m12'!Y13+'m12'!AA13 -> 0 | IJ13: =II13*IB13 -> 0 | IK13: ='m12'!P13+'m12'!R13+'m12'!T13+'m12'!V13+'m12'!X13+'m12'!Z13+'m12'!AB13 -> 0 | IM13: =IL13+IK13-IJ13 -> 0 | IO13: ='m12'!AC13+'m12'!AE13+'m12'!AG13+'m12'!AI13+'m12'!AK13+'m12'!AM13+'m12'!AO13 -> 0 | IP13: =IO13*IB13 -> 0 | IQ13: ='m12'!AD13+'m12'!AF13+'m12'!AH13+'m12'!AJ13+'m12'!AL13+'m12'!AN13+'m12'!AP13 -> 0 | IS13: =IR13+IQ13-IP13 -> 0 | IU13: ='m12'!AQ13+'m12'!AS13+'m12'!AU13+'m12'!AW13+'m12'!AY13+'m12'!BA13+'m12'!BC13 -> 0 | IV13: =IU13*IB13 -> 0 | IW13: ='m12'!AR13+'m12'!AT13+'m12'!AV13+'m12'!AX13+'m12'!AZ13+'m12'!BB13+'m12'!BD13 -> 0 | IY13: =IX13+IW13-IV13 -> 0 | JA13: ='m12'!BE13+'m12'!BG13+'m12'!BI13+'m12'!BK13 -> 0 | JB13: =JA13*IB13 -> 0 | JC13: ='m12'!BF13+'m12'!BH13+'m12'!BJ13+'m12'!BL13 -> 0 | JE13: =JD13+JC13-JB13 -> 0
A14: =IFERROR(__xludf.DUMMYFUNCTION("""COMPUTED_VALUE"""),"Radim Dvořák") -> Radim Dvořák | B14: =IFERROR(__xludf.DUMMYFUNCTION("""COMPUTED_VALUE"""),130.0) -> 130 | C14: ='m3'!E14+'m3'!G14+'m3'!I14+'m3'!K14+'m3'!M14+'m3'!O14+'m3'!Q14 -> 0 | D14: ='m3'!A14*C14 -> 0 | E14: ='m3'!F14+'m3'!H14+'m3'!J14+'m3'!L14+'m3'!N14+'m3'!P14+'m3'!R14 -> 0 | G14: =E14+F14-D14 -> 0 | I14: ='m3'!S14+'m3'!U14+'m3'!W14+'m3'!Y14+'m3'!AA14+'m3'!AC14+'m3'!AE14 -> 7 | J14: ='m3'!A14*I14 -> 910 | K14: ='m3'!T14+'m3'!V14+'m3'!X14+'m3'!Z14+'m3'!AB14+'m3'!AD14+'m3'!AF14 -> 910 | M14: =K14+L14-J14 -> 0 | O14: ='m3'!AG14+'m3'!AI14+'m3'!AK14+'m3'!AM14+'m3'!AO14+'m3'!AQ14+'m3'!AS14 -> 0 | P14: ='m3'!A14*O14 -> 0 | Q14: ='m3'!AH14+'m3'!AJ14+'m3'!AL14+'m3'!AN14+'m3'!AP14+'m3'!AR14+'m3'!AT14 -> 0 | S14: =Q14+R14-P14 -> 0 | U14: ='m3'!AU14+'m3'!AW14+'m3'!AY14+'m3'!BA14+'m3'!BC14+'m3'!BE14+'m3'!BG14 -> 0 | V14: ='m3'!A14*U14 -> 0 | W14: ='m3'!DG14+'m3'!DI14+'m3'!DK14+'m3'!DM14+'m3'!DO14+'m3'!DQ14+'m3'!DS14 -> 0 | Y14: =W14+X14-V14 -> 0 | AA14: ='m3'!BI14+'m3'!BK14+'m4'!C14+'m4'!E14+'m4'!G14+'m4'!I14+'m4'!K14 -> 0 | AB14: =('m3'!BI14+'m3'!BK14)*'m3'!A14+('m4'!C14+'m4'!E14+'m4'!G14+'m4'!I14+'m4'!K14)*'m4'!A14 -> 0 | AC14: ='m3'!BJ14+'m3'!BL14+'m4'!D14+'m4'!F14+'m4'!H14+'m4'!J14+'m4'!L14 -> 0 | AE14: =AC14+AD14-AB14 -> 0 | AF14: =IFERROR(__xludf.DUMMYFUNCTION("""COMPUTED_VALUE"""),130.0) -> 130 | AG14: ='m4'!M14+'m4'!O14+'m4'!Q14+'m4'!S14+'m4'!U14+'m4'!W14+'m4'!Y14 -> 0 | AH14: ='m4'!A14*AG14 -> 0 | AI14: ='m4'!N14+'m4'!P14+'m4'!R14+'m4'!T14+'m4'!V14+'m4'!X14+'m4'!Z14 -> 0 | AK14: =AI14+AJ14-AH14 -> 0 | AM14: ='m4'!AA14+'m4'!AC14+'m4'!AE14+'m4'!AG14+'m4'!AI14+'m4'!AK14+'m4'!AM14 -> 0 | AN14: ='m4'!A14*AM14 -> 0 | AO14: ='m4'!AB14+'m4'!AD14+'m4'!AF14+'m4'!AH14+'m4'!AJ14+'m4'!AL14+'m4'!AN14 -> 0 | AQ14: =AO14+AP14-AN14 -> 0 | AS14: ='m4'!AO14+'m4'!AQ14+'m4'!AS14+'m4'!AU14+'m4'!AW14+'m4'!AY14+'m4'!BA14 -> 0 | AT14: ='m4'!A14*AS14 -> 0 | AU14: ='m4'!AP14+'m4'!AR14+'m4'!AT14+'m4'!AV14+'m4'!AX14+'m4'!AZ14+'m4'!BB14 -> 0 | AW14: =AV14+AU14-AT14 -> 0 | AY14: ='m4'!BC14+'m4'!BE14+'m4'!BG14+'m4'!BI14+'m5'!C14+'m5'!E14+'m5'!G14 -> 45 | AZ14: =('m4'!BC14+'m4'!BE14+'m4'!BG14+'m4'!BI14)*'m4'!A14+('m5'!C14+'m5'!E14+'m5'!G14)*'m5'!A14 -> 5850 | BA14: ='m4'!BD14+'m4'!BF14+'m4'!BH14+'m4'!BJ14+'m5'!D14+'m5'!F14+'m5'!H14 -> 0 | BB14: 5850 | BC14: =BB14+BA14-AZ14 -> 0 | BD14: =IFERROR(__xludf.DUMMYFUNCTION("""COMPUTED_VALUE"""),130.0) -> 130 | BE14: ='m5'!I14+'m5'!K14+'m5'!M14+'m5'!O14+'m5'!Q14+'m5'!S14+'m5'!U14 -> 48.5 | BF14: ='m5'!A14*BE14 -> 6305 | BG14: ='m5'!J14+'m5'!L14+'m5'!N14+'m5'!P14+'m5'!R14+'m5'!T14+'m5'!V14 -> 0 | BH14: 6305 | BI14: =BH14+BG14-BF14 -> 0 | BK14: ='m5'!W14+'m5'!Y14+'m5'!AA14+'m5'!AC14+'m5'!AE14+'m5'!AG14+'m5'!AI14 -> 53 | BL14: ='m5'!A14*BK14 -> 6890 | BM14: ='m5'!X14+'m5'!Z14+'m5'!AB14+'m5'!AD14+'m5'!AF14+'m5'!AH14+'m5'!AJ14 -> 0 | BO14: =BN14+BM14-BL14 -> -6890 | BQ14: ='m5'!AK14+'m5'!AM14+'m5'!AO14+'m5'!AQ14+'m5'!AS14+'m5'!AU14+'m5'!AW14 -> 55.5 | BR14: ='m5'!A14*BQ14 -> 7215 | BS14: ='m5'!AL14+'m5'!AN14+'m5'!AP14+'m5'!AR14+'m5'!AT14+'m5'!AV14+'m5'!AX14 -> 0 | BU14: =BT14+BS14-BR14 -> -7215 | BW14: ='m5'!AY14+'m5'!BA14+'m5'!BC14+'m5'!BE14+'m5'!BG14+'m5'!BI14+'m5'!BK14 -> 51 | BX14: ='m5'!A14*BW14 -> 6630 | BY14: ='m5'!AZ14+'m5'!BB14+'m5'!BD14+'m5'!BF14+'m5'!BH14+'m5'!BJ14+'m5'!BL14 -> 300 | CA14: =BZ14+BY14-BX14 -> -6330 | CB14: =IFERROR(__xludf.DUMMYFUNCTION("""COMPUTED_VALUE"""),130.0) -> 130 | CC14: ='m6'!C14+'m6'!E14+'m6'!G14+'m6'!I14+'m6'!K14+'m6'!M14+'m6'!O14 -> 40 | CD14: =CC14*CB14 -> 5200 | CE14: ='m6'!D14+'m6'!F14+'m6'!H14+'m6'!J14+'m6'!L14+'m6'!N14+'m6'!P14 -> 0 | CG14: =CF14+CE14-CD14 -> -5200 | CI14: ='m6'!Q14+'m6'!S14+'m6'!U14+'m6'!W14+'m6'!Y14+'m6'!AA14+'m6'!AC14 -> 47.5 | CJ14: =CI14*CB14 -> 6175 | CK14: ='m6'!R14+'m6'!T14+'m6'!V14+'m6'!X14+'m6'!Z14+'m6'!AB14+'m6'!AD14 -> 0 | CM14: =CL14+CK14-CJ14 -> -6175 | CO14: ='m6'!AE14+'m6'!AG14+'m6'!AI14+'m6'!AK14+'m6'!AM14+'m6'!AO14+'m6'!AQ14 -> 52 | CP14: =CO14*CB14 -> 6760 | CQ14: ='m6'!AF14+'m6'!AH14+'m6'!AJ14+'m6'!AL14+'m6'!AN14+'m6'!AP14+'m6'!AR14 -> 0 | CS14: =CR14+CQ14-CP14 -> -6760 | CU14: ='m6'!AS14+'m6'!AU14+'m6'!AW14+'m6'!AY14+'m6'!BA14+'m6'!BC14+'m6'!BE14 -> 58 | CV14: =CU14*CB14 -> 7540 | CW14: ='m6'!AT14+'m6'!AV14+'m6'!AX14+'m6'!AZ14+'m6'!BB14+'m6'!BD14+'m6'!BF14 -> 1280 | CY14: =CX14+CW14-CV14 -> -6260 | DA14: ='m6'!BG14+'m6'!BI14+'m7'!C14+'m7'!E14+'m7'!G14+'m7'!I14+'m7'!K14 -> 52 | DB14: =('m6'!BG14+'m6'!BI14)*'m6'!A14+('m7'!C14+'m7'!E14+'m7'!G14+'m7'!I14+'m7'!K14)*'m7'!A14 -> 7680 | DC14: ='m6'!BH14+'m6'!BJ14+'m7'!D14+'m7'!F14+'m7'!H14+'m7'!J14+'m7'!L14 -> 0 | DE14: =DD14+DC14-DB14 -> -7680 | DF14: =IFERROR(__xludf.DUMMYFUNCTION("""COMPUTED_VALUE"""),150.0) -> 150 | DG14: ='m7'!M14+'m7'!O14+'m7'!Q14+'m7'!S14+'m7'!U14+'m7'!W14+'m7'!Y14 -> 51.5 | DH14: =DG14*DF14 -> 7725 | DI14: ='m7'!N14+'m7'!P14+'m7'!R14+'m7'!T14+'m7'!V14+'m7'!X14+'m7'!Z14 -> 500 | DK14: =DJ14+DI14-DH14 -> -7225 | DM14: ='m7'!AA14+'m7'!AC14+'m7'!AE14+'m7'!AG14+'m7'!AI14+'m7'!AK14+'m7'!AM14 -> 56.5 | DN14: =DM14*DF14 -> 8475 | DO14: ='m7'!AB14+'m7'!AD14+'m7'!AF14+'m7'!AH14+'m7'!AJ14+'m7'!AL14+'m7'!AN14 -> 0 | DQ14: =DP14+DO14-DN14 -> -8475 | DS14: ='m7'!AO14+'m7'!AQ14+'m7'!AS14+'m7'!AU14+'m7'!AW14+'m7'!AY14+'m7'!BA14 -> 51.5 | DT14: =DS14*DF14 -> 7725 | DU14: ='m7'!AP14+'m7'!AR14+'m7'!AT14+'m7'!AV14+'m7'!AX14+'m7'!AZ14+'m7'!BB14 -> 0 | DW14: =DV14+DU14-DT14 -> -7725 | DY14: ='m7'!BC14+'m7'!BE14+'m7'!BG14+'m7'!BI14+'m7'!BK14+'m8'!C14+'m8'!E14 -> 45.5 | DZ14: =('m7'!BC14+'m7'!BE14+'m7'!BG14+'m7'!BI14+'m7'!BK14)*DF14+('m8'!C14+'m8'!E14)*ED14 -> 6825 | EA14: ='m7'!BD14+'m7'!BF14+'m7'!BH14+'m7'!BJ14+'m7'!BL14+'m8'!D14+'m8'!F14 -> 1500 | EC14: =EB14+EA14-DZ14 -> -5325 | ED14: =IFERROR(__xludf.DUMMYFUNCTION("""COMPUTED_VALUE"""),150.0) -> 150 | EE14: ='m8'!G14+'m8'!I14+'m8'!K14+'m8'!M14+'m8'!O14+'m8'!Q14+'m8'!S14 -> 51.5 | EF14: =EE14*ED14 -> 7725 | EG14: ='m8'!H14+'m8'!J14+'m8'!L14+'m8'!N14+'m8'!P14+'m8'!R14+'m8'!T14 -> 800 | EI14: =EH14+EG14-EF14 -> -6925 | EK14: ='m8'!U14+'m8'!W14+'m8'!Y14+'m8'!AA14+'m8'!AC14+'m8'!AE14+'m8'!AG14 -> 36.5 | EL14: =EK14*ED14 -> 5475 | EM14: ='m8'!V14+'m8'!X14+'m8'!Z14+'m8'!AB14+'m8'!AD14+'m8'!AF14+'m8'!AH14 -> 3593 | EO14: =EN14+EM14-EL14 -> -1882 | EQ14: ='m8'!AI14+'m8'!AK14+'m8'!AM14+'m8'!AO14+'m8'!AQ14+'m8'!AS14+'m8'!AU14 -> 48.5 | ER14: =EQ14*ED14 -> 7275 | ES14: ='m8'!AJ14+'m8'!AL14+'m8'!AN14+'m8'!AP14+'m8'!AR14+'m8'!AT14+'m8'!AV14 -> 4400 | EU14: =ET14+ES14-ER14 -> -2875 | EW14: ='m8'!AW14+'m8'!AY14+'m8'!BA14+'m8'!BC14+'m8'!BE14+'m8'!BG14+'m8'!BI14 -> 46 | EX14: =EW14*ED14 -> 6900 | EY14: ='m8'!AX14+'m8'!AZ14+'m8'!BB14+'m8'!BD14+'m8'!BF14+'m8'!BH14+'m8'!BJ14 -> 2000 | FA14: =EZ14+EY14-EX14 -> -4900 | FC14: ='m8'!BK14+'m9'!C14+'m9'!E14+'m9'!G14+'m9'!I14+'m9'!K14+'m9'!M14 -> 64 | FD14: ='m8'!BK14*ED14+'m9'!C14*FH14+'m9'!E14*FH14+'m9'!G14*FH14+'m9'!I14*FH14+'m9'!K14*FH14+'m9'!M14*FH14 -> 9600 | FE14: ='m8'!BL14+'m9'!D14+'m9'!F14+'m9'!H14+'m9'!J14+'m9'!L14+'m9'!N14 -> 3354 | FG14: =FF14+FE14-FD14 -> -6246 | FH14: =IFERROR(__xludf.DUMMYFUNCTION("""COMPUTED_VALUE"""),150.0) -> 150 | FI14: ='m9'!O14+'m9'!Q14+'m9'!S14+'m9'!U14+'m9'!W14+'m9'!Y14+'m9'!AA14 -> 47.5 | FJ14: =FI14*FH14 -> 7125 | FK14: ='m9'!P14+'m9'!R14+'m9'!T14+'m9'!V14+'m9'!X14+'m9'!Z14+'m9'!AB14 -> 0 | FM14: =FL14+FK14-FJ14 -> -7125 | FO14: ='m9'!AC14+'m9'!AE14+'m9'!AG14+'m9'!AI14+'m9'!AK14+'m9'!AM14+'m9'!AO14 -> 50.5 | FP14: =FO14*FH14 -> 7575 | FQ14: ='m9'!AD14+'m9'!AF14+'m9'!AH14+'m9'!AJ14+'m9'!AL14+'m9'!AN14+'m9'!AP14 -> 2824 | FS14: =FR14+FQ14-FP14 -> -4751 | FU14: ='m9'!AQ14+'m9'!AS14+'m9'!AU14+'m9'!AW14+'m9'!AY14+'m9'!BA14+'m9'!BC14 -> 51 | FV14: =FU14*FH14 -> 7650 | FW14: ='m9'!AR14+'m9'!AT14+'m9'!AV14+'m9'!AX14+'m9'!AZ14+'m9'!BB14+'m9'!BD14 -> 2500 | FY14: =FX14+FW14-FV14 -> -5150 | GA14: ='m9'!BE14+'m9'!BG14+'m9'!BI14+'m10'!C14+'m10'!E14+'m10'!G14+'m10'!I14 -> 67 | GB14: =GA14*FH14 -> 10050 | GC14: ='m9'!BF14+'m9'!BH14+'m9'!BJ14+'m10'!D14+'m10'!F14+'m10'!H14+'m10'!J14 -> 2200 | GE14: =GD14+GC14-GB14 -> -7850 | GF14: =IFERROR(__xludf.DUMMYFUNCTION("""COMPUTED_VALUE"""),150.0) -> 150 | GG14: ='m10'!K14+'m10'!M14+'m10'!O14+'m10'!Q14+'m10'!S14+'m10'!U14+'m10'!W14 -> 68 | GH14: =GG14*GF14 -> 10200 | GI14: ='m10'!L14+'m10'!N14+'m10'!P14+'m10'!R14+'m10'!T14+'m10'!V14+'m10'!X14 -> 1500 | GK14: =GJ14+GI14-GH14 -> -8700 | GM14: ='m10'!Y14+'m10'!AA14+'m10'!AC14+'m10'!AE14+'m10'!AG14+'m10'!AI14+'m10'!AK14 -> 51 | GN14: =GM14*GF14 -> 7650 | GO14: ='m10'!Z14+'m10'!AB14+'m10'!AD14+'m10'!AF14+'m10'!AH14+'m10'!AJ14+'m10'!AL14 -> 1000 | GQ14: =GP14+GO14-GN14 -> -6650 | GS14: ='m10'!AM14+'m10'!AO14+'m10'!AQ14+'m10'!AS14+'m10'!AU14+'m10'!AW14+'m10'!AY14 -> 56.5 | GT14: =GS14*GF14 -> 8475 | GU14: ='m10'!AN14+'m10'!AP14+'m10'!AR14+'m10'!AT14+'m10'!AV14+'m10'!AX14+'m10'!AZ14 -> 500 | GW14: =GV14+GU14-GT14 -> -7975 | GY14: ='m10'!BA14+'m10'!BC14+'m10'!BE14+'m10'!BG14+'m10'!BI14+'m10'!BK14+'m11'!C14 -> 65 | GZ14: =GY14*GF14 -> 9750 | HA14: ='m10'!BB14+'m10'!BD14+'m10'!BF14+'m10'!BH14+'m10'!BJ14+'m10'!BL14+'m11'!D14 -> 0 | HC14: =HB14+HA14-GZ14 -> -9750 | HD14: =IFERROR(__xludf.DUMMYFUNCTION("""COMPUTED_VALUE"""),150.0) -> 150 | HE14: ='m11'!E14+'m11'!G14+'m11'!I14+'m11'!K14+'m11'!M14+'m11'!O14+'m11'!Q14 -> 67 | HF14: =HE14*HD14 -> 10050 | HG14: ='m11'!F14+'m11'!H14+'m11'!J14+'m11'!L14+'m11'!N14+'m11'!P14+'m11'!R14 -> 0 | HI14: =HH14+HG14-HF14 -> -10050 | HK14: ='m11'!S14+'m11'!U14+'m11'!W14+'m11'!Y14+'m11'!AA14+'m11'!AC14+'m11'!AE14 -> 67 | HL14: =HK14*HD14 -> 10050 | HM14: ='m11'!T14+'m11'!V14+'m11'!X14+'m11'!Z14+'m11'!AB14+'m11'!AD14+'m11'!AF14 -> 0 | HO14: =HN14+HM14-HL14 -> -10050 | HQ14: ='m11'!AG14+'m11'!AI14+'m11'!AK14+'m11'!AM14+'m11'!AO14+'m11'!AQ14+'m11'!AS14 -> 62 | HR14: =HQ14*HD14 -> 9300 | HS14: ='m11'!AH14+'m11'!AJ14+'m11'!AL14+'m11'!AN14+'m11'!AP14+'m11'!AR14+'m11'!AT14 -> 0 | HU14: =HT14+HS14-HR14 -> -9300 | HW14: ='m11'!AU14+'m11'!AW14+'m11'!AY14+'m11'!BA14+'m11'!BC14+'m11'!BE14+'m11'!BG14 -> 47 | HX14: =HW14*HD14 -> 7050 | HY14: ='m11'!AV14+'m11'!AX14+'m11'!AZ14+'m11'!BB14+'m11'!BD14+'m11'!BF14+'m11'!BH14 -> 0 | IA14: =HZ14+HY14-HX14 -> -7050 | IB14: =IFERROR(__xludf.DUMMYFUNCTION("""COMPUTED_VALUE"""),150.0) -> 150 | IC14: ='m11'!BI14+'m12'!C14+'m12'!E14+'m12'!G14+'m12'!I14+'m12'!K14+'m12'!M14 -> 50.5 | ID14: =IC14*IB14 -> 7575 | IE14: ='m11'!BJ14+'m12'!D14+'m12'!F14+'m12'!H14+'m12'!J14+'m12'!L14+'m12'!N14 -> 0 | IG14: =IF14+IE14-ID14 -> -7575 | II14: ='m12'!O14+'m12'!Q14+'m12'!S14+'m12'!U14+'m12'!W14+'m12'!Y14+'m12'!AA14 -> 46 | IJ14: =II14*IB14 -> 6900 | IK14: ='m12'!P14+'m12'!R14+'m12'!T14+'m12'!V14+'m12'!X14+'m12'!Z14+'m12'!AB14 -> 0 | IM14: =IL14+IK14-IJ14 -> -6900 | IO14: ='m12'!AC14+'m12'!AE14+'m12'!AG14+'m12'!AI14+'m12'!AK14+'m12'!AM14+'m12'!AO14 -> 46 | IP14: =IO14*IB14 -> 6900 | IQ14: ='m12'!AD14+'m12'!AF14+'m12'!AH14+'m12'!AJ14+'m12'!AL14+'m12'!AN14+'m12'!AP14 -> 0 | IS14: =IR14+IQ14-IP14 -> -6900 | IU14: ='m12'!AQ14+'m12'!AS14+'m12'!AU14+'m12'!AW14+'m12'!AY14+'m12'!BA14+'m12'!BC14 -> 45 | IV14: =IU14*IB14 -> 6750 | IW14: ='m12'!AR14+'m12'!AT14+'m12'!AV14+'m12'!AX14+'m12'!AZ14+'m12'!BB14+'m12'!BD14 -> 0 | IY14: =IX14+IW14-IV14 -> -6750 | JA14: ='m12'!BE14+'m12'!BG14+'m12'!BI14+'m12'!BK14 -> 25.5 | JB14: =JA14*IB14 -> 3825 | JC14: ='m12'!BF14+'m12'!BH14+'m12'!BJ14+'m12'!BL14 -> 0 | JE14: =JD14+JC14-JB14 -> -3825
A15: =IFERROR(__xludf.DUMMYFUNCTION("""COMPUTED_VALUE"""),"Vladimír Dudkin-x") -> Vladimír Dudkin-x | B15: =IFERROR(__xludf.DUMMYFUNCTION("""COMPUTED_VALUE"""),100.0) -> 100 | C15: ='m3'!E15+'m3'!G15+'m3'!I15+'m3'!K15+'m3'!M15+'m3'!O15+'m3'!Q15 -> 0 | D15: ='m3'!A15*C15 -> 0 | E15: ='m3'!F15+'m3'!H15+'m3'!J15+'m3'!L15+'m3'!N15+'m3'!P15+'m3'!R15 -> 0 | G15: =E15+F15-D15 -> 0 | I15: ='m3'!S15+'m3'!U15+'m3'!W15+'m3'!Y15+'m3'!AA15+'m3'!AC15+'m3'!AE15 -> 0 | J15: ='m3'!A15*I15 -> 0 | K15: ='m3'!T15+'m3'!V15+'m3'!X15+'m3'!Z15+'m3'!AB15+'m3'!AD15+'m3'!AF15 -> 0 | M15: =K15+L15-J15 -> 0 | O15: ='m3'!AG15+'m3'!AI15+'m3'!AK15+'m3'!AM15+'m3'!AO15+'m3'!AQ15+'m3'!AS15 -> 33 | P15: ='m3'!A15*O15 -> 3300 | Q15: ='m3'!AH15+'m3'!AJ15+'m3'!AL15+'m3'!AN15+'m3'!AP15+'m3'!AR15+'m3'!AT15 -> 0 | S15: =Q15+R15-P15 -> -3300 | U15: ='m3'!AU15+'m3'!AW15+'m3'!AY15+'m3'!BA15+'m3'!BC15+'m3'!BE15+'m3'!BG15 -> 41.5 | V15: ='m3'!A15*U15 -> 4150 | W15: ='m3'!DG15+'m3'!DI15+'m3'!DK15+'m3'!DM15+'m3'!DO15+'m3'!DQ15+'m3'!DS15 -> 0 | Y15: =W15+X15-V15 -> -4150 | AA15: ='m3'!BI15+'m3'!BK15+'m4'!C15+'m4'!E15+'m4'!G15+'m4'!I15+'m4'!K15 -> 26 | AB15: =('m3'!BI15+'m3'!BK15)*'m3'!A15+('m4'!C15+'m4'!E15+'m4'!G15+'m4'!I15+'m4'!K15)*'m4'!A15 -> 2600 | AC15: ='m3'!BJ15+'m3'!BL15+'m4'!D15+'m4'!F15+'m4'!H15+'m4'!J15+'m4'!L15 -> 0 | AE15: =AC15+AD15-AB15 -> -2600 | AF15: =IFERROR(__xludf.DUMMYFUNCTION("""COMPUTED_VALUE"""),100.0) -> 100 | AG15: ='m4'!M15+'m4'!O15+'m4'!Q15+'m4'!S15+'m4'!U15+'m4'!W15+'m4'!Y15 -> 0 | AH15: ='m4'!A15*AG15 -> 0 | AI15: ='m4'!N15+'m4'!P15+'m4'!R15+'m4'!T15+'m4'!V15+'m4'!X15+'m4'!Z15 -> 0 | AK15: =AI15+AJ15-AH15 -> 0 | AM15: ='m4'!AA15+'m4'!AC15+'m4'!AE15+'m4'!AG15+'m4'!AI15+'m4'!AK15+'m4'!AM15 -> 0 | AN15: ='m4'!A15*AM15 -> 0 | AO15: ='m4'!AB15+'m4'!AD15+'m4'!AF15+'m4'!AH15+'m4'!AJ15+'m4'!AL15+'m4'!AN15 -> 0 | AQ15: =AO15+AP15-AN15 -> 0 | AS15: ='m4'!AO15+'m4'!AQ15+'m4'!AS15+'m4'!AU15+'m4'!AW15+'m4'!AY15+'m4'!BA15 -> 0 | AT15: ='m4'!A15*AS15 -> 0 | AU15: ='m4'!AP15+'m4'!AR15+'m4'!AT15+'m4'!AV15+'m4'!AX15+'m4'!AZ15+'m4'!BB15 -> 0 | AW15: =AV15+AU15-AT15 -> 0 | AY15: ='m4'!BC15+'m4'!BE15+'m4'!BG15+'m4'!BI15+'m5'!C15+'m5'!E15+'m5'!G15 -> 0 | AZ15: =('m4'!BC15+'m4'!BE15+'m4'!BG15+'m4'!BI15)*'m4'!A15+('m5'!C15+'m5'!E15+'m5'!G15)*'m5'!A15 -> 0 | BA15: ='m4'!BD15+'m4'!BF15+'m4'!BH15+'m4'!BJ15+'m5'!D15+'m5'!F15+'m5'!H15 -> 0 | BC15: =BB15+BA15-AZ15 -> 0 | BD15: =IFERROR(__xludf.DUMMYFUNCTION("""COMPUTED_VALUE"""),100.0) -> 100 | BE15: ='m5'!I15+'m5'!K15+'m5'!M15+'m5'!O15+'m5'!Q15+'m5'!S15+'m5'!U15 -> 0 | BF15: ='m5'!A15*BE15 -> 0 | BG15: ='m5'!J15+'m5'!L15+'m5'!N15+'m5'!P15+'m5'!R15+'m5'!T15+'m5'!V15 -> 0 | BI15: =BH15+BG15-BF15 -> 0 | BK15: ='m5'!W15+'m5'!Y15+'m5'!AA15+'m5'!AC15+'m5'!AE15+'m5'!AG15+'m5'!AI15 -> 0 | BL15: ='m5'!A15*BK15 -> 0 | BM15: ='m5'!X15+'m5'!Z15+'m5'!AB15+'m5'!AD15+'m5'!AF15+'m5'!AH15+'m5'!AJ15 -> 0 | BO15: =BN15+BM15-BL15 -> 0 | BQ15: ='m5'!AK15+'m5'!AM15+'m5'!AO15+'m5'!AQ15+'m5'!AS15+'m5'!AU15+'m5'!AW15 -> 0 | BR15: ='m5'!A15*BQ15 -> 0 | BS15: ='m5'!AL15+'m5'!AN15+'m5'!AP15+'m5'!AR15+'m5'!AT15+'m5'!AV15+'m5'!AX15 -> 0 | BU15: =BT15+BS15-BR15 -> 0 | BW15: ='m5'!AY15+'m5'!BA15+'m5'!BC15+'m5'!BE15+'m5'!BG15+'m5'!BI15+'m5'!BK15 -> 0 | BX15: ='m5'!A15*BW15 -> 0 | BY15: ='m5'!AZ15+'m5'!BB15+'m5'!BD15+'m5'!BF15+'m5'!BH15+'m5'!BJ15+'m5'!BL15 -> 0 | CA15: =BZ15+BY15-BX15 -> 0 | CB15: =IFERROR(__xludf.DUMMYFUNCTION("""COMPUTED_VALUE"""),100.0) -> 100 | CC15: ='m6'!C15+'m6'!E15+'m6'!G15+'m6'!I15+'m6'!K15+'m6'!M15+'m6'!O15 -> 0 | CD15: =CC15*CB15 -> 0 | CE15: ='m6'!D15+'m6'!F15+'m6'!H15+'m6'!J15+'m6'!L15+'m6'!N15+'m6'!P15 -> 0 | CG15: =CF15+CE15-CD15 -> 0 | CI15: ='m6'!Q15+'m6'!S15+'m6'!U15+'m6'!W15+'m6'!Y15+'m6'!AA15+'m6'!AC15 -> 0 | CJ15: =CI15*CB15 -> 0 | CK15: ='m6'!R15+'m6'!T15+'m6'!V15+'m6'!X15+'m6'!Z15+'m6'!AB15+'m6'!AD15 -> 0 | CM15: =CL15+CK15-CJ15 -> 0 | CO15: ='m6'!AE15+'m6'!AG15+'m6'!AI15+'m6'!AK15+'m6'!AM15+'m6'!AO15+'m6'!AQ15 -> 0 | CP15: =CO15*CB15 -> 0 | CQ15: ='m6'!AF15+'m6'!AH15+'m6'!AJ15+'m6'!AL15+'m6'!AN15+'m6'!AP15+'m6'!AR15 -> 0 | CS15: =CR15+CQ15-CP15 -> 0 | CU15: ='m6'!AS15+'m6'!AU15+'m6'!AW15+'m6'!AY15+'m6'!BA15+'m6'!BC15+'m6'!BE15 -> 0 | CV15: =CU15*CB15 -> 0 | CW15: ='m6'!AT15+'m6'!AV15+'m6'!AX15+'m6'!AZ15+'m6'!BB15+'m6'!BD15+'m6'!BF15 -> 0 | CY15: =CX15+CW15-CV15 -> 0 | DA15: ='m6'!BG15+'m6'!BI15+'m7'!C15+'m7'!E15+'m7'!G15+'m7'!I15+'m7'!K15 -> 0 | DB15: =('m6'!BG15+'m6'!BI15)*'m6'!A15+('m7'!C15+'m7'!E15+'m7'!G15+'m7'!I15+'m7'!K15)*'m7'!A15 -> 0 | DC15: ='m6'!BH15+'m6'!BJ15+'m7'!D15+'m7'!F15+'m7'!H15+'m7'!J15+'m7'!L15 -> 0 | DE15: =DD15+DC15-DB15 -> 0 | DF15: =IFERROR(__xludf.DUMMYFUNCTION("""COMPUTED_VALUE"""),100.0) -> 100 | DG15: ='m7'!M15+'m7'!O15+'m7'!Q15+'m7'!S15+'m7'!U15+'m7'!W15+'m7'!Y15 -> 0 | DH15: =DG15*DF15 -> 0 | DI15: ='m7'!N15+'m7'!P15+'m7'!R15+'m7'!T15+'m7'!V15+'m7'!X15+'m7'!Z15 -> 0 | DK15: =DJ15+DI15-DH15 -> 0 | DM15: ='m7'!AA15+'m7'!AC15+'m7'!AE15+'m7'!AG15+'m7'!AI15+'m7'!AK15+'m7'!AM15 -> 0 | DN15: =DM15*DF15 -> 0 | DO15: ='m7'!AB15+'m7'!AD15+'m7'!AF15+'m7'!AH15+'m7'!AJ15+'m7'!AL15+'m7'!AN15 -> 0 | DQ15: =DP15+DO15-DN15 -> 0 | DS15: ='m7'!AO15+'m7'!AQ15+'m7'!AS15+'m7'!AU15+'m7'!AW15+'m7'!AY15+'m7'!BA15 -> 0 | DT15: =DS15*DF15 -> 0 | DU15: ='m7'!AP15+'m7'!AR15+'m7'!AT15+'m7'!AV15+'m7'!AX15+'m7'!AZ15+'m7'!BB15 -> 0 | DW15: =DV15+DU15-DT15 -> 0 | DY15: ='m7'!BC15+'m7'!BE15+'m7'!BG15+'m7'!BI15+'m7'!BK15+'m8'!C15+'m8'!E15 -> 0 | DZ15: =('m7'!BC15+'m7'!BE15+'m7'!BG15+'m7'!BI15+'m7'!BK15)*DF15+('m8'!C15+'m8'!E15)*ED15 -> 0 | EA15: ='m7'!BD15+'m7'!BF15+'m7'!BH15+'m7'!BJ15+'m7'!BL15+'m8'!D15+'m8'!F15 -> 0 | EC15: =EB15+EA15-DZ15 -> 0 | ED15: =IFERROR(__xludf.DUMMYFUNCTION("""COMPUTED_VALUE"""),100.0) -> 100 | EE15: ='m8'!G15+'m8'!I15+'m8'!K15+'m8'!M15+'m8'!O15+'m8'!Q15+'m8'!S15 -> 0 | EF15: =EE15*ED15 -> 0 | EG15: ='m8'!H15+'m8'!J15+'m8'!L15+'m8'!N15+'m8'!P15+'m8'!R15+'m8'!T15 -> 0 | EI15: =EH15+EG15-EF15 -> 0 | EK15: ='m8'!U15+'m8'!W15+'m8'!Y15+'m8'!AA15+'m8'!AC15+'m8'!AE15+'m8'!AG15 -> 0 | EL15: =EK15*ED15 -> 0 | EM15: ='m8'!V15+'m8'!X15+'m8'!Z15+'m8'!AB15+'m8'!AD15+'m8'!AF15+'m8'!AH15 -> 0 | EO15: =EN15+EM15-EL15 -> 0 | EQ15: ='m8'!AI15+'m8'!AK15+'m8'!AM15+'m8'!AO15+'m8'!AQ15+'m8'!AS15+'m8'!AU15 -> 0 | ER15: =EQ15*ED15 -> 0 | ES15: ='m8'!AJ15+'m8'!AL15+'m8'!AN15+'m8'!AP15+'m8'!AR15+'m8'!AT15+'m8'!AV15 -> 0 | EU15: =ET15+ES15-ER15 -> 0 | EW15: ='m8'!AW15+'m8'!AY15+'m8'!BA15+'m8'!BC15+'m8'!BE15+'m8'!BG15+'m8'!BI15 -> 0 | EX15: =EW15*ED15 -> 0 | EY15: ='m8'!AX15+'m8'!AZ15+'m8'!BB15+'m8'!BD15+'m8'!BF15+'m8'!BH15+'m8'!BJ15 -> 0 | FA15: =EZ15+EY15-EX15 -> 0 | FC15: ='m8'!BK15+'m9'!C15+'m9'!E15+'m9'!G15+'m9'!I15+'m9'!K15+'m9'!M15 -> 0 | FD15: ='m8'!BK15*ED15+'m9'!C15*FH15+'m9'!E15*FH15+'m9'!G15*FH15+'m9'!I15*FH15+'m9'!K15*FH15+'m9'!M15*FH15 -> 0 | FE15: ='m8'!BL15+'m9'!D15+'m9'!F15+'m9'!H15+'m9'!J15+'m9'!L15+'m9'!N15 -> 0 | FG15: =FF15+FE15-FD15 -> 0 | FH15: =IFERROR(__xludf.DUMMYFUNCTION("""COMPUTED_VALUE"""),100.0) -> 100 | FI15: ='m9'!O15+'m9'!Q15+'m9'!S15+'m9'!U15+'m9'!W15+'m9'!Y15+'m9'!AA15 -> 0 | FJ15: =FI15*FH15 -> 0 | FK15: ='m9'!P15+'m9'!R15+'m9'!T15+'m9'!V15+'m9'!X15+'m9'!Z15+'m9'!AB15 -> 0 | FM15: =FL15+FK15-FJ15 -> 0 | FO15: ='m9'!AC15+'m9'!AE15+'m9'!AG15+'m9'!AI15+'m9'!AK15+'m9'!AM15+'m9'!AO15 -> 0 | FP15: =FO15*FH15 -> 0 | FQ15: ='m9'!AD15+'m9'!AF15+'m9'!AH15+'m9'!AJ15+'m9'!AL15+'m9'!AN15+'m9'!AP15 -> 0 | FS15: =FR15+FQ15-FP15 -> 0 | FU15: ='m9'!AQ15+'m9'!AS15+'m9'!AU15+'m9'!AW15+'m9'!AY15+'m9'!BA15+'m9'!BC15 -> 0 | FV15: =FU15*FH15 -> 0 | FW15: ='m9'!AR15+'m9'!AT15+'m9'!AV15+'m9'!AX15+'m9'!AZ15+'m9'!BB15+'m9'!BD15 -> 0 | FY15: =FX15+FW15-FV15 -> 0 | GA15: ='m9'!BE15+'m9'!BG15+'m9'!BI15+'m10'!C15+'m10'!E15+'m10'!G15+'m10'!I15 -> 0 | GB15: =GA15*FH15 -> 0 | GC15: ='m9'!BF15+'m9'!BH15+'m9'!BJ15+'m10'!D15+'m10'!F15+'m10'!H15+'m10'!J15 -> 0 | GE15: =GD15+GC15-GB15 -> 0 | GF15: =IFERROR(__xludf.DUMMYFUNCTION("""COMPUTED_VALUE"""),100.0) -> 100 | GG15: ='m10'!K15+'m10'!M15+'m10'!O15+'m10'!Q15+'m10'!S15+'m10'!U15+'m10'!W15 -> 0 | GH15: =GG15*GF15 -> 0 | GI15: ='m10'!L15+'m10'!N15+'m10'!P15+'m10'!R15+'m10'!T15+'m10'!V15+'m10'!X15 -> 0 | GK15: =GJ15+GI15-GH15 -> 0 | GM15: ='m10'!Y15+'m10'!AA15+'m10'!AC15+'m10'!AE15+'m10'!AG15+'m10'!AI15+'m10'!AK15 -> 0 | GN15: =GM15*GF15 -> 0 | GO15: ='m10'!Z15+'m10'!AB15+'m10'!AD15+'m10'!AF15+'m10'!AH15+'m10'!AJ15+'m10'!AL15 -> 0 | GQ15: =GP15+GO15-GN15 -> 0 | GS15: ='m10'!AM15+'m10'!AO15+'m10'!AQ15+'m10'!AS15+'m10'!AU15+'m10'!AW15+'m10'!AY15 -> 0 | GT15: =GS15*GF15 -> 0 | GU15: ='m10'!AN15+'m10'!AP15+'m10'!AR15+'m10'!AT15+'m10'!AV15+'m10'!AX15+'m10'!AZ15 -> 0 | GW15: =GV15+GU15-GT15 -> 0 | GY15: ='m10'!BA15+'m10'!BC15+'m10'!BE15+'m10'!BG15+'m10'!BI15+'m10'!BK15+'m11'!C15 -> 0 | GZ15: =GY15*GF15 -> 0 | HA15: ='m10'!BB15+'m10'!BD15+'m10'!BF15+'m10'!BH15+'m10'!BJ15+'m10'!BL15+'m11'!D15 -> 0 | HC15: =HB15+HA15-GZ15 -> 0 | HD15: =IFERROR(__xludf.DUMMYFUNCTION("""COMPUTED_VALUE"""),100.0) -> 100 | HE15: ='m11'!E15+'m11'!G15+'m11'!I15+'m11'!K15+'m11'!M15+'m11'!O15+'m11'!Q15 -> 0 | HF15: =HE15*HD15 -> 0 | HG15: ='m11'!F15+'m11'!H15+'m11'!J15+'m11'!L15+'m11'!N15+'m11'!P15+'m11'!R15 -> 0 | HI15: =HH15+HG15-HF15 -> 0 | HK15: ='m11'!S15+'m11'!U15+'m11'!W15+'m11'!Y15+'m11'!AA15+'m11'!AC15+'m11'!AE15 -> 0 | HL15: =HK15*HD15 -> 0 | HM15: ='m11'!T15+'m11'!V15+'m11'!X15+'m11'!Z15+'m11'!AB15+'m11'!AD15+'m11'!AF15 -> 0 | HO15: =HN15+HM15-HL15 -> 0 | HQ15: ='m11'!AG15+'m11'!AI15+'m11'!AK15+'m11'!AM15+'m11'!AO15+'m11'!AQ15+'m11'!AS15 -> 0 | HR15: =HQ15*HD15 -> 0 | HS15: ='m11'!AH15+'m11'!AJ15+'m11'!AL15+'m11'!AN15+'m11'!AP15+'m11'!AR15+'m11'!AT15 -> 0 | HU15: =HT15+HS15-HR15 -> 0 | HW15: ='m11'!AU15+'m11'!AW15+'m11'!AY15+'m11'!BA15+'m11'!BC15+'m11'!BE15+'m11'!BG15 -> 0 | HX15: =HW15*HD15 -> 0 | HY15: ='m11'!AV15+'m11'!AX15+'m11'!AZ15+'m11'!BB15+'m11'!BD15+'m11'!BF15+'m11'!BH15 -> 0 | IA15: =HZ15+HY15-HX15 -> 0 | IB15: =IFERROR(__xludf.DUMMYFUNCTION("""COMPUTED_VALUE"""),100.0) -> 100 | IC15: ='m11'!BI15+'m12'!C15+'m12'!E15+'m12'!G15+'m12'!I15+'m12'!K15+'m12'!M15 -> 0 | ID15: =IC15*IB15 -> 0 | IE15: ='m11'!BJ15+'m12'!D15+'m12'!F15+'m12'!H15+'m12'!J15+'m12'!L15+'m12'!N15 -> 0 | IG15: =IF15+IE15-ID15 -> 0 | II15: ='m12'!O15+'m12'!Q15+'m12'!S15+'m12'!U15+'m12'!W15+'m12'!Y15+'m12'!AA15 -> 0 | IJ15: =II15*IB15 -> 0 | IK15: ='m12'!P15+'m12'!R15+'m12'!T15+'m12'!V15+'m12'!X15+'m12'!Z15+'m12'!AB15 -> 0 | IM15: =IL15+IK15-IJ15 -> 0 | IO15: ='m12'!AC15+'m12'!AE15+'m12'!AG15+'m12'!AI15+'m12'!AK15+'m12'!AM15+'m12'!AO15 -> 0 | IP15: =IO15*IB15 -> 0 | IQ15: ='m12'!AD15+'m12'!AF15+'m12'!AH15+'m12'!AJ15+'m12'!AL15+'m12'!AN15+'m12'!AP15 -> 0 | IS15: =IR15+IQ15-IP15 -> 0 | IU15: ='m12'!AQ15+'m12'!AS15+'m12'!AU15+'m12'!AW15+'m12'!AY15+'m12'!BA15+'m12'!BC15 -> 0 | IV15: =IU15*IB15 -> 0 | IW15: ='m12'!AR15+'m12'!AT15+'m12'!AV15+'m12'!AX15+'m12'!AZ15+'m12'!BB15+'m12'!BD15 -> 0 | IY15: =IX15+IW15-IV15 -> 0 | JA15: ='m12'!BE15+'m12'!BG15+'m12'!BI15+'m12'!BK15 -> 0 | JB15: =JA15*IB15 -> 0 | JC15: ='m12'!BF15+'m12'!BH15+'m12'!BJ15+'m12'!BL15 -> 0 | JE15: =JD15+JC15-JB15 -> 0
A16: =IFERROR(__xludf.DUMMYFUNCTION("""COMPUTED_VALUE"""),"Jakub Kouřimský-x") -> Jakub Kouřimský-x | B16: =IFERROR(__xludf.DUMMYFUNCTION("""COMPUTED_VALUE"""),100.0) -> 100 | C16: ='m3'!E16+'m3'!G16+'m3'!I16+'m3'!K16+'m3'!M16+'m3'!O16+'m3'!Q16 -> 0 | D16: ='m3'!A16*C16 -> 0 | E16: ='m3'!F16+'m3'!H16+'m3'!J16+'m3'!L16+'m3'!N16+'m3'!P16+'m3'!R16 -> 0 | G16: =E16+F16-D16 -> 0 | I16: ='m3'!S16+'m3'!U16+'m3'!W16+'m3'!Y16+'m3'!AA16+'m3'!AC16+'m3'!AE16 -> 0 | J16: ='m3'!A16*I16 -> 0 | K16: ='m3'!T16+'m3'!V16+'m3'!X16+'m3'!Z16+'m3'!AB16+'m3'!AD16+'m3'!AF16 -> 0 | M16: =K16+L16-J16 -> 0 | O16: ='m3'!AG16+'m3'!AI16+'m3'!AK16+'m3'!AM16+'m3'!AO16+'m3'!AQ16+'m3'!AS16 -> 7 | P16: ='m3'!A16*O16 -> 700 | Q16: ='m3'!AH16+'m3'!AJ16+'m3'!AL16+'m3'!AN16+'m3'!AP16+'m3'!AR16+'m3'!AT16 -> 0 | R16: 700 | S16: =Q16+R16-P16 -> 0 | U16: ='m3'!AU16+'m3'!AW16+'m3'!AY16+'m3'!BA16+'m3'!BC16+'m3'!BE16+'m3'!BG16 -> 0 | V16: ='m3'!A16*U16 -> 0 | W16: ='m3'!DG16+'m3'!DI16+'m3'!DK16+'m3'!DM16+'m3'!DO16+'m3'!DQ16+'m3'!DS16 -> 0 | Y16: =W16+X16-V16 -> 0 | AA16: ='m3'!BI16+'m3'!BK16+'m4'!C16+'m4'!E16+'m4'!G16+'m4'!I16+'m4'!K16 -> 0 | AB16: =('m3'!BI16+'m3'!BK16)*'m3'!A16+('m4'!C16+'m4'!E16+'m4'!G16+'m4'!I16+'m4'!K16)*'m4'!A16 -> 0 | AC16: ='m3'!BJ16+'m3'!BL16+'m4'!D16+'m4'!F16+'m4'!H16+'m4'!J16+'m4'!L16 -> 0 | AE16: =AC16+AD16-AB16 -> 0 | AF16: =IFERROR(__xludf.DUMMYFUNCTION("""COMPUTED_VALUE"""),100.0) -> 100 | AG16: ='m4'!M16+'m4'!O16+'m4'!Q16+'m4'!S16+'m4'!U16+'m4'!W16+'m4'!Y16 -> 0 | AH16: ='m4'!A16*AG16 -> 0 | AI16: ='m4'!N16+'m4'!P16+'m4'!R16+'m4'!T16+'m4'!V16+'m4'!X16+'m4'!Z16 -> 0 | AK16: =AI16+AJ16-AH16 -> 0 | AM16: ='m4'!AA16+'m4'!AC16+'m4'!AE16+'m4'!AG16+'m4'!AI16+'m4'!AK16+'m4'!AM16 -> 0 | AN16: ='m4'!A16*AM16 -> 0 | AO16: ='m4'!AB16+'m4'!AD16+'m4'!AF16+'m4'!AH16+'m4'!AJ16+'m4'!AL16+'m4'!AN16 -> 0 | AQ16: =AO16+AP16-AN16 -> 0 | AS16: ='m4'!AO16+'m4'!AQ16+'m4'!AS16+'m4'!AU16+'m4'!AW16+'m4'!AY16+'m4'!BA16 -> 0 | AT16: ='m4'!A16*AS16 -> 0 | AU16: ='m4'!AP16+'m4'!AR16+'m4'!AT16+'m4'!AV16+'m4'!AX16+'m4'!AZ16+'m4'!BB16 -> 0 | AW16: =AV16+AU16-AT16 -> 0 | AY16: ='m4'!BC16+'m4'!BE16+'m4'!BG16+'m4'!BI16+'m5'!C16+'m5'!E16+'m5'!G16 -> 0 | AZ16: =('m4'!BC16+'m4'!BE16+'m4'!BG16+'m4'!BI16)*'m4'!A16+('m5'!C16+'m5'!E16+'m5'!G16)*'m5'!A16 -> 0 | BA16: ='m4'!BD16+'m4'!BF16+'m4'!BH16+'m4'!BJ16+'m5'!D16+'m5'!F16+'m5'!H16 -> 0 | BC16: =BB16+BA16-AZ16 -> 0 | BD16: =IFERROR(__xludf.DUMMYFUNCTION("""COMPUTED_VALUE"""),100.0) -> 100 | BE16: ='m5'!I16+'m5'!K16+'m5'!M16+'m5'!O16+'m5'!Q16+'m5'!S16+'m5'!U16 -> 0 | BF16: ='m5'!A16*BE16 -> 0 | BG16: ='m5'!J16+'m5'!L16+'m5'!N16+'m5'!P16+'m5'!R16+'m5'!T16+'m5'!V16 -> 0 | BI16: =BH16+BG16-BF16 -> 0 | BK16: ='m5'!W16+'m5'!Y16+'m5'!AA16+'m5'!AC16+'m5'!AE16+'m5'!AG16+'m5'!AI16 -> 0 | BL16: ='m5'!A16*BK16 -> 0 | BM16: ='m5'!X16+'m5'!Z16+'m5'!AB16+'m5'!AD16+'m5'!AF16+'m5'!AH16+'m5'!AJ16 -> 0 | BO16: =BN16+BM16-BL16 -> 0 | BQ16: ='m5'!AK16+'m5'!AM16+'m5'!AO16+'m5'!AQ16+'m5'!AS16+'m5'!AU16+'m5'!AW16 -> 0 | BR16: ='m5'!A16*BQ16 -> 0 | BS16: ='m5'!AL16+'m5'!AN16+'m5'!AP16+'m5'!AR16+'m5'!AT16+'m5'!AV16+'m5'!AX16 -> 0 | BU16: =BT16+BS16-BR16 -> 0 | BW16: ='m5'!AY16+'m5'!BA16+'m5'!BC16+'m5'!BE16+'m5'!BG16+'m5'!BI16+'m5'!BK16 -> 0 | BX16: ='m5'!A16*BW16 -> 0 | BY16: ='m5'!AZ16+'m5'!BB16+'m5'!BD16+'m5'!BF16+'m5'!BH16+'m5'!BJ16+'m5'!BL16 -> 0 | CA16: =BZ16+BY16-BX16 -> 0 | CB16: =IFERROR(__xludf.DUMMYFUNCTION("""COMPUTED_VALUE"""),100.0) -> 100 | CC16: ='m6'!C16+'m6'!E16+'m6'!G16+'m6'!I16+'m6'!K16+'m6'!M16+'m6'!O16 -> 0 | CD16: =CC16*CB16 -> 0 | CE16: ='m6'!D16+'m6'!F16+'m6'!H16+'m6'!J16+'m6'!L16+'m6'!N16+'m6'!P16 -> 0 | CG16: =CF16+CE16-CD16 -> 0 | CI16: ='m6'!Q16+'m6'!S16+'m6'!U16+'m6'!W16+'m6'!Y16+'m6'!AA16+'m6'!AC16 -> 0 | CJ16: =CI16*CB16 -> 0 | CK16: ='m6'!R16+'m6'!T16+'m6'!V16+'m6'!X16+'m6'!Z16+'m6'!AB16+'m6'!AD16 -> 0 | CM16: =CL16+CK16-CJ16 -> 0 | CO16: ='m6'!AE16+'m6'!AG16+'m6'!AI16+'m6'!AK16+'m6'!AM16+'m6'!AO16+'m6'!AQ16 -> 0 | CP16: =CO16*CB16 -> 0 | CQ16: ='m6'!AF16+'m6'!AH16+'m6'!AJ16+'m6'!AL16+'m6'!AN16+'m6'!AP16+'m6'!AR16 -> 0 | CS16: =CR16+CQ16-CP16 -> 0 | CU16: ='m6'!AS16+'m6'!AU16+'m6'!AW16+'m6'!AY16+'m6'!BA16+'m6'!BC16+'m6'!BE16 -> 0 | CV16: =CU16*CB16 -> 0 | CW16: ='m6'!AT16+'m6'!AV16+'m6'!AX16+'m6'!AZ16+'m6'!BB16+'m6'!BD16+'m6'!BF16 -> 0 | CY16: =CX16+CW16-CV16 -> 0 | DA16: ='m6'!BG16+'m6'!BI16+'m7'!C16+'m7'!E16+'m7'!G16+'m7'!I16+'m7'!K16 -> 0 | DB16: =('m6'!BG16+'m6'!BI16)*'m6'!A16+('m7'!C16+'m7'!E16+'m7'!G16+'m7'!I16+'m7'!K16)*'m7'!A16 -> 0 | DC16: ='m6'!BH16+'m6'!BJ16+'m7'!D16+'m7'!F16+'m7'!H16+'m7'!J16+'m7'!L16 -> 0 | DE16: =DD16+DC16-DB16 -> 0 | DF16: =IFERROR(__xludf.DUMMYFUNCTION("""COMPUTED_VALUE"""),100.0) -> 100 | DG16: ='m7'!M16+'m7'!O16+'m7'!Q16+'m7'!S16+'m7'!U16+'m7'!W16+'m7'!Y16 -> 0 | DH16: =DG16*DF16 -> 0 | DI16: ='m7'!N16+'m7'!P16+'m7'!R16+'m7'!T16+'m7'!V16+'m7'!X16+'m7'!Z16 -> 0 | DK16: =DJ16+DI16-DH16 -> 0 | DM16: ='m7'!AA16+'m7'!AC16+'m7'!AE16+'m7'!AG16+'m7'!AI16+'m7'!AK16+'m7'!AM16 -> 0 | DN16: =DM16*DF16 -> 0 | DO16: ='m7'!AB16+'m7'!AD16+'m7'!AF16+'m7'!AH16+'m7'!AJ16+'m7'!AL16+'m7'!AN16 -> 0 | DQ16: =DP16+DO16-DN16 -> 0 | DS16: ='m7'!AO16+'m7'!AQ16+'m7'!AS16+'m7'!AU16+'m7'!AW16+'m7'!AY16+'m7'!BA16 -> 0 | DT16: =DS16*DF16 -> 0 | DU16: ='m7'!AP16+'m7'!AR16+'m7'!AT16+'m7'!AV16+'m7'!AX16+'m7'!AZ16+'m7'!BB16 -> 0 | DW16: =DV16+DU16-DT16 -> 0 | DY16: ='m7'!BC16+'m7'!BE16+'m7'!BG16+'m7'!BI16+'m7'!BK16+'m8'!C16+'m8'!E16 -> 0 | DZ16: =('m7'!BC16+'m7'!BE16+'m7'!BG16+'m7'!BI16+'m7'!BK16)*DF16+('m8'!C16+'m8'!E16)*ED16 -> 0 | EA16: ='m7'!BD16+'m7'!BF16+'m7'!BH16+'m7'!BJ16+'m7'!BL16+'m8'!D16+'m8'!F16 -> 0 | EC16: =EB16+EA16-DZ16 -> 0 | ED16: =IFERROR(__xludf.DUMMYFUNCTION("""COMPUTED_VALUE"""),100.0) -> 100 | EE16: ='m8'!G16+'m8'!I16+'m8'!K16+'m8'!M16+'m8'!O16+'m8'!Q16+'m8'!S16 -> 0 | EF16: =EE16*ED16 -> 0 | EG16: ='m8'!H16+'m8'!J16+'m8'!L16+'m8'!N16+'m8'!P16+'m8'!R16+'m8'!T16 -> 0 | EI16: =EH16+EG16-EF16 -> 0 | EK16: ='m8'!U16+'m8'!W16+'m8'!Y16+'m8'!AA16+'m8'!AC16+'m8'!AE16+'m8'!AG16 -> 0 | EL16: =EK16*ED16 -> 0 | EM16: ='m8'!V16+'m8'!X16+'m8'!Z16+'m8'!AB16+'m8'!AD16+'m8'!AF16+'m8'!AH16 -> 0 | EO16: =EN16+EM16-EL16 -> 0 | EQ16: ='m8'!AI16+'m8'!AK16+'m8'!AM16+'m8'!AO16+'m8'!AQ16+'m8'!AS16+'m8'!AU16 -> 0 | ER16: =EQ16*ED16 -> 0 | ES16: ='m8'!AJ16+'m8'!AL16+'m8'!AN16+'m8'!AP16+'m8'!AR16+'m8'!AT16+'m8'!AV16 -> 0 | EU16: =ET16+ES16-ER16 -> 0 | EW16: ='m8'!AW16+'m8'!AY16+'m8'!BA16+'m8'!BC16+'m8'!BE16+'m8'!BG16+'m8'!BI16 -> 0 | EX16: =EW16*ED16 -> 0 | EY16: ='m8'!AX16+'m8'!AZ16+'m8'!BB16+'m8'!BD16+'m8'!BF16+'m8'!BH16+'m8'!BJ16 -> 0 | FA16: =EZ16+EY16-EX16 -> 0 | FC16: ='m8'!BK16+'m9'!C16+'m9'!E16+'m9'!G16+'m9'!I16+'m9'!K16+'m9'!M16 -> 0 | FD16: ='m8'!BK16*ED16+'m9'!C16*FH16+'m9'!E16*FH16+'m9'!G16*FH16+'m9'!I16*FH16+'m9'!K16*FH16+'m9'!M16*FH16 -> 0 | FE16: ='m8'!BL16+'m9'!D16+'m9'!F16+'m9'!H16+'m9'!J16+'m9'!L16+'m9'!N16 -> 0 | FG16: =FF16+FE16-FD16 -> 0 | FH16: =IFERROR(__xludf.DUMMYFUNCTION("""COMPUTED_VALUE"""),100.0) -> 100 | FI16: ='m9'!O16+'m9'!Q16+'m9'!S16+'m9'!U16+'m9'!W16+'m9'!Y16+'m9'!AA16 -> 0 | FJ16: =FI16*FH16 -> 0 | FK16: ='m9'!P16+'m9'!R16+'m9'!T16+'m9'!V16+'m9'!X16+'m9'!Z16+'m9'!AB16 -> 0 | FM16: =FL16+FK16-FJ16 -> 0 | FO16: ='m9'!AC16+'m9'!AE16+'m9'!AG16+'m9'!AI16+'m9'!AK16+'m9'!AM16+'m9'!AO16 -> 0 | FP16: =FO16*FH16 -> 0 | FQ16: ='m9'!AD16+'m9'!AF16+'m9'!AH16+'m9'!AJ16+'m9'!AL16+'m9'!AN16+'m9'!AP16 -> 0 | FS16: =FR16+FQ16-FP16 -> 0 | FU16: ='m9'!AQ16+'m9'!AS16+'m9'!AU16+'m9'!AW16+'m9'!AY16+'m9'!BA16+'m9'!BC16 -> 0 | FV16: =FU16*FH16 -> 0 | FW16: ='m9'!AR16+'m9'!AT16+'m9'!AV16+'m9'!AX16+'m9'!AZ16+'m9'!BB16+'m9'!BD16 -> 0 | FY16: =FX16+FW16-FV16 -> 0 | GA16: ='m9'!BE16+'m9'!BG16+'m9'!BI16+'m10'!C16+'m10'!E16+'m10'!G16+'m10'!I16 -> 0 | GB16: =GA16*FH16 -> 0 | GC16: ='m9'!BF16+'m9'!BH16+'m9'!BJ16+'m10'!D16+'m10'!F16+'m10'!H16+'m10'!J16 -> 0 | GE16: =GD16+GC16-GB16 -> 0 | GF16: =IFERROR(__xludf.DUMMYFUNCTION("""COMPUTED_VALUE"""),100.0) -> 100 | GG16: ='m10'!K16+'m10'!M16+'m10'!O16+'m10'!Q16+'m10'!S16+'m10'!U16+'m10'!W16 -> 0 | GH16: =GG16*GF16 -> 0 | GI16: ='m10'!L16+'m10'!N16+'m10'!P16+'m10'!R16+'m10'!T16+'m10'!V16+'m10'!X16 -> 0 | GK16: =GJ16+GI16-GH16 -> 0 | GM16: ='m10'!Y16+'m10'!AA16+'m10'!AC16+'m10'!AE16+'m10'!AG16+'m10'!AI16+'m10'!AK16 -> 0 | GN16: =GM16*GF16 -> 0 | GO16: ='m10'!Z16+'m10'!AB16+'m10'!AD16+'m10'!AF16+'m10'!AH16+'m10'!AJ16+'m10'!AL16 -> 0 | GQ16: =GP16+GO16-GN16 -> 0 | GS16: ='m10'!AM16+'m10'!AO16+'m10'!AQ16+'m10'!AS16+'m10'!AU16+'m10'!AW16+'m10'!AY16 -> 0 | GT16: =GS16*GF16 -> 0 | GU16: ='m10'!AN16+'m10'!AP16+'m10'!AR16+'m10'!AT16+'m10'!AV16+'m10'!AX16+'m10'!AZ16 -> 0 | GW16: =GV16+GU16-GT16 -> 0 | GY16: ='m10'!BA16+'m10'!BC16+'m10'!BE16+'m10'!BG16+'m10'!BI16+'m10'!BK16+'m11'!C16 -> 0 | GZ16: =GY16*GF16 -> 0 | HA16: ='m10'!BB16+'m10'!BD16+'m10'!BF16+'m10'!BH16+'m10'!BJ16+'m10'!BL16+'m11'!D16 -> 0 | HC16: =HB16+HA16-GZ16 -> 0 | HD16: =IFERROR(__xludf.DUMMYFUNCTION("""COMPUTED_VALUE"""),100.0) -> 100 | HE16: ='m11'!E16+'m11'!G16+'m11'!I16+'m11'!K16+'m11'!M16+'m11'!O16+'m11'!Q16 -> 0 | HF16: =HE16*HD16 -> 0 | HG16: ='m11'!F16+'m11'!H16+'m11'!J16+'m11'!L16+'m11'!N16+'m11'!P16+'m11'!R16 -> 0 | HI16: =HH16+HG16-HF16 -> 0 | HK16: ='m11'!S16+'m11'!U16+'m11'!W16+'m11'!Y16+'m11'!AA16+'m11'!AC16+'m11'!AE16 -> 0 | HL16: =HK16*HD16 -> 0 | HM16: ='m11'!T16+'m11'!V16+'m11'!X16+'m11'!Z16+'m11'!AB16+'m11'!AD16+'m11'!AF16 -> 0 | HO16: =HN16+HM16-HL16 -> 0 | HQ16: ='m11'!AG16+'m11'!AI16+'m11'!AK16+'m11'!AM16+'m11'!AO16+'m11'!AQ16+'m11'!AS16 -> 0 | HR16: =HQ16*HD16 -> 0 | HS16: ='m11'!AH16+'m11'!AJ16+'m11'!AL16+'m11'!AN16+'m11'!AP16+'m11'!AR16+'m11'!AT16 -> 0 | HU16: =HT16+HS16-HR16 -> 0 | HW16: ='m11'!AU16+'m11'!AW16+'m11'!AY16+'m11'!BA16+'m11'!BC16+'m11'!BE16+'m11'!BG16 -> 0 | HX16: =HW16*HD16 -> 0 | HY16: ='m11'!AV16+'m11'!AX16+'m11'!AZ16+'m11'!BB16+'m11'!BD16+'m11'!BF16+'m11'!BH16 -> 0 | IA16: =HZ16+HY16-HX16 -> 0 | IB16: =IFERROR(__xludf.DUMMYFUNCTION("""COMPUTED_VALUE"""),100.0) -> 100 | IC16: ='m11'!BI16+'m12'!C16+'m12'!E16+'m12'!G16+'m12'!I16+'m12'!K16+'m12'!M16 -> 0 | ID16: =IC16*IB16 -> 0 | IE16: ='m11'!BJ16+'m12'!D16+'m12'!F16+'m12'!H16+'m12'!J16+'m12'!L16+'m12'!N16 -> 0 | IG16: =IF16+IE16-ID16 -> 0 | II16: ='m12'!O16+'m12'!Q16+'m12'!S16+'m12'!U16+'m12'!W16+'m12'!Y16+'m12'!AA16 -> 0 | IJ16: =II16*IB16 -> 0 | IK16: ='m12'!P16+'m12'!R16+'m12'!T16+'m12'!V16+'m12'!X16+'m12'!Z16+'m12'!AB16 -> 0 | IM16: =IL16+IK16-IJ16 -> 0 | IO16: ='m12'!AC16+'m12'!AE16+'m12'!AG16+'m12'!AI16+'m12'!AK16+'m12'!AM16+'m12'!AO16 -> 0 | IP16: =IO16*IB16 -> 0 | IQ16: ='m12'!AD16+'m12'!AF16+'m12'!AH16+'m12'!AJ16+'m12'!AL16+'m12'!AN16+'m12'!AP16 -> 0 | IS16: =IR16+IQ16-IP16 -> 0 | IU16: ='m12'!AQ16+'m12'!AS16+'m12'!AU16+'m12'!AW16+'m12'!AY16+'m12'!BA16+'m12'!BC16 -> 0 | IV16: =IU16*IB16 -> 0 | IW16: ='m12'!AR16+'m12'!AT16+'m12'!AV16+'m12'!AX16+'m12'!AZ16+'m12'!BB16+'m12'!BD16 -> 0 | IY16: =IX16+IW16-IV16 -> 0 | JA16: ='m12'!BE16+'m12'!BG16+'m12'!BI16+'m12'!BK16 -> 0 | JB16: =JA16*IB16 -> 0 | JC16: ='m12'!BF16+'m12'!BH16+'m12'!BJ16+'m12'!BL16 -> 0 | JE16: =JD16+JC16-JB16 -> 0
A17: =IFERROR(__xludf.DUMMYFUNCTION("""COMPUTED_VALUE"""),"Filip Fux-x") -> Filip Fux-x | C17: ='m3'!E17+'m3'!G17+'m3'!I17+'m3'!K17+'m3'!M17+'m3'!O17+'m3'!Q17 -> 0 | D17: ='m3'!A17*C17 -> 0 | E17: ='m3'!F17+'m3'!H17+'m3'!J17+'m3'!L17+'m3'!N17+'m3'!P17+'m3'!R17 -> 0 | G17: =E17+F17-D17 -> 0 | I17: ='m3'!S17+'m3'!U17+'m3'!W17+'m3'!Y17+'m3'!AA17+'m3'!AC17+'m3'!AE17 -> 0 | J17: ='m3'!A17*I17 -> 0 | K17: ='m3'!T17+'m3'!V17+'m3'!X17+'m3'!Z17+'m3'!AB17+'m3'!AD17+'m3'!AF17 -> 0 | M17: =K17+L17-J17 -> 0 | O17: ='m3'!AG17+'m3'!AI17+'m3'!AK17+'m3'!AM17+'m3'!AO17+'m3'!AQ17+'m3'!AS17 -> 0 | P17: ='m3'!A17*O17 -> 0 | Q17: ='m3'!AH17+'m3'!AJ17+'m3'!AL17+'m3'!AN17+'m3'!AP17+'m3'!AR17+'m3'!AT17 -> 0 | S17: =Q17+R17-P17 -> 0 | U17: ='m3'!AU17+'m3'!AW17+'m3'!AY17+'m3'!BA17+'m3'!BC17+'m3'!BE17+'m3'!BG17 -> 0 | V17: ='m3'!A17*U17 -> 0 | W17: ='m3'!DG17+'m3'!DI17+'m3'!DK17+'m3'!DM17+'m3'!DO17+'m3'!DQ17+'m3'!DS17 -> 0 | Y17: =W17+X17-V17 -> 0 | AA17: ='m3'!BI17+'m3'!BK17+'m4'!C17+'m4'!E17+'m4'!G17+'m4'!I17+'m4'!K17 -> 4 | AB17: =('m3'!BI17+'m3'!BK17)*'m3'!A17+('m4'!C17+'m4'!E17+'m4'!G17+'m4'!I17+'m4'!K17)*'m4'!A17 -> 400 | AD17: 400 | AE17: =AC17+AD17-AB17 -> 0 | AF17: =IFERROR(__xludf.DUMMYFUNCTION("""COMPUTED_VALUE"""),100.0) -> 100 | AG17: ='m4'!M17+'m4'!O17+'m4'!Q17+'m4'!S17+'m4'!U17+'m4'!W17+'m4'!Y17 -> 34 | AH17: ='m4'!A17*AG17 -> 3400 | AI17: ='m4'!N17+'m4'!P17+'m4'!R17+'m4'!T17+'m4'!V17+'m4'!X17+'m4'!Z17 -> 0 | AJ17: 3400 | AK17: =AI17+AJ17-AH17 -> 0 | AM17: ='m4'!AA17+'m4'!AC17+'m4'!AE17+'m4'!AG17+'m4'!AI17+'m4'!AK17+'m4'!AM17 -> 31 | AN17: ='m4'!A17*AM17 -> 3100 | AO17: ='m4'!AB17+'m4'!AD17+'m4'!AF17+'m4'!AH17+'m4'!AJ17+'m4'!AL17+'m4'!AN17 -> 0 | AP17: 3100 | AQ17: =AO17+AP17-AN17 -> 0 | AS17: ='m4'!AO17+'m4'!AQ17+'m4'!AS17+'m4'!AU17+'m4'!AW17+'m4'!AY17+'m4'!BA17 -> 24.5 | AT17: ='m4'!A17*AS17 -> 2450 | AU17: ='m4'!AP17+'m4'!AR17+'m4'!AT17+'m4'!AV17+'m4'!AX17+'m4'!AZ17+'m4'!BB17 -> 0 | AV17: 2450 | AW17: =AV17+AU17-AT17 -> 0 | AY17: ='m4'!BC17+'m4'!BE17+'m4'!BG17+'m4'!BI17+'m5'!C17+'m5'!E17+'m5'!G17 -> 23.5 | AZ17: =('m4'!BC17+'m4'!BE17+'m4'!BG17+'m4'!BI17)*'m4'!A17+('m5'!C17+'m5'!E17+'m5'!G17)*'m5'!A17 -> 2350 | BA17: ='m4'!BD17+'m4'!BF17+'m4'!BH17+'m4'!BJ17+'m5'!D17+'m5'!F17+'m5'!H17 -> 0 | BB17: 2350 | BC17: =BB17+BA17-AZ17 -> 0 | BD17: =IFERROR(__xludf.DUMMYFUNCTION("""COMPUTED_VALUE"""),100.0) -> 100 | BE17: ='m5'!I17+'m5'!K17+'m5'!M17+'m5'!O17+'m5'!Q17+'m5'!S17+'m5'!U17 -> 40 | BF17: ='m5'!A17*BE17 -> 4000 | BG17: ='m5'!J17+'m5'!L17+'m5'!N17+'m5'!P17+'m5'!R17+'m5'!T17+'m5'!V17 -> 0 | BH17: 4000 | BI17: =BH17+BG17-BF17 -> 0 | BK17: ='m5'!W17+'m5'!Y17+'m5'!AA17+'m5'!AC17+'m5'!AE17+'m5'!AG17+'m5'!AI17 -> 24.5 | BL17: ='m5'!A17*BK17 -> 2450 | BM17: ='m5'!X17+'m5'!Z17+'m5'!AB17+'m5'!AD17+'m5'!AF17+'m5'!AH17+'m5'!AJ17 -> 0 | BO17: =BN17+BM17-BL17 -> -2450 | BQ17: ='m5'!AK17+'m5'!AM17+'m5'!AO17+'m5'!AQ17+'m5'!AS17+'m5'!AU17+'m5'!AW17 -> 46.5 | BR17: ='m5'!A17*BQ17 -> 4650 | BS17: ='m5'!AL17+'m5'!AN17+'m5'!AP17+'m5'!AR17+'m5'!AT17+'m5'!AV17+'m5'!AX17 -> 0 | BU17: =BT17+BS17-BR17 -> -4650 | BW17: ='m5'!AY17+'m5'!BA17+'m5'!BC17+'m5'!BE17+'m5'!BG17+'m5'!BI17+'m5'!BK17 -> 45.5 | BX17: ='m5'!A17*BW17 -> 4550 | BY17: ='m5'!AZ17+'m5'!BB17+'m5'!BD17+'m5'!BF17+'m5'!BH17+'m5'!BJ17+'m5'!BL17 -> 0 | CA17: =BZ17+BY17-BX17 -> -4550 | CB17: =IFERROR(__xludf.DUMMYFUNCTION("""COMPUTED_VALUE"""),100.0) -> 100 | CC17: ='m6'!C17+'m6'!E17+'m6'!G17+'m6'!I17+'m6'!K17+'m6'!M17+'m6'!O17 -> 46 | CD17: =CC17*CB17 -> 4600 | CE17: ='m6'!D17+'m6'!F17+'m6'!H17+'m6'!J17+'m6'!L17+'m6'!N17+'m6'!P17 -> 0 | CG17: =CF17+CE17-CD17 -> -4600 | CI17: ='m6'!Q17+'m6'!S17+'m6'!U17+'m6'!W17+'m6'!Y17+'m6'!AA17+'m6'!AC17 -> 31.5 | CJ17: =CI17*CB17 -> 3150 | CK17: ='m6'!R17+'m6'!T17+'m6'!V17+'m6'!X17+'m6'!Z17+'m6'!AB17+'m6'!AD17 -> 0 | CM17: =CL17+CK17-CJ17 -> -3150 | CO17: ='m6'!AE17+'m6'!AG17+'m6'!AI17+'m6'!AK17+'m6'!AM17+'m6'!AO17+'m6'!AQ17 -> 16.5 | CP17: =CO17*CB17 -> 1650 | CQ17: ='m6'!AF17+'m6'!AH17+'m6'!AJ17+'m6'!AL17+'m6'!AN17+'m6'!AP17+'m6'!AR17 -> 0 | CS17: =CR17+CQ17-CP17 -> -1650 | CU17: ='m6'!AS17+'m6'!AU17+'m6'!AW17+'m6'!AY17+'m6'!BA17+'m6'!BC17+'m6'!BE17 -> 37.5 | CV17: =CU17*CB17 -> 3750 | CW17: ='m6'!AT17+'m6'!AV17+'m6'!AX17+'m6'!AZ17+'m6'!BB17+'m6'!BD17+'m6'!BF17 -> 0 | CY17: =CX17+CW17-CV17 -> -3750 | DA17: ='m6'!BG17+'m6'!BI17+'m7'!C17+'m7'!E17+'m7'!G17+'m7'!I17+'m7'!K17 -> 17 | DB17: =('m6'!BG17+'m6'!BI17)*'m6'!A17+('m7'!C17+'m7'!E17+'m7'!G17+'m7'!I17+'m7'!K17)*'m7'!A17 -> 1700 | DC17: ='m6'!BH17+'m6'!BJ17+'m7'!D17+'m7'!F17+'m7'!H17+'m7'!J17+'m7'!L17 -> 0 | DE17: =DD17+DC17-DB17 -> -1700 | DF17: =IFERROR(__xludf.DUMMYFUNCTION("""COMPUTED_VALUE"""),100.0) -> 100 | DG17: ='m7'!M17+'m7'!O17+'m7'!Q17+'m7'!S17+'m7'!U17+'m7'!W17+'m7'!Y17 -> 19 | DH17: =DG17*DF17 -> 1900 | DI17: ='m7'!N17+'m7'!P17+'m7'!R17+'m7'!T17+'m7'!V17+'m7'!X17+'m7'!Z17 -> 0 | DK17: =DJ17+DI17-DH17 -> -1900 | DM17: ='m7'!AA17+'m7'!AC17+'m7'!AE17+'m7'!AG17+'m7'!AI17+'m7'!AK17+'m7'!AM17 -> 29.5 | DN17: =DM17*DF17 -> 2950 | DO17: ='m7'!AB17+'m7'!AD17+'m7'!AF17+'m7'!AH17+'m7'!AJ17+'m7'!AL17+'m7'!AN17 -> 0 | DQ17: =DP17+DO17-DN17 -> -2950 | DS17: ='m7'!AO17+'m7'!AQ17+'m7'!AS17+'m7'!AU17+'m7'!AW17+'m7'!AY17+'m7'!BA17 -> 9 | DT17: =DS17*DF17 -> 900 | DU17: ='m7'!AP17+'m7'!AR17+'m7'!AT17+'m7'!AV17+'m7'!AX17+'m7'!AZ17+'m7'!BB17 -> 0 | DW17: =DV17+DU17-DT17 -> -900 | DY17: ='m7'!BC17+'m7'!BE17+'m7'!BG17+'m7'!BI17+'m7'!BK17+'m8'!C17+'m8'!E17 -> 0 | DZ17: =('m7'!BC17+'m7'!BE17+'m7'!BG17+'m7'!BI17+'m7'!BK17)*DF17+('m8'!C17+'m8'!E17)*ED17 -> 0 | EA17: ='m7'!BD17+'m7'!BF17+'m7'!BH17+'m7'!BJ17+'m7'!BL17+'m8'!D17+'m8'!F17 -> 0 | EC17: =EB17+EA17-DZ17 -> 0 | ED17: =IFERROR(__xludf.DUMMYFUNCTION("""COMPUTED_VALUE"""),100.0) -> 100 | EE17: ='m8'!G17+'m8'!I17+'m8'!K17+'m8'!M17+'m8'!O17+'m8'!Q17+'m8'!S17 -> 0 | EF17: =EE17*ED17 -> 0 | EG17: ='m8'!H17+'m8'!J17+'m8'!L17+'m8'!N17+'m8'!P17+'m8'!R17+'m8'!T17 -> 0 | EI17: =EH17+EG17-EF17 -> 0 | EK17: ='m8'!U17+'m8'!W17+'m8'!Y17+'m8'!AA17+'m8'!AC17+'m8'!AE17+'m8'!AG17 -> 6.5 | EL17: =EK17*ED17 -> 650 | EM17: ='m8'!V17+'m8'!X17+'m8'!Z17+'m8'!AB17+'m8'!AD17+'m8'!AF17+'m8'!AH17 -> 0 | EO17: =EN17+EM17-EL17 -> -650 | EQ17: ='m8'!AI17+'m8'!AK17+'m8'!AM17+'m8'!AO17+'m8'!AQ17+'m8'!AS17+'m8'!AU17 -> 0 | ER17: =EQ17*ED17 -> 0 | ES17: ='m8'!AJ17+'m8'!AL17+'m8'!AN17+'m8'!AP17+'m8'!AR17+'m8'!AT17+'m8'!AV17 -> 0 | EU17: =ET17+ES17-ER17 -> 0 | EW17: ='m8'!AW17+'m8'!AY17+'m8'!BA17+'m8'!BC17+'m8'!BE17+'m8'!BG17+'m8'!BI17 -> 0 | EX17: =EW17*ED17 -> 0 | EY17: ='m8'!AX17+'m8'!AZ17+'m8'!BB17+'m8'!BD17+'m8'!BF17+'m8'!BH17+'m8'!BJ17 -> 0 | FA17: =EZ17+EY17-EX17 -> 0 | FC17: ='m8'!BK17+'m9'!C17+'m9'!E17+'m9'!G17+'m9'!I17+'m9'!K17+'m9'!M17 -> 0 | FD17: ='m8'!BK17*ED17+'m9'!C17*FH17+'m9'!E17*FH17+'m9'!G17*FH17+'m9'!I17*FH17+'m9'!K17*FH17+'m9'!M17*FH17 -> 0 | FE17: ='m8'!BL17+'m9'!D17+'m9'!F17+'m9'!H17+'m9'!J17+'m9'!L17+'m9'!N17 -> 0 | FG17: =FF17+FE17-FD17 -> 0 | FH17: =IFERROR(__xludf.DUMMYFUNCTION("""COMPUTED_VALUE"""),100.0) -> 100 | FI17: ='m9'!O17+'m9'!Q17+'m9'!S17+'m9'!U17+'m9'!W17+'m9'!Y17+'m9'!AA17 -> 0 | FJ17: =FI17*FH17 -> 0 | FK17: ='m9'!P17+'m9'!R17+'m9'!T17+'m9'!V17+'m9'!X17+'m9'!Z17+'m9'!AB17 -> 0 | FM17: =FL17+FK17-FJ17 -> 0 | FO17: ='m9'!AC17+'m9'!AE17+'m9'!AG17+'m9'!AI17+'m9'!AK17+'m9'!AM17+'m9'!AO17 -> 0 | FP17: =FO17*FH17 -> 0 | FQ17: ='m9'!AD17+'m9'!AF17+'m9'!AH17+'m9'!AJ17+'m9'!AL17+'m9'!AN17+'m9'!AP17 -> 0 | FS17: =FR17+FQ17-FP17 -> 0 | FU17: ='m9'!AQ17+'m9'!AS17+'m9'!AU17+'m9'!AW17+'m9'!AY17+'m9'!BA17+'m9'!BC17 -> 0 | FV17: =FU17*FH17 -> 0 | FW17: ='m9'!AR17+'m9'!AT17+'m9'!AV17+'m9'!AX17+'m9'!AZ17+'m9'!BB17+'m9'!BD17 -> 0 | FY17: =FX17+FW17-FV17 -> 0 | GA17: ='m9'!BE17+'m9'!BG17+'m9'!BI17+'m10'!C17+'m10'!E17+'m10'!G17+'m10'!I17 -> 0 | GB17: =GA17*FH17 -> 0 | GC17: ='m9'!BF17+'m9'!BH17+'m9'!BJ17+'m10'!D17+'m10'!F17+'m10'!H17+'m10'!J17 -> 0 | GE17: =GD17+GC17-GB17 -> 0 | GF17: =IFERROR(__xludf.DUMMYFUNCTION("""COMPUTED_VALUE"""),100.0) -> 100 | GG17: ='m10'!K17+'m10'!M17+'m10'!O17+'m10'!Q17+'m10'!S17+'m10'!U17+'m10'!W17 -> 0 | GH17: =GG17*GF17 -> 0 | GI17: ='m10'!L17+'m10'!N17+'m10'!P17+'m10'!R17+'m10'!T17+'m10'!V17+'m10'!X17 -> 0 | GK17: =GJ17+GI17-GH17 -> 0 | GM17: ='m10'!Y17+'m10'!AA17+'m10'!AC17+'m10'!AE17+'m10'!AG17+'m10'!AI17+'m10'!AK17 -> 0 | GN17: =GM17*GF17 -> 0 | GO17: ='m10'!Z17+'m10'!AB17+'m10'!AD17+'m10'!AF17+'m10'!AH17+'m10'!AJ17+'m10'!AL17 -> 0 | GQ17: =GP17+GO17-GN17 -> 0 | GS17: ='m10'!AM17+'m10'!AO17+'m10'!AQ17+'m10'!AS17+'m10'!AU17+'m10'!AW17+'m10'!AY17 -> 0 | GT17: =GS17*GF17 -> 0 | GU17: ='m10'!AN17+'m10'!AP17+'m10'!AR17+'m10'!AT17+'m10'!AV17+'m10'!AX17+'m10'!AZ17 -> 0 | GW17: =GV17+GU17-GT17 -> 0 | GY17: ='m10'!BA17+'m10'!BC17+'m10'!BE17+'m10'!BG17+'m10'!BI17+'m10'!BK17+'m11'!C17 -> 0 | GZ17: =GY17*GF17 -> 0 | HA17: ='m10'!BB17+'m10'!BD17+'m10'!BF17+'m10'!BH17+'m10'!BJ17+'m10'!BL17+'m11'!D17 -> 0 | HC17: =HB17+HA17-GZ17 -> 0 | HD17: =IFERROR(__xludf.DUMMYFUNCTION("""COMPUTED_VALUE"""),100.0) -> 100 | HE17: ='m11'!E17+'m11'!G17+'m11'!I17+'m11'!K17+'m11'!M17+'m11'!O17+'m11'!Q17 -> 0 | HF17: =HE17*HD17 -> 0 | HG17: ='m11'!F17+'m11'!H17+'m11'!J17+'m11'!L17+'m11'!N17+'m11'!P17+'m11'!R17 -> 0 | HI17: =HH17+HG17-HF17 -> 0 | HK17: ='m11'!S17+'m11'!U17+'m11'!W17+'m11'!Y17+'m11'!AA17+'m11'!AC17+'m11'!AE17 -> 0 | HL17: =HK17*HD17 -> 0 | HM17: ='m11'!T17+'m11'!V17+'m11'!X17+'m11'!Z17+'m11'!AB17+'m11'!AD17+'m11'!AF17 -> 0 | HO17: =HN17+HM17-HL17 -> 0 | HQ17: ='m11'!AG17+'m11'!AI17+'m11'!AK17+'m11'!AM17+'m11'!AO17+'m11'!AQ17+'m11'!AS17 -> 0 | HR17: =HQ17*HD17 -> 0 | HS17: ='m11'!AH17+'m11'!AJ17+'m11'!AL17+'m11'!AN17+'m11'!AP17+'m11'!AR17+'m11'!AT17 -> 0 | HU17: =HT17+HS17-HR17 -> 0 | HW17: ='m11'!AU17+'m11'!AW17+'m11'!AY17+'m11'!BA17+'m11'!BC17+'m11'!BE17+'m11'!BG17 -> 0 | HX17: =HW17*HD17 -> 0 | HY17: ='m11'!AV17+'m11'!AX17+'m11'!AZ17+'m11'!BB17+'m11'!BD17+'m11'!BF17+'m11'!BH17 -> 0 | IA17: =HZ17+HY17-HX17 -> 0 | IB17: =IFERROR(__xludf.DUMMYFUNCTION("""COMPUTED_VALUE"""),100.0) -> 100 | IC17: ='m11'!BI17+'m12'!C17+'m12'!E17+'m12'!G17+'m12'!I17+'m12'!K17+'m12'!M17 -> 0 | ID17: =IC17*IB17 -> 0 | IE17: ='m11'!BJ17+'m12'!D17+'m12'!F17+'m12'!H17+'m12'!J17+'m12'!L17+'m12'!N17 -> 0 | IG17: =IF17+IE17-ID17 -> 0 | II17: ='m12'!O17+'m12'!Q17+'m12'!S17+'m12'!U17+'m12'!W17+'m12'!Y17+'m12'!AA17 -> 0 | IJ17: =II17*IB17 -> 0 | IK17: ='m12'!P17+'m12'!R17+'m12'!T17+'m12'!V17+'m12'!X17+'m12'!Z17+'m12'!AB17 -> 0 | IM17: =IL17+IK17-IJ17 -> 0 | IO17: ='m12'!AC17+'m12'!AE17+'m12'!AG17+'m12'!AI17+'m12'!AK17+'m12'!AM17+'m12'!AO17 -> 0 | IP17: =IO17*IB17 -> 0 | IQ17: ='m12'!AD17+'m12'!AF17+'m12'!AH17+'m12'!AJ17+'m12'!AL17+'m12'!AN17+'m12'!AP17 -> 0 | IS17: =IR17+IQ17-IP17 -> 0 | IU17: ='m12'!AQ17+'m12'!AS17+'m12'!AU17+'m12'!AW17+'m12'!AY17+'m12'!BA17+'m12'!BC17 -> 0 | IV17: =IU17*IB17 -> 0 | IW17: ='m12'!AR17+'m12'!AT17+'m12'!AV17+'m12'!AX17+'m12'!AZ17+'m12'!BB17+'m12'!BD17 -> 0 | IY17: =IX17+IW17-IV17 -> 0 | JA17: ='m12'!BE17+'m12'!BG17+'m12'!BI17+'m12'!BK17 -> 0 | JB17: =JA17*IB17 -> 0 | JC17: ='m12'!BF17+'m12'!BH17+'m12'!BJ17+'m12'!BL17 -> 0 | JE17: =JD17+JC17-JB17 -> 0
A18: =IFERROR(__xludf.DUMMYFUNCTION("""COMPUTED_VALUE"""),"Martin Štěpánek-x") -> Martin Štěpánek-x | C18: ='m3'!E18+'m3'!G18+'m3'!I18+'m3'!K18+'m3'!M18+'m3'!O18+'m3'!Q18 -> 0 | D18: ='m3'!A18*C18 -> 0 | E18: ='m3'!F18+'m3'!H18+'m3'!J18+'m3'!L18+'m3'!N18+'m3'!P18+'m3'!R18 -> 0 | G18: =E18+F18-D18 -> 0 | I18: ='m3'!S18+'m3'!U18+'m3'!W18+'m3'!Y18+'m3'!AA18+'m3'!AC18+'m3'!AE18 -> 0 | J18: ='m3'!A18*I18 -> 0 | K18: ='m3'!T18+'m3'!V18+'m3'!X18+'m3'!Z18+'m3'!AB18+'m3'!AD18+'m3'!AF18 -> 0 | M18: =K18+L18-J18 -> 0 | O18: ='m3'!AG18+'m3'!AI18+'m3'!AK18+'m3'!AM18+'m3'!AO18+'m3'!AQ18+'m3'!AS18 -> 0 | P18: ='m3'!A18*O18 -> 0 | Q18: ='m3'!AH18+'m3'!AJ18+'m3'!AL18+'m3'!AN18+'m3'!AP18+'m3'!AR18+'m3'!AT18 -> 0 | S18: =Q18+R18-P18 -> 0 | U18: ='m3'!AU18+'m3'!AW18+'m3'!AY18+'m3'!BA18+'m3'!BC18+'m3'!BE18+'m3'!BG18 -> 0 | V18: ='m3'!A18*U18 -> 0 | W18: ='m3'!DG18+'m3'!DI18+'m3'!DK18+'m3'!DM18+'m3'!DO18+'m3'!DQ18+'m3'!DS18 -> 0 | Y18: =W18+X18-V18 -> 0 | AA18: ='m3'!BI18+'m3'!BK18+'m4'!C18+'m4'!E18+'m4'!G18+'m4'!I18+'m4'!K18 -> 0 | AB18: =('m3'!BI18+'m3'!BK18)*'m3'!A18+('m4'!C18+'m4'!E18+'m4'!G18+'m4'!I18+'m4'!K18)*'m4'!A18 -> 0 | AE18: =AC18+AD18-AB18 -> 0 | AF18: =IFERROR(__xludf.DUMMYFUNCTION("""COMPUTED_VALUE"""),100.0) -> 100 | AG18: ='m4'!M18+'m4'!O18+'m4'!Q18+'m4'!S18+'m4'!U18+'m4'!W18+'m4'!Y18 -> 0 | AH18: ='m4'!A18*AG18 -> 0 | AI18: ='m4'!N18+'m4'!P18+'m4'!R18+'m4'!T18+'m4'!V18+'m4'!X18+'m4'!Z18 -> 0 | AK18: =AI18+AJ18-AH18 -> 0 | AM18: ='m4'!AA18+'m4'!AC18+'m4'!AE18+'m4'!AG18+'m4'!AI18+'m4'!AK18+'m4'!AM18 -> 22 | AN18: ='m4'!A18*AM18 -> 2200 | AO18: ='m4'!AB18+'m4'!AD18+'m4'!AF18+'m4'!AH18+'m4'!AJ18+'m4'!AL18+'m4'!AN18 -> 0 | AP18: 2200 | AQ18: =AO18+AP18-AN18 -> 0 | AS18: ='m4'!AO18+'m4'!AQ18+'m4'!AS18+'m4'!AU18+'m4'!AW18+'m4'!AY18+'m4'!BA18 -> 32.5 | AT18: ='m4'!A18*AS18 -> 3250 | AU18: ='m4'!AP18+'m4'!AR18+'m4'!AT18+'m4'!AV18+'m4'!AX18+'m4'!AZ18+'m4'!BB18 -> 0 | AV18: 3250 | AW18: =AV18+AU18-AT18 -> 0 | AY18: ='m4'!BC18+'m4'!BE18+'m4'!BG18+'m4'!BI18+'m5'!C18+'m5'!E18+'m5'!G18 -> 36 | AZ18: =('m4'!BC18+'m4'!BE18+'m4'!BG18+'m4'!BI18)*'m4'!A18+('m5'!C18+'m5'!E18+'m5'!G18)*'m5'!A18 -> 3600 | BA18: ='m4'!BD18+'m4'!BF18+'m4'!BH18+'m4'!BJ18+'m5'!D18+'m5'!F18+'m5'!H18 -> 0 | BB18: 3600 | BC18: =BB18+BA18-AZ18 -> 0 | BD18: =IFERROR(__xludf.DUMMYFUNCTION("""COMPUTED_VALUE"""),100.0) -> 100 | BE18: ='m5'!I18+'m5'!K18+'m5'!M18+'m5'!O18+'m5'!Q18+'m5'!S18+'m5'!U18 -> 23 | BF18: ='m5'!A18*BE18 -> 2300 | BG18: ='m5'!J18+'m5'!L18+'m5'!N18+'m5'!P18+'m5'!R18+'m5'!T18+'m5'!V18 -> 0 | BH18: 2300 | BI18: =BH18+BG18-BF18 -> 0 | BK18: ='m5'!W18+'m5'!Y18+'m5'!AA18+'m5'!AC18+'m5'!AE18+'m5'!AG18+'m5'!AI18 -> 21 | BL18: ='m5'!A18*BK18 -> 2100 | BM18: ='m5'!X18+'m5'!Z18+'m5'!AB18+'m5'!AD18+'m5'!AF18+'m5'!AH18+'m5'!AJ18 -> 0 | BO18: =BN18+BM18-BL18 -> -2100 | BQ18: ='m5'!AK18+'m5'!AM18+'m5'!AO18+'m5'!AQ18+'m5'!AS18+'m5'!AU18+'m5'!AW18 -> 25.5 | BR18: ='m5'!A18*BQ18 -> 2550 | BS18: ='m5'!AL18+'m5'!AN18+'m5'!AP18+'m5'!AR18+'m5'!AT18+'m5'!AV18+'m5'!AX18 -> 0 | BU18: =BT18+BS18-BR18 -> -2550 | BW18: ='m5'!AY18+'m5'!BA18+'m5'!BC18+'m5'!BE18+'m5'!BG18+'m5'!BI18+'m5'!BK18 -> 16 | BX18: ='m5'!A18*BW18 -> 1600 | BY18: ='m5'!AZ18+'m5'!BB18+'m5'!BD18+'m5'!BF18+'m5'!BH18+'m5'!BJ18+'m5'!BL18 -> 0 | CA18: =BZ18+BY18-BX18 -> -1600 | CB18: =IFERROR(__xludf.DUMMYFUNCTION("""COMPUTED_VALUE"""),100.0) -> 100 | CC18: ='m6'!C18+'m6'!E18+'m6'!G18+'m6'!I18+'m6'!K18+'m6'!M18+'m6'!O18 -> 13.5 | CD18: =CC18*CB18 -> 1350 | CE18: ='m6'!D18+'m6'!F18+'m6'!H18+'m6'!J18+'m6'!L18+'m6'!N18+'m6'!P18 -> 0 | CG18: =CF18+CE18-CD18 -> -1350 | CI18: ='m6'!Q18+'m6'!S18+'m6'!U18+'m6'!W18+'m6'!Y18+'m6'!AA18+'m6'!AC18 -> 0 | CJ18: =CI18*CB18 -> 0 | CK18: ='m6'!R18+'m6'!T18+'m6'!V18+'m6'!X18+'m6'!Z18+'m6'!AB18+'m6'!AD18 -> 0 | CM18: =CL18+CK18-CJ18 -> 0 | CO18: ='m6'!AE18+'m6'!AG18+'m6'!AI18+'m6'!AK18+'m6'!AM18+'m6'!AO18+'m6'!AQ18 -> 9 | CP18: =CO18*CB18 -> 900 | CQ18: ='m6'!AF18+'m6'!AH18+'m6'!AJ18+'m6'!AL18+'m6'!AN18+'m6'!AP18+'m6'!AR18 -> 0 | CS18: =CR18+CQ18-CP18 -> -900 | CU18: ='m6'!AS18+'m6'!AU18+'m6'!AW18+'m6'!AY18+'m6'!BA18+'m6'!BC18+'m6'!BE18 -> 0 | CV18: =CU18*CB18 -> 0 | CW18: ='m6'!AT18+'m6'!AV18+'m6'!AX18+'m6'!AZ18+'m6'!BB18+'m6'!BD18+'m6'!BF18 -> 0 | CY18: =CX18+CW18-CV18 -> 0 | DA18: ='m6'!BG18+'m6'!BI18+'m7'!C18+'m7'!E18+'m7'!G18+'m7'!I18+'m7'!K18 -> 0 | DB18: =('m6'!BG18+'m6'!BI18)*'m6'!A18+('m7'!C18+'m7'!E18+'m7'!G18+'m7'!I18+'m7'!K18)*'m7'!A18 -> 0 | DC18: ='m6'!BH18+'m6'!BJ18+'m7'!D18+'m7'!F18+'m7'!H18+'m7'!J18+'m7'!L18 -> 0 | DE18: =DD18+DC18-DB18 -> 0 | DF18: =IFERROR(__xludf.DUMMYFUNCTION("""COMPUTED_VALUE"""),100.0) -> 100 | DG18: ='m7'!M18+'m7'!O18+'m7'!Q18+'m7'!S18+'m7'!U18+'m7'!W18+'m7'!Y18 -> 0 | DH18: =DG18*DF18 -> 0 | DI18: ='m7'!N18+'m7'!P18+'m7'!R18+'m7'!T18+'m7'!V18+'m7'!X18+'m7'!Z18 -> 0 | DK18: =DJ18+DI18-DH18 -> 0 | DM18: ='m7'!AA18+'m7'!AC18+'m7'!AE18+'m7'!AG18+'m7'!AI18+'m7'!AK18+'m7'!AM18 -> 0 | DN18: =DM18*DF18 -> 0 | DO18: ='m7'!AB18+'m7'!AD18+'m7'!AF18+'m7'!AH18+'m7'!AJ18+'m7'!AL18+'m7'!AN18 -> 0 | DQ18: =DP18+DO18-DN18 -> 0 | DS18: ='m7'!AO18+'m7'!AQ18+'m7'!AS18+'m7'!AU18+'m7'!AW18+'m7'!AY18+'m7'!BA18 -> 0 | DT18: =DS18*DF18 -> 0 | DU18: ='m7'!AP18+'m7'!AR18+'m7'!AT18+'m7'!AV18+'m7'!AX18+'m7'!AZ18+'m7'!BB18 -> 0 | DW18: =DV18+DU18-DT18 -> 0 | DY18: ='m7'!BC18+'m7'!BE18+'m7'!BG18+'m7'!BI18+'m7'!BK18+'m8'!C18+'m8'!E18 -> 0 | DZ18: =('m7'!BC18+'m7'!BE18+'m7'!BG18+'m7'!BI18+'m7'!BK18)*DF18+('m8'!C18+'m8'!E18)*ED18 -> 0 | EA18: ='m7'!BD18+'m7'!BF18+'m7'!BH18+'m7'!BJ18+'m7'!BL18+'m8'!D18+'m8'!F18 -> 0 | EC18: =EB18+EA18-DZ18 -> 0 | ED18: =IFERROR(__xludf.DUMMYFUNCTION("""COMPUTED_VALUE"""),100.0) -> 100 | EE18: ='m8'!G18+'m8'!I18+'m8'!K18+'m8'!M18+'m8'!O18+'m8'!Q18+'m8'!S18 -> 0 | EF18: =EE18*ED18 -> 0 | EG18: ='m8'!H18+'m8'!J18+'m8'!L18+'m8'!N18+'m8'!P18+'m8'!R18+'m8'!T18 -> 0 | EI18: =EH18+EG18-EF18 -> 0 | EK18: ='m8'!U18+'m8'!W18+'m8'!Y18+'m8'!AA18+'m8'!AC18+'m8'!AE18+'m8'!AG18 -> 0 | EL18: =EK18*ED18 -> 0 | EM18: ='m8'!V18+'m8'!X18+'m8'!Z18+'m8'!AB18+'m8'!AD18+'m8'!AF18+'m8'!AH18 -> 0 | EO18: =EN18+EM18-EL18 -> 0 | EQ18: ='m8'!AI18+'m8'!AK18+'m8'!AM18+'m8'!AO18+'m8'!AQ18+'m8'!AS18+'m8'!AU18 -> 0 | ER18: =EQ18*ED18 -> 0 | ES18: ='m8'!AJ18+'m8'!AL18+'m8'!AN18+'m8'!AP18+'m8'!AR18+'m8'!AT18+'m8'!AV18 -> 0 | EU18: =ET18+ES18-ER18 -> 0 | EW18: ='m8'!AW18+'m8'!AY18+'m8'!BA18+'m8'!BC18+'m8'!BE18+'m8'!BG18+'m8'!BI18 -> 0 | EX18: =EW18*ED18 -> 0 | EY18: ='m8'!AX18+'m8'!AZ18+'m8'!BB18+'m8'!BD18+'m8'!BF18+'m8'!BH18+'m8'!BJ18 -> 0 | FA18: =EZ18+EY18-EX18 -> 0 | FC18: ='m8'!BK18+'m9'!C18+'m9'!E18+'m9'!G18+'m9'!I18+'m9'!K18+'m9'!M18 -> 0 | FD18: ='m8'!BK18*ED18+'m9'!C18*FH18+'m9'!E18*FH18+'m9'!G18*FH18+'m9'!I18*FH18+'m9'!K18*FH18+'m9'!M18*FH18 -> 0 | FE18: ='m8'!BL18+'m9'!D18+'m9'!F18+'m9'!H18+'m9'!J18+'m9'!L18+'m9'!N18 -> 0 | FG18: =FF18+FE18-FD18 -> 0 | FH18: =IFERROR(__xludf.DUMMYFUNCTION("""COMPUTED_VALUE"""),100.0) -> 100 | FI18: ='m9'!O18+'m9'!Q18+'m9'!S18+'m9'!U18+'m9'!W18+'m9'!Y18+'m9'!AA18 -> 0 | FJ18: =FI18*FH18 -> 0 | FK18: ='m9'!P18+'m9'!R18+'m9'!T18+'m9'!V18+'m9'!X18+'m9'!Z18+'m9'!AB18 -> 0 | FM18: =FL18+FK18-FJ18 -> 0 | FO18: ='m9'!AC18+'m9'!AE18+'m9'!AG18+'m9'!AI18+'m9'!AK18+'m9'!AM18+'m9'!AO18 -> 0 | FP18: =FO18*FH18 -> 0 | FQ18: ='m9'!AD18+'m9'!AF18+'m9'!AH18+'m9'!AJ18+'m9'!AL18+'m9'!AN18+'m9'!AP18 -> 0 | FS18: =FR18+FQ18-FP18 -> 0 | FU18: ='m9'!AQ18+'m9'!AS18+'m9'!AU18+'m9'!AW18+'m9'!AY18+'m9'!BA18+'m9'!BC18 -> 0 | FV18: =FU18*FH18 -> 0 | FW18: ='m9'!AR18+'m9'!AT18+'m9'!AV18+'m9'!AX18+'m9'!AZ18+'m9'!BB18+'m9'!BD18 -> 0 | FY18: =FX18+FW18-FV18 -> 0 | GA18: ='m9'!BE18+'m9'!BG18+'m9'!BI18+'m10'!C18+'m10'!E18+'m10'!G18+'m10'!I18 -> 0 | GB18: =GA18*FH18 -> 0 | GC18: ='m9'!BF18+'m9'!BH18+'m9'!BJ18+'m10'!D18+'m10'!F18+'m10'!H18+'m10'!J18 -> 0 | GE18: =GD18+GC18-GB18 -> 0 | GF18: =IFERROR(__xludf.DUMMYFUNCTION("""COMPUTED_VALUE"""),100.0) -> 100 | GG18: ='m10'!K18+'m10'!M18+'m10'!O18+'m10'!Q18+'m10'!S18+'m10'!U18+'m10'!W18 -> 0 | GH18: =GG18*GF18 -> 0 | GI18: ='m10'!L18+'m10'!N18+'m10'!P18+'m10'!R18+'m10'!T18+'m10'!V18+'m10'!X18 -> 0 | GK18: =GJ18+GI18-GH18 -> 0 | GM18: ='m10'!Y18+'m10'!AA18+'m10'!AC18+'m10'!AE18+'m10'!AG18+'m10'!AI18+'m10'!AK18 -> 0 | GN18: =GM18*GF18 -> 0 | GO18: ='m10'!Z18+'m10'!AB18+'m10'!AD18+'m10'!AF18+'m10'!AH18+'m10'!AJ18+'m10'!AL18 -> 0 | GQ18: =GP18+GO18-GN18 -> 0 | GS18: ='m10'!AM18+'m10'!AO18+'m10'!AQ18+'m10'!AS18+'m10'!AU18+'m10'!AW18+'m10'!AY18 -> 0 | GT18: =GS18*GF18 -> 0 | GU18: ='m10'!AN18+'m10'!AP18+'m10'!AR18+'m10'!AT18+'m10'!AV18+'m10'!AX18+'m10'!AZ18 -> 0 | GW18: =GV18+GU18-GT18 -> 0 | GY18: ='m10'!BA18+'m10'!BC18+'m10'!BE18+'m10'!BG18+'m10'!BI18+'m10'!BK18+'m11'!C18 -> 0 | GZ18: =GY18*GF18 -> 0 | HA18: ='m10'!BB18+'m10'!BD18+'m10'!BF18+'m10'!BH18+'m10'!BJ18+'m10'!BL18+'m11'!D18 -> 0 | HC18: =HB18+HA18-GZ18 -> 0 | HD18: =IFERROR(__xludf.DUMMYFUNCTION("""COMPUTED_VALUE"""),100.0) -> 100 | HE18: ='m11'!E18+'m11'!G18+'m11'!I18+'m11'!K18+'m11'!M18+'m11'!O18+'m11'!Q18 -> 0 | HF18: =HE18*HD18 -> 0 | HG18: ='m11'!F18+'m11'!H18+'m11'!J18+'m11'!L18+'m11'!N18+'m11'!P18+'m11'!R18 -> 0 | HI18: =HH18+HG18-HF18 -> 0 | HK18: ='m11'!S18+'m11'!U18+'m11'!W18+'m11'!Y18+'m11'!AA18+'m11'!AC18+'m11'!AE18 -> 0 | HL18: =HK18*HD18 -> 0 | HM18: ='m11'!T18+'m11'!V18+'m11'!X18+'m11'!Z18+'m11'!AB18+'m11'!AD18+'m11'!AF18 -> 0 | HO18: =HN18+HM18-HL18 -> 0 | HQ18: ='m11'!AG18+'m11'!AI18+'m11'!AK18+'m11'!AM18+'m11'!AO18+'m11'!AQ18+'m11'!AS18 -> 0 | HR18: =HQ18*HD18 -> 0 | HS18: ='m11'!AH18+'m11'!AJ18+'m11'!AL18+'m11'!AN18+'m11'!AP18+'m11'!AR18+'m11'!AT18 -> 0 | HU18: =HT18+HS18-HR18 -> 0 | HW18: ='m11'!AU18+'m11'!AW18+'m11'!AY18+'m11'!BA18+'m11'!BC18+'m11'!BE18+'m11'!BG18 -> 0 | HX18: =HW18*HD18 -> 0 | HY18: ='m11'!AV18+'m11'!AX18+'m11'!AZ18+'m11'!BB18+'m11'!BD18+'m11'!BF18+'m11'!BH18 -> 0 | IA18: =HZ18+HY18-HX18 -> 0 | IB18: =IFERROR(__xludf.DUMMYFUNCTION("""COMPUTED_VALUE"""),100.0) -> 100 | IC18: ='m11'!BI18+'m12'!C18+'m12'!E18+'m12'!G18+'m12'!I18+'m12'!K18+'m12'!M18 -> 0 | ID18: =IC18*IB18 -> 0 | IE18: ='m11'!BJ18+'m12'!D18+'m12'!F18+'m12'!H18+'m12'!J18+'m12'!L18+'m12'!N18 -> 0 | IG18: =IF18+IE18-ID18 -> 0 | II18: ='m12'!O18+'m12'!Q18+'m12'!S18+'m12'!U18+'m12'!W18+'m12'!Y18+'m12'!AA18 -> 0 | IJ18: =II18*IB18 -> 0 | IK18: ='m12'!P18+'m12'!R18+'m12'!T18+'m12'!V18+'m12'!X18+'m12'!Z18+'m12'!AB18 -> 0 | IM18: =IL18+IK18-IJ18 -> 0 | IO18: ='m12'!AC18+'m12'!AE18+'m12'!AG18+'m12'!AI18+'m12'!AK18+'m12'!AM18+'m12'!AO18 -> 0 | IP18: =IO18*IB18 -> 0 | IQ18: ='m12'!AD18+'m12'!AF18+'m12'!AH18+'m12'!AJ18+'m12'!AL18+'m12'!AN18+'m12'!AP18 -> 0 | IS18: =IR18+IQ18-IP18 -> 0 | IU18: ='m12'!AQ18+'m12'!AS18+'m12'!AU18+'m12'!AW18+'m12'!AY18+'m12'!BA18+'m12'!BC18 -> 0 | IV18: =IU18*IB18 -> 0 | IW18: ='m12'!AR18+'m12'!AT18+'m12'!AV18+'m12'!AX18+'m12'!AZ18+'m12'!BB18+'m12'!BD18 -> 0 | IY18: =IX18+IW18-IV18 -> 0 | JA18: ='m12'!BE18+'m12'!BG18+'m12'!BI18+'m12'!BK18 -> 0 | JB18: =JA18*IB18 -> 0 | JC18: ='m12'!BF18+'m12'!BH18+'m12'!BJ18+'m12'!BL18 -> 0 | JE18: =JD18+JC18-JB18 -> 0
A19: =IFERROR(__xludf.DUMMYFUNCTION("""COMPUTED_VALUE"""),"Jakub Ljuta-x") -> Jakub Ljuta-x | C19: ='m3'!E19+'m3'!G19+'m3'!I19+'m3'!K19+'m3'!M19+'m3'!O19+'m3'!Q19 -> 0 | D19: ='m3'!A19*C19 -> 0 | E19: ='m3'!F19+'m3'!H19+'m3'!J19+'m3'!L19+'m3'!N19+'m3'!P19+'m3'!R19 -> 0 | G19: =E19+F19-D19 -> 0 | I19: ='m3'!S19+'m3'!U19+'m3'!W19+'m3'!Y19+'m3'!AA19+'m3'!AC19+'m3'!AE19 -> 0 | J19: ='m3'!A19*I19 -> 0 | K19: ='m3'!T19+'m3'!V19+'m3'!X19+'m3'!Z19+'m3'!AB19+'m3'!AD19+'m3'!AF19 -> 0 | M19: =K19+L19-J19 -> 0 | P19: ='m3'!A19*O19 -> 0 | Q19: ='m3'!AH19+'m3'!AJ19+'m3'!AL19+'m3'!AN19+'m3'!AP19+'m3'!AR19+'m3'!AT19 -> 0 | S19: =Q19+R19-P19 -> 0 | U19: ='m3'!AU19+'m3'!AW19+'m3'!AY19+'m3'!BA19+'m3'!BC19+'m3'!BE19+'m3'!BG19 -> 0 | V19: ='m3'!A19*U19 -> 0 | W19: ='m3'!DG19+'m3'!DI19+'m3'!DK19+'m3'!DM19+'m3'!DO19+'m3'!DQ19+'m3'!DS19 -> 0 | Y19: =W19+X19-V19 -> 0 | AA19: ='m3'!BI19+'m3'!BK19+'m4'!C19+'m4'!E19+'m4'!G19+'m4'!I19+'m4'!K19 -> 0 | AB19: =('m3'!BI19+'m3'!BK19)*'m3'!A19+('m4'!C19+'m4'!E19+'m4'!G19+'m4'!I19+'m4'!K19)*'m4'!A19 -> 0 | AE19: =AC19+AD19-AB19 -> 0 | AG19: ='m4'!M19+'m4'!O19+'m4'!Q19+'m4'!S19+'m4'!U19+'m4'!W19+'m4'!Y19 -> 0 | AH19: ='m4'!M19*AG19 -> 0 | AI19: ='m4'!N19+'m4'!P19+'m4'!R19+'m4'!T19+'m4'!V19+'m4'!X19+'m4'!Z19 -> 0 | AK19: =AI19+AJ19-AH19 -> 0 | AM19: ='m4'!AA19+'m4'!AC19+'m4'!AE19+'m4'!AG19+'m4'!AI19+'m4'!AK19+'m4'!AM19 -> 0 | AN19: ='m4'!A19*AM19 -> 0 | AO19: ='m4'!AB19+'m4'!AD19+'m4'!AF19+'m4'!AH19+'m4'!AJ19+'m4'!AL19+'m4'!AN19 -> 0 | AQ19: =AO19+AP19-AN19 -> 0 | AS19: ='m4'!AO19+'m4'!AQ19+'m4'!AS19+'m4'!AU19+'m4'!AW19+'m4'!AY19+'m4'!BA19 -> 0 | AT19: ='m4'!A19*AS19 -> 0 | AU19: ='m4'!AP19+'m4'!AR19+'m4'!AT19+'m4'!AV19+'m4'!AX19+'m4'!AZ19+'m4'!BB19 -> 0 | AW19: =AV19+AU19-AT19 -> 0 | AY19: ='m4'!BC19+'m4'!BE19+'m4'!BG19+'m4'!BI19+'m5'!C19+'m5'!E19+'m5'!G19 -> 0 | AZ19: =('m4'!BC19+'m4'!BE19+'m4'!BG19+'m4'!BI19)*'m4'!A19+('m5'!C19+'m5'!E19+'m5'!G19)*'m5'!A19 -> 0 | BA19: ='m4'!BD19+'m4'!BF19+'m4'!BH19+'m4'!BJ19+'m5'!D19+'m5'!F19+'m5'!H19 -> 0 | BC19: =BB19+BA19-AZ19 -> 0 | BD19: =IFERROR(__xludf.DUMMYFUNCTION("""COMPUTED_VALUE"""),100.0) -> 100 | BE19: ='m5'!I19+'m5'!K19+'m5'!M19+'m5'!O19+'m5'!Q19+'m5'!S19+'m5'!U19 -> 0 | BF19: ='m5'!A19*BE19 -> 0 | BG19: ='m5'!J19+'m5'!L19+'m5'!N19+'m5'!P19+'m5'!R19+'m5'!T19+'m5'!V19 -> 0 | BI19: =BH19+BG19-BF19 -> 0 | BK19: ='m5'!W19+'m5'!Y19+'m5'!AA19+'m5'!AC19+'m5'!AE19+'m5'!AG19+'m5'!AI19 -> 0 | BL19: ='m5'!A19*BK19 -> 0 | BM19: ='m5'!X19+'m5'!Z19+'m5'!AB19+'m5'!AD19+'m5'!AF19+'m5'!AH19+'m5'!AJ19 -> 0 | BO19: =BN19+BM19-BL19 -> 0 | BQ19: ='m5'!AK19+'m5'!AM19+'m5'!AO19+'m5'!AQ19+'m5'!AS19+'m5'!AU19+'m5'!AW19 -> 0 | BR19: ='m5'!A19*BQ19 -> 0 | BS19: ='m5'!AL19+'m5'!AN19+'m5'!AP19+'m5'!AR19+'m5'!AT19+'m5'!AV19+'m5'!AX19 -> 0 | BU19: =BT19+BS19-BR19 -> 0 | BW19: ='m5'!AY19+'m5'!BA19+'m5'!BC19+'m5'!BE19+'m5'!BG19+'m5'!BI19+'m5'!BK19 -> 35 | BX19: ='m5'!A19*BW19 -> 3500 | BY19: ='m5'!AZ19+'m5'!BB19+'m5'!BD19+'m5'!BF19+'m5'!BH19+'m5'!BJ19+'m5'!BL19 -> 0 | CA19: =BZ19+BY19-BX19 -> -3500 | CB19: =IFERROR(__xludf.DUMMYFUNCTION("""COMPUTED_VALUE"""),100.0) -> 100 | CC19: ='m6'!C19+'m6'!E19+'m6'!G19+'m6'!I19+'m6'!K19+'m6'!M19+'m6'!O19 -> 12 | CD19: =CC19*CB19 -> 1200 | CE19: ='m6'!D19+'m6'!F19+'m6'!H19+'m6'!J19+'m6'!L19+'m6'!N19+'m6'!P19 -> 1200 | CG19: =CF19+CE19-CD19 -> 0 | CI19: ='m6'!Q19+'m6'!S19+'m6'!U19+'m6'!W19+'m6'!Y19+'m6'!AA19+'m6'!AC19 -> 0 | CJ19: =CI19*CB19 -> 0 | CK19: ='m6'!R19+'m6'!T19+'m6'!V19+'m6'!X19+'m6'!Z19+'m6'!AB19+'m6'!AD19 -> 0 | CM19: =CL19+CK19-CJ19 -> 0 | CO19: ='m6'!AE19+'m6'!AG19+'m6'!AI19+'m6'!AK19+'m6'!AM19+'m6'!AO19+'m6'!AQ19 -> 0 | CP19: =CO19*CB19 -> 0 | CQ19: ='m6'!AF19+'m6'!AH19+'m6'!AJ19+'m6'!AL19+'m6'!AN19+'m6'!AP19+'m6'!AR19 -> 0 | CS19: =CR19+CQ19-CP19 -> 0 | CU19: ='m6'!AS19+'m6'!AU19+'m6'!AW19+'m6'!AY19+'m6'!BA19+'m6'!BC19+'m6'!BE19 -> 0 | CV19: =CU19*CB19 -> 0 | CW19: ='m6'!AT19+'m6'!AV19+'m6'!AX19+'m6'!AZ19+'m6'!BB19+'m6'!BD19+'m6'!BF19 -> 0 | CY19: =CX19+CW19-CV19 -> 0 | DA19: ='m6'!BG19+'m6'!BI19+'m7'!C19+'m7'!E19+'m7'!G19+'m7'!I19+'m7'!K19 -> 0 | DB19: =('m6'!BG19+'m6'!BI19)*'m6'!A19+('m7'!C19+'m7'!E19+'m7'!G19+'m7'!I19+'m7'!K19)*'m7'!A19 -> 0 | DC19: ='m6'!BH19+'m6'!BJ19+'m7'!D19+'m7'!F19+'m7'!H19+'m7'!J19+'m7'!L19 -> 0 | DE19: =DD19+DC19-DB19 -> 0 | DF19: =IFERROR(__xludf.DUMMYFUNCTION("""COMPUTED_VALUE"""),100.0) -> 100 | DG19: ='m7'!M19+'m7'!O19+'m7'!Q19+'m7'!S19+'m7'!U19+'m7'!W19+'m7'!Y19 -> 0 | DH19: =DG19*DF19 -> 0 | DI19: ='m7'!N19+'m7'!P19+'m7'!R19+'m7'!T19+'m7'!V19+'m7'!X19+'m7'!Z19 -> 0 | DK19: =DJ19+DI19-DH19 -> 0 | DM19: ='m7'!AA19+'m7'!AC19+'m7'!AE19+'m7'!AG19+'m7'!AI19+'m7'!AK19+'m7'!AM19 -> 0 | DN19: =DM19*DF19 -> 0 | DO19: ='m7'!AB19+'m7'!AD19+'m7'!AF19+'m7'!AH19+'m7'!AJ19+'m7'!AL19+'m7'!AN19 -> 0 | DQ19: =DP19+DO19-DN19 -> 0 | DS19: ='m7'!AO19+'m7'!AQ19+'m7'!AS19+'m7'!AU19+'m7'!AW19+'m7'!AY19+'m7'!BA19 -> 0 | DT19: =DS19*DF19 -> 0 | DU19: ='m7'!AP19+'m7'!AR19+'m7'!AT19+'m7'!AV19+'m7'!AX19+'m7'!AZ19+'m7'!BB19 -> 0 | DW19: =DV19+DU19-DT19 -> 0 | DY19: ='m7'!BC19+'m7'!BE19+'m7'!BG19+'m7'!BI19+'m7'!BK19+'m8'!C19+'m8'!E19 -> 0 | DZ19: =('m7'!BC19+'m7'!BE19+'m7'!BG19+'m7'!BI19+'m7'!BK19)*DF19+('m8'!C19+'m8'!E19)*ED19 -> 0 | EA19: ='m7'!BD19+'m7'!BF19+'m7'!BH19+'m7'!BJ19+'m7'!BL19+'m8'!D19+'m8'!F19 -> 0 | EC19: =EB19+EA19-DZ19 -> 0 | ED19: =IFERROR(__xludf.DUMMYFUNCTION("""COMPUTED_VALUE"""),100.0) -> 100 | EE19: ='m8'!G19+'m8'!I19+'m8'!K19+'m8'!M19+'m8'!O19+'m8'!Q19+'m8'!S19 -> 0 | EF19: =EE19*ED19 -> 0 | EG19: ='m8'!H19+'m8'!J19+'m8'!L19+'m8'!N19+'m8'!P19+'m8'!R19+'m8'!T19 -> 0 | EI19: =EH19+EG19-EF19 -> 0 | EK19: ='m8'!U19+'m8'!W19+'m8'!Y19+'m8'!AA19+'m8'!AC19+'m8'!AE19+'m8'!AG19 -> 0 | EL19: =EK19*ED19 -> 0 | EM19: ='m8'!V19+'m8'!X19+'m8'!Z19+'m8'!AB19+'m8'!AD19+'m8'!AF19+'m8'!AH19 -> 0 | EO19: =EN19+EM19-EL19 -> 0 | EQ19: ='m8'!AI19+'m8'!AK19+'m8'!AM19+'m8'!AO19+'m8'!AQ19+'m8'!AS19+'m8'!AU19 -> 0 | ER19: =EQ19*ED19 -> 0 | ES19: ='m8'!AJ19+'m8'!AL19+'m8'!AN19+'m8'!AP19+'m8'!AR19+'m8'!AT19+'m8'!AV19 -> 0 | EU19: =ET19+ES19-ER19 -> 0 | EW19: ='m8'!AW19+'m8'!AY19+'m8'!BA19+'m8'!BC19+'m8'!BE19+'m8'!BG19+'m8'!BI19 -> 0 | EX19: =EW19*ED19 -> 0 | EY19: ='m8'!AX19+'m8'!AZ19+'m8'!BB19+'m8'!BD19+'m8'!BF19+'m8'!BH19+'m8'!BJ19 -> 0 | FA19: =EZ19+EY19-EX19 -> 0 | FC19: ='m8'!BK19+'m9'!C19+'m9'!E19+'m9'!G19+'m9'!I19+'m9'!K19+'m9'!M19 -> 0 | FD19: ='m8'!BK19*ED19+'m9'!C19*FH19+'m9'!E19*FH19+'m9'!G19*FH19+'m9'!I19*FH19+'m9'!K19*FH19+'m9'!M19*FH19 -> 0 | FE19: ='m8'!BL19+'m9'!D19+'m9'!F19+'m9'!H19+'m9'!J19+'m9'!L19+'m9'!N19 -> 0 | FG19: =FF19+FE19-FD19 -> 0 | FH19: =IFERROR(__xludf.DUMMYFUNCTION("""COMPUTED_VALUE"""),100.0) -> 100 | FI19: ='m9'!O19+'m9'!Q19+'m9'!S19+'m9'!U19+'m9'!W19+'m9'!Y19+'m9'!AA19 -> 0 | FJ19: =FI19*FH19 -> 0 | FK19: ='m9'!P19+'m9'!R19+'m9'!T19+'m9'!V19+'m9'!X19+'m9'!Z19+'m9'!AB19 -> 0 | FM19: =FL19+FK19-FJ19 -> 0 | FO19: ='m9'!AC19+'m9'!AE19+'m9'!AG19+'m9'!AI19+'m9'!AK19+'m9'!AM19+'m9'!AO19 -> 0 | FP19: =FO19*FH19 -> 0 | FQ19: ='m9'!AD19+'m9'!AF19+'m9'!AH19+'m9'!AJ19+'m9'!AL19+'m9'!AN19+'m9'!AP19 -> 0 | FS19: =FR19+FQ19-FP19 -> 0 | FU19: ='m9'!AQ19+'m9'!AS19+'m9'!AU19+'m9'!AW19+'m9'!AY19+'m9'!BA19+'m9'!BC19 -> 0 | FV19: =FU19*FH19 -> 0 | FW19: ='m9'!AR19+'m9'!AT19+'m9'!AV19+'m9'!AX19+'m9'!AZ19+'m9'!BB19+'m9'!BD19 -> 0 | FY19: =FX19+FW19-FV19 -> 0 | GA19: ='m9'!BE19+'m9'!BG19+'m9'!BI19+'m10'!C19+'m10'!E19+'m10'!G19+'m10'!I19 -> 0 | GB19: =GA19*FH19 -> 0 | GC19: ='m9'!BF19+'m9'!BH19+'m9'!BJ19+'m10'!D19+'m10'!F19+'m10'!H19+'m10'!J19 -> 0 | GE19: =GD19+GC19-GB19 -> 0 | GF19: =IFERROR(__xludf.DUMMYFUNCTION("""COMPUTED_VALUE"""),100.0) -> 100 | GG19: ='m10'!K19+'m10'!M19+'m10'!O19+'m10'!Q19+'m10'!S19+'m10'!U19+'m10'!W19 -> 0 | GH19: =GG19*GF19 -> 0 | GI19: ='m10'!L19+'m10'!N19+'m10'!P19+'m10'!R19+'m10'!T19+'m10'!V19+'m10'!X19 -> 0 | GK19: =GJ19+GI19-GH19 -> 0 | GM19: ='m10'!Y19+'m10'!AA19+'m10'!AC19+'m10'!AE19+'m10'!AG19+'m10'!AI19+'m10'!AK19 -> 0 | GN19: =GM19*GF19 -> 0 | GO19: ='m10'!Z19+'m10'!AB19+'m10'!AD19+'m10'!AF19+'m10'!AH19+'m10'!AJ19+'m10'!AL19 -> 0 | GQ19: =GP19+GO19-GN19 -> 0 | GS19: ='m10'!AM19+'m10'!AO19+'m10'!AQ19+'m10'!AS19+'m10'!AU19+'m10'!AW19+'m10'!AY19 -> 0 | GT19: =GS19*GF19 -> 0 | GU19: ='m10'!AN19+'m10'!AP19+'m10'!AR19+'m10'!AT19+'m10'!AV19+'m10'!AX19+'m10'!AZ19 -> 0 | GW19: =GV19+GU19-GT19 -> 0 | GY19: ='m10'!BA19+'m10'!BC19+'m10'!BE19+'m10'!BG19+'m10'!BI19+'m10'!BK19+'m11'!C19 -> 0 | GZ19: =GY19*GF19 -> 0 | HA19: ='m10'!BB19+'m10'!BD19+'m10'!BF19+'m10'!BH19+'m10'!BJ19+'m10'!BL19+'m11'!D19 -> 0 | HC19: =HB19+HA19-GZ19 -> 0 | HD19: =IFERROR(__xludf.DUMMYFUNCTION("""COMPUTED_VALUE"""),100.0) -> 100 | HE19: ='m11'!E19+'m11'!G19+'m11'!I19+'m11'!K19+'m11'!M19+'m11'!O19+'m11'!Q19 -> 0 | HF19: =HE19*HD19 -> 0 | HG19: ='m11'!F19+'m11'!H19+'m11'!J19+'m11'!L19+'m11'!N19+'m11'!P19+'m11'!R19 -> 0 | HI19: =HH19+HG19-HF19 -> 0 | HK19: ='m11'!S19+'m11'!U19+'m11'!W19+'m11'!Y19+'m11'!AA19+'m11'!AC19+'m11'!AE19 -> 0 | HL19: =HK19*HD19 -> 0 | HM19: ='m11'!T19+'m11'!V19+'m11'!X19+'m11'!Z19+'m11'!AB19+'m11'!AD19+'m11'!AF19 -> 0 | HO19: =HN19+HM19-HL19 -> 0 | HQ19: ='m11'!AG19+'m11'!AI19+'m11'!AK19+'m11'!AM19+'m11'!AO19+'m11'!AQ19+'m11'!AS19 -> 0 | HR19: =HQ19*HD19 -> 0 | HS19: ='m11'!AH19+'m11'!AJ19+'m11'!AL19+'m11'!AN19+'m11'!AP19+'m11'!AR19+'m11'!AT19 -> 0 | HU19: =HT19+HS19-HR19 -> 0 | HW19: ='m11'!AU19+'m11'!AW19+'m11'!AY19+'m11'!BA19+'m11'!BC19+'m11'!BE19+'m11'!BG19 -> 0 | HX19: =HW19*HD19 -> 0 | HY19: ='m11'!AV19+'m11'!AX19+'m11'!AZ19+'m11'!BB19+'m11'!BD19+'m11'!BF19+'m11'!BH19 -> 0 | IA19: =HZ19+HY19-HX19 -> 0 | IB19: =IFERROR(__xludf.DUMMYFUNCTION("""COMPUTED_VALUE"""),100.0) -> 100 | IC19: ='m11'!BI19+'m12'!C19+'m12'!E19+'m12'!G19+'m12'!I19+'m12'!K19+'m12'!M19 -> 0 | ID19: =IC19*IB19 -> 0 | IE19: ='m11'!BJ19+'m12'!D19+'m12'!F19+'m12'!H19+'m12'!J19+'m12'!L19+'m12'!N19 -> 0 | IG19: =IF19+IE19-ID19 -> 0 | II19: ='m12'!O19+'m12'!Q19+'m12'!S19+'m12'!U19+'m12'!W19+'m12'!Y19+'m12'!AA19 -> 0 | IJ19: =II19*IB19 -> 0 | IK19: ='m12'!P19+'m12'!R19+'m12'!T19+'m12'!V19+'m12'!X19+'m12'!Z19+'m12'!AB19 -> 0 | IM19: =IL19+IK19-IJ19 -> 0 | IO19: ='m12'!AC19+'m12'!AE19+'m12'!AG19+'m12'!AI19+'m12'!AK19+'m12'!AM19+'m12'!AO19 -> 0 | IP19: =IO19*IB19 -> 0 | IQ19: ='m12'!AD19+'m12'!AF19+'m12'!AH19+'m12'!AJ19+'m12'!AL19+'m12'!AN19+'m12'!AP19 -> 0 | IS19: =IR19+IQ19-IP19 -> 0 | IU19: ='m12'!AQ19+'m12'!AS19+'m12'!AU19+'m12'!AW19+'m12'!AY19+'m12'!BA19+'m12'!BC19 -> 0 | IV19: =IU19*IB19 -> 0 | IW19: ='m12'!AR19+'m12'!AT19+'m12'!AV19+'m12'!AX19+'m12'!AZ19+'m12'!BB19+'m12'!BD19 -> 0 | IY19: =IX19+IW19-IV19 -> 0 | JA19: ='m12'!BE19+'m12'!BG19+'m12'!BI19+'m12'!BK19 -> 0 | JB19: =JA19*IB19 -> 0 | JC19: ='m12'!BF19+'m12'!BH19+'m12'!BJ19+'m12'!BL19 -> 0 | JE19: =JD19+JC19-JB19 -> 0
A20: =IFERROR(__xludf.DUMMYFUNCTION("""COMPUTED_VALUE"""),"Nadiia Doroshenko") -> Nadiia Doroshenko | C20: ='m3'!E20+'m3'!G20+'m3'!I20+'m3'!K20+'m3'!M20+'m3'!O20+'m3'!Q20 -> 0 | D20: ='m3'!A21*C20 -> 0 | E20: ='m3'!F20+'m3'!H20+'m3'!J20+'m3'!L20+'m3'!N20+'m3'!P20+'m3'!R20 -> 0 | I20: ='m3'!S20+'m3'!U20+'m3'!W20+'m3'!Y20+'m3'!AA20+'m3'!AC20+'m3'!AE20 -> 0 | J20: ='m3'!G21*I20 -> 0 | K20: ='m3'!T20+'m3'!V20+'m3'!X20+'m3'!Z20+'m3'!AB20+'m3'!AD20+'m3'!AF20 -> 0 | M20: =K20+L20-J20 -> 0 | P20: ='m3'!M21*O20 -> 0 | Q20: ='m3'!AH20+'m3'!AJ20+'m3'!AL20+'m3'!AN20+'m3'!AP20+'m3'!AR20+'m3'!AT20 -> 0 | S20: =Q20+R20-P20 -> 0 | U20: ='m3'!DF21+'m3'!DH21+'m3'!DJ21+'m3'!DL21+'m3'!DN21+'m3'!DP21+'m3'!DR21 -> 0 | W20: ='m3'!AV21+'m3'!AX21+'m3'!AZ21+'m3'!BB21+'m3'!BD21+'m3'!BF21+'m3'!BH21 -> 0 | AA20: ='m3'!BI20+'m3'!BK20+'m4'!C20+'m4'!E20+'m4'!G20+'m4'!I20+'m4'!K20 -> 0 | AE20: =AC20+AD20-AB20 -> 0 | AG20: ='m4'!M20+'m4'!O20+'m4'!Q20+'m4'!S20+'m4'!U20+'m4'!W20+'m4'!Y20 -> 0 | AH20: ='m3'!M20*AG20 -> 0 | AI20: ='m4'!N20+'m4'!P20+'m4'!R20+'m4'!T20+'m4'!V20+'m4'!X20+'m4'!Z20 -> 0 | AK20: =AI20+AJ20-AH20 -> 0 | AM20: ='m4'!AA20+'m4'!AC20+'m4'!AE20+'m4'!AG20+'m4'!AI20+'m4'!AK20+'m4'!AM20 -> 0 | AN20: ='m4'!A20*AM20 -> 0 | AO20: ='m4'!AB20+'m4'!AD20+'m4'!AF20+'m4'!AH20+'m4'!AJ20+'m4'!AL20+'m4'!AN20 -> 0 | AQ20: =AO20+AP20-AN20 -> 0 | AS20: ='m4'!AO20+'m4'!AQ20+'m4'!AS20+'m4'!AU20+'m4'!AW20+'m4'!AY20+'m4'!BA20 -> 0 | AT20: ='m4'!A20*AS20 -> 0 | AU20: ='m4'!AP20+'m4'!AR20+'m4'!AT20+'m4'!AV20+'m4'!AX20+'m4'!AZ20+'m4'!BB20 -> 0 | AW20: =AV20+AU20-AT20 -> 0 | AY20: ='m4'!BC20+'m4'!BE20+'m4'!BG20+'m4'!BI20+'m5'!C20+'m5'!E20+'m5'!G20 -> 0 | AZ20: =('m4'!BC20+'m4'!BE20+'m4'!BG20+'m4'!BI20)*'m4'!A20+('m5'!C20+'m5'!E20+'m5'!G20)*'m5'!A20 -> 0 | BA20: ='m4'!BD20+'m4'!BF20+'m4'!BH20+'m4'!BJ20+'m5'!D20+'m5'!F20+'m5'!H20 -> 0 | BC20: =BB20+BA20-AZ20 -> 0 | BD20: =IFERROR(__xludf.DUMMYFUNCTION("""COMPUTED_VALUE"""),100.0) -> 100 | BE20: ='m5'!I20+'m5'!K20+'m5'!M20+'m5'!O20+'m5'!Q20+'m5'!S20+'m5'!U20 -> 0 | BF20: ='m5'!A20*BE20 -> 0 | BG20: ='m5'!J20+'m5'!L20+'m5'!N20+'m5'!P20+'m5'!R20+'m5'!T20+'m5'!V20 -> 0 | BI20: =BH20+BG20-BF20 -> 0 | BK20: ='m5'!W20+'m5'!Y20+'m5'!AA20+'m5'!AC20+'m5'!AE20+'m5'!AG20+'m5'!AI20 -> 0 | BL20: ='m5'!A20*BK20 -> 0 | BM20: ='m5'!X20+'m5'!Z20+'m5'!AB20+'m5'!AD20+'m5'!AF20+'m5'!AH20+'m5'!AJ20 -> 0 | BO20: =BN20+BM20-BL20 -> 0 | BQ20: ='m5'!AK20+'m5'!AM20+'m5'!AO20+'m5'!AQ20+'m5'!AS20+'m5'!AU20+'m5'!AW20 -> 0 | BR20: ='m5'!A20*BQ20 -> 0 | BS20: ='m5'!AL20+'m5'!AN20+'m5'!AP20+'m5'!AR20+'m5'!AT20+'m5'!AV20+'m5'!AX20 -> 0 | BU20: =BT20+BS20-BR20 -> 0 | BW20: ='m5'!AY20+'m5'!BA20+'m5'!BC20+'m5'!BE20+'m5'!BG20+'m5'!BI20+'m5'!BK20 -> 23.5 | BX20: ='m5'!A20*BW20 -> 2350 | BY20: ='m5'!AZ20+'m5'!BB20+'m5'!BD20+'m5'!BF20+'m5'!BH20+'m5'!BJ20+'m5'!BL20 -> 0 | CA20: =BZ20+BY20-BX20 -> -2350 | CB20: =IFERROR(__xludf.DUMMYFUNCTION("""COMPUTED_VALUE"""),100.0) -> 100 | CC20: ='m6'!C20+'m6'!E20+'m6'!G20+'m6'!I20+'m6'!K20+'m6'!M20+'m6'!O20 -> 14 | CD20: =CC20*CB20 -> 1400 | CE20: ='m6'!D20+'m6'!F20+'m6'!H20+'m6'!J20+'m6'!L20+'m6'!N20+'m6'!P20 -> 0 | CG20: =CF20+CE20-CD20 -> -1400 | CI20: ='m6'!Q20+'m6'!S20+'m6'!U20+'m6'!W20+'m6'!Y20+'m6'!AA20+'m6'!AC20 -> 44 | CJ20: =CI20*CB20 -> 4400 | CK20: ='m6'!R20+'m6'!T20+'m6'!V20+'m6'!X20+'m6'!Z20+'m6'!AB20+'m6'!AD20 -> 0 | CM20: =CL20+CK20-CJ20 -> -4400 | CO20: ='m6'!AE20+'m6'!AG20+'m6'!AI20+'m6'!AK20+'m6'!AM20+'m6'!AO20+'m6'!AQ20 -> 34 | CP20: =CO20*CB20 -> 3400 | CQ20: ='m6'!AF20+'m6'!AH20+'m6'!AJ20+'m6'!AL20+'m6'!AN20+'m6'!AP20+'m6'!AR20 -> 0 | CS20: =CR20+CQ20-CP20 -> -3400 | CU20: ='m6'!AS20+'m6'!AU20+'m6'!AW20+'m6'!AY20+'m6'!BA20+'m6'!BC20+'m6'!BE20 -> 0 | CV20: =CU20*CB20 -> 0 | CW20: ='m6'!AT20+'m6'!AV20+'m6'!AX20+'m6'!AZ20+'m6'!BB20+'m6'!BD20+'m6'!BF20 -> 0 | CY20: =CX20+CW20-CV20 -> 0 | DA20: ='m6'!BG20+'m6'!BI20+'m7'!C20+'m7'!E20+'m7'!G20+'m7'!I20+'m7'!K20 -> 0 | DB20: =('m6'!BG20+'m6'!BI20)*'m6'!A20+('m7'!C20+'m7'!E20+'m7'!G20+'m7'!I20+'m7'!K20)*'m7'!A20 -> 0 | DC20: ='m6'!BH20+'m6'!BJ20+'m7'!D20+'m7'!F20+'m7'!H20+'m7'!J20+'m7'!L20 -> 0 | DE20: =DD20+DC20-DB20 -> 0 | DF20: =IFERROR(__xludf.DUMMYFUNCTION("""COMPUTED_VALUE"""),100.0) -> 100 | DG20: ='m7'!M20+'m7'!O20+'m7'!Q20+'m7'!S20+'m7'!U20+'m7'!W20+'m7'!Y20 -> 0 | DH20: =DG20*DF20 -> 0 | DI20: ='m7'!N20+'m7'!P20+'m7'!R20+'m7'!T20+'m7'!V20+'m7'!X20+'m7'!Z20 -> 0 | DK20: =DJ20+DI20-DH20 -> 0 | DM20: ='m7'!AA20+'m7'!AC20+'m7'!AE20+'m7'!AG20+'m7'!AI20+'m7'!AK20+'m7'!AM20 -> 0 | DN20: =DM20*DF20 -> 0 | DO20: ='m7'!AB20+'m7'!AD20+'m7'!AF20+'m7'!AH20+'m7'!AJ20+'m7'!AL20+'m7'!AN20 -> 0 | DQ20: =DP20+DO20-DN20 -> 0 | DS20: ='m7'!AO20+'m7'!AQ20+'m7'!AS20+'m7'!AU20+'m7'!AW20+'m7'!AY20+'m7'!BA20 -> 0 | DT20: =DS20*DF20 -> 0 | DU20: ='m7'!AP20+'m7'!AR20+'m7'!AT20+'m7'!AV20+'m7'!AX20+'m7'!AZ20+'m7'!BB20 -> 0 | DW20: =DV20+DU20-DT20 -> 0 | DY20: ='m7'!BC20+'m7'!BE20+'m7'!BG20+'m7'!BI20+'m7'!BK20+'m8'!C20+'m8'!E20 -> 0 | DZ20: =('m7'!BC20+'m7'!BE20+'m7'!BG20+'m7'!BI20+'m7'!BK20)*DF20+('m8'!C20+'m8'!E20)*ED20 -> 0 | EA20: ='m7'!BD20+'m7'!BF20+'m7'!BH20+'m7'!BJ20+'m7'!BL20+'m8'!D20+'m8'!F20 -> 0 | EC20: =EB20+EA20-DZ20 -> 0 | ED20: =IFERROR(__xludf.DUMMYFUNCTION("""COMPUTED_VALUE"""),100.0) -> 100 | EE20: ='m8'!G20+'m8'!I20+'m8'!K20+'m8'!M20+'m8'!O20+'m8'!Q20+'m8'!S20 -> 0 | EF20: =EE20*ED20 -> 0 | EG20: ='m8'!H20+'m8'!J20+'m8'!L20+'m8'!N20+'m8'!P20+'m8'!R20+'m8'!T20 -> 0 | EI20: =EH20+EG20-EF20 -> 0 | EK20: ='m8'!U20+'m8'!W20+'m8'!Y20+'m8'!AA20+'m8'!AC20+'m8'!AE20+'m8'!AG20 -> 0 | EL20: =EK20*ED20 -> 0 | EM20: ='m8'!V20+'m8'!X20+'m8'!Z20+'m8'!AB20+'m8'!AD20+'m8'!AF20+'m8'!AH20 -> 0 | EO20: =EN20+EM20-EL20 -> 0 | EQ20: ='m8'!AI20+'m8'!AK20+'m8'!AM20+'m8'!AO20+'m8'!AQ20+'m8'!AS20+'m8'!AU20 -> 0 | ER20: =EQ20*ED20 -> 0 | ES20: ='m8'!AJ20+'m8'!AL20+'m8'!AN20+'m8'!AP20+'m8'!AR20+'m8'!AT20+'m8'!AV20 -> 0 | EU20: =ET20+ES20-ER20 -> 0 | EW20: ='m8'!AW20+'m8'!AY20+'m8'!BA20+'m8'!BC20+'m8'!BE20+'m8'!BG20+'m8'!BI20 -> 0 | EX20: =EW20*ED20 -> 0 | EY20: ='m8'!AX20+'m8'!AZ20+'m8'!BB20+'m8'!BD20+'m8'!BF20+'m8'!BH20+'m8'!BJ20 -> 0 | FA20: =EZ20+EY20-EX20 -> 0 | FC20: ='m8'!BK20+'m9'!C20+'m9'!E20+'m9'!G20+'m9'!I20+'m9'!K20+'m9'!M20 -> 0 | FD20: ='m8'!BK20*ED20+'m9'!C20*FH20+'m9'!E20*FH20+'m9'!G20*FH20+'m9'!I20*FH20+'m9'!K20*FH20+'m9'!M20*FH20 -> 0 | FE20: ='m8'!BL20+'m9'!D20+'m9'!F20+'m9'!H20+'m9'!J20+'m9'!L20+'m9'!N20 -> 0 | FG20: =FF20+FE20-FD20 -> 0 | FH20: =IFERROR(__xludf.DUMMYFUNCTION("""COMPUTED_VALUE"""),100.0) -> 100 | FI20: ='m9'!O20+'m9'!Q20+'m9'!S20+'m9'!U20+'m9'!W20+'m9'!Y20+'m9'!AA20 -> 0 | FJ20: =FI20*FH20 -> 0 | FK20: ='m9'!P20+'m9'!R20+'m9'!T20+'m9'!V20+'m9'!X20+'m9'!Z20+'m9'!AB20 -> 0 | FM20: =FL20+FK20-FJ20 -> 0 | FO20: ='m9'!AC20+'m9'!AE20+'m9'!AG20+'m9'!AI20+'m9'!AK20+'m9'!AM20+'m9'!AO20 -> 0 | FP20: =FO20*FH20 -> 0 | FQ20: ='m9'!AD20+'m9'!AF20+'m9'!AH20+'m9'!AJ20+'m9'!AL20+'m9'!AN20+'m9'!AP20 -> 0 | FS20: =FR20+FQ20-FP20 -> 0 | FU20: ='m9'!AQ20+'m9'!AS20+'m9'!AU20+'m9'!AW20+'m9'!AY20+'m9'!BA20+'m9'!BC20 -> 0 | FV20: =FU20*FH20 -> 0 | FW20: ='m9'!AR20+'m9'!AT20+'m9'!AV20+'m9'!AX20+'m9'!AZ20+'m9'!BB20+'m9'!BD20 -> 0 | FY20: =FX20+FW20-FV20 -> 0 | GA20: ='m9'!BE20+'m9'!BG20+'m9'!BI20+'m10'!C20+'m10'!E20+'m10'!G20+'m10'!I20 -> 0 | GB20: =GA20*FH20 -> 0 | GC20: ='m9'!BF20+'m9'!BH20+'m9'!BJ20+'m10'!D20+'m10'!F20+'m10'!H20+'m10'!J20 -> 0 | GE20: =GD20+GC20-GB20 -> 0 | GF20: =IFERROR(__xludf.DUMMYFUNCTION("""COMPUTED_VALUE"""),100.0) -> 100 | GG20: ='m10'!K20+'m10'!M20+'m10'!O20+'m10'!Q20+'m10'!S20+'m10'!U20+'m10'!W20 -> 0 | GH20: =GG20*GF20 -> 0 | GI20: ='m10'!L20+'m10'!N20+'m10'!P20+'m10'!R20+'m10'!T20+'m10'!V20+'m10'!X20 -> 0 | GK20: =GJ20+GI20-GH20 -> 0 | GM20: ='m10'!Y20+'m10'!AA20+'m10'!AC20+'m10'!AE20+'m10'!AG20+'m10'!AI20+'m10'!AK20 -> 0 | GN20: =GM20*GF20 -> 0 | GO20: ='m10'!Z20+'m10'!AB20+'m10'!AD20+'m10'!AF20+'m10'!AH20+'m10'!AJ20+'m10'!AL20 -> 0 | GQ20: =GP20+GO20-GN20 -> 0 | GS20: ='m10'!AM20+'m10'!AO20+'m10'!AQ20+'m10'!AS20+'m10'!AU20+'m10'!AW20+'m10'!AY20 -> 0 | GT20: =GS20*GF20 -> 0 | GU20: ='m10'!AN20+'m10'!AP20+'m10'!AR20+'m10'!AT20+'m10'!AV20+'m10'!AX20+'m10'!AZ20 -> 0 | GW20: =GV20+GU20-GT20 -> 0 | GY20: ='m10'!BA20+'m10'!BC20+'m10'!BE20+'m10'!BG20+'m10'!BI20+'m10'!BK20+'m11'!C20 -> 0 | GZ20: =GY20*GF20 -> 0 | HA20: ='m10'!BB20+'m10'!BD20+'m10'!BF20+'m10'!BH20+'m10'!BJ20+'m10'!BL20+'m11'!D20 -> 0 | HC20: =HB20+HA20-GZ20 -> 0 | HD20: =IFERROR(__xludf.DUMMYFUNCTION("""COMPUTED_VALUE"""),100.0) -> 100 | HE20: ='m11'!E20+'m11'!G20+'m11'!I20+'m11'!K20+'m11'!M20+'m11'!O20+'m11'!Q20 -> 0 | HF20: =HE20*HD20 -> 0 | HG20: ='m11'!F20+'m11'!H20+'m11'!J20+'m11'!L20+'m11'!N20+'m11'!P20+'m11'!R20 -> 0 | HI20: =HH20+HG20-HF20 -> 0 | HK20: ='m11'!S20+'m11'!U20+'m11'!W20+'m11'!Y20+'m11'!AA20+'m11'!AC20+'m11'!AE20 -> 0 | HL20: =HK20*HD20 -> 0 | HM20: ='m11'!T20+'m11'!V20+'m11'!X20+'m11'!Z20+'m11'!AB20+'m11'!AD20+'m11'!AF20 -> 0 | HO20: =HN20+HM20-HL20 -> 0 | HQ20: ='m11'!AG20+'m11'!AI20+'m11'!AK20+'m11'!AM20+'m11'!AO20+'m11'!AQ20+'m11'!AS20 -> 0 | HR20: =HQ20*HD20 -> 0 | HS20: ='m11'!AH20+'m11'!AJ20+'m11'!AL20+'m11'!AN20+'m11'!AP20+'m11'!AR20+'m11'!AT20 -> 0 | HU20: =HT20+HS20-HR20 -> 0 | HW20: ='m11'!AU20+'m11'!AW20+'m11'!AY20+'m11'!BA20+'m11'!BC20+'m11'!BE20+'m11'!BG20 -> 0 | HX20: =HW20*HD20 -> 0 | HY20: ='m11'!AV20+'m11'!AX20+'m11'!AZ20+'m11'!BB20+'m11'!BD20+'m11'!BF20+'m11'!BH20 -> 0 | IA20: =HZ20+HY20-HX20 -> 0 | IB20: =IFERROR(__xludf.DUMMYFUNCTION("""COMPUTED_VALUE"""),100.0) -> 100 | IC20: ='m11'!BI20+'m12'!C20+'m12'!E20+'m12'!G20+'m12'!I20+'m12'!K20+'m12'!M20 -> 0 | ID20: =IC20*IB20 -> 0 | IE20: ='m11'!BJ20+'m12'!D20+'m12'!F20+'m12'!H20+'m12'!J20+'m12'!L20+'m12'!N20 -> 0 | IG20: =IF20+IE20-ID20 -> 0 | II20: ='m12'!O20+'m12'!Q20+'m12'!S20+'m12'!U20+'m12'!W20+'m12'!Y20+'m12'!AA20 -> 0 | IJ20: =II20*IB20 -> 0 | IK20: ='m12'!P20+'m12'!R20+'m12'!T20+'m12'!V20+'m12'!X20+'m12'!Z20+'m12'!AB20 -> 0 | IM20: =IL20+IK20-IJ20 -> 0 | IO20: ='m12'!AC20+'m12'!AE20+'m12'!AG20+'m12'!AI20+'m12'!AK20+'m12'!AM20+'m12'!AO20 -> 0 | IP20: =IO20*IB20 -> 0 | IQ20: ='m12'!AD20+'m12'!AF20+'m12'!AH20+'m12'!AJ20+'m12'!AL20+'m12'!AN20+'m12'!AP20 -> 0 | IS20: =IR20+IQ20-IP20 -> 0 | IU20: ='m12'!AQ20+'m12'!AS20+'m12'!AU20+'m12'!AW20+'m12'!AY20+'m12'!BA20+'m12'!BC20 -> 0 | IV20: =IU20*IB20 -> 0 | IW20: ='m12'!AR20+'m12'!AT20+'m12'!AV20+'m12'!AX20+'m12'!AZ20+'m12'!BB20+'m12'!BD20 -> 0 | IY20: =IX20+IW20-IV20 -> 0 | JA20: ='m12'!BE20+'m12'!BG20+'m12'!BI20+'m12'!BK20 -> 0 | JB20: =JA20*IB20 -> 0 | JC20: ='m12'!BF20+'m12'!BH20+'m12'!BJ20+'m12'!BL20 -> 0 | JE20: =JD20+JC20-JB20 -> 0
A21: =IFERROR(__xludf.DUMMYFUNCTION("""COMPUTED_VALUE"""),"Lucie Nováková") -> Lucie Nováková | C21: ='m3'!E21+'m3'!G21+'m3'!I21+'m3'!K21+'m3'!M21+'m3'!O21+'m3'!Q21 -> 0 | D21: ='m3'!A22*C21 -> 0 | E21: ='m3'!F21+'m3'!H21+'m3'!J21+'m3'!L21+'m3'!N21+'m3'!P21+'m3'!R21 -> 0 | I21: ='m3'!S21+'m3'!U21+'m3'!W21+'m3'!Y21+'m3'!AA21+'m3'!AC21+'m3'!AE21 -> 0 | J21: ='m3'!G22*I21 -> 0 | K21: ='m3'!T21+'m3'!V21+'m3'!X21+'m3'!Z21+'m3'!AB21+'m3'!AD21+'m3'!AF21 -> 0 | M21: =K21+L21-J21 -> 0 | P21: ='m3'!M22*O21 -> 0 | AA21: ='m3'!BI21+'m3'!BK21+'m4'!C21+'m4'!E21+'m4'!G21+'m4'!I21+'m4'!K21 -> 0 | AE21: =AC21+AD21-AB21 -> 0 | AG21: ='m4'!M21+'m4'!O21+'m4'!Q21+'m4'!S21+'m4'!U21+'m4'!W21+'m4'!Y21 -> 0 | AH21: ='m3'!M21*AG21 -> 0 | AI21: ='m4'!N21+'m4'!P21+'m4'!R21+'m4'!T21+'m4'!V21+'m4'!X21+'m4'!Z21 -> 0 | AK21: =AI21+AJ21-AH21 -> 0 | AM21: ='m4'!AA21+'m4'!AC21+'m4'!AE21+'m4'!AG21+'m4'!AI21+'m4'!AK21+'m4'!AM21 -> 0 | AN21: ='m4'!A21*AM21 -> 0 | AO21: ='m4'!AB21+'m4'!AD21+'m4'!AF21+'m4'!AH21+'m4'!AJ21+'m4'!AL21+'m4'!AN21 -> 0 | AQ21: =AO21+AP21-AN21 -> 0 | AS21: ='m4'!AO21+'m4'!AQ21+'m4'!AS21+'m4'!AU21+'m4'!AW21+'m4'!AY21+'m4'!BA21 -> 0 | AT21: ='m4'!A21*AS21 -> 0 | AU21: ='m4'!AP21+'m4'!AR21+'m4'!AT21+'m4'!AV21+'m4'!AX21+'m4'!AZ21+'m4'!BB21 -> 0 | AW21: =AV21+AU21-AT21 -> 0 | AY21: ='m4'!BC21+'m4'!BE21+'m4'!BG21+'m4'!BI21+'m5'!C21+'m5'!E21+'m5'!G21 -> 0 | AZ21: =('m4'!BC21+'m4'!BE21+'m4'!BG21+'m4'!BI21)*'m4'!A21+('m5'!C21+'m5'!E21+'m5'!G21)*'m5'!A21 -> 0 | BA21: ='m4'!BD21+'m4'!BF21+'m4'!BH21+'m4'!BJ21+'m5'!D21+'m5'!F21+'m5'!H21 -> 0 | BC21: =BB21+BA21-AZ21 -> 0 | BE21: ='m5'!I21+'m5'!K21+'m5'!M21+'m5'!O21+'m5'!Q21+'m5'!S21+'m5'!U21 -> 0 | BF21: ='m5'!A21*BE21 -> 0 | BG21: ='m5'!J21+'m5'!L21+'m5'!N21+'m5'!P21+'m5'!R21+'m5'!T21+'m5'!V21 -> 0 | BI21: =BH21+BG21-BF21 -> 0 | BK21: ='m5'!W21+'m5'!Y21+'m5'!AA21+'m5'!AC21+'m5'!AE21+'m5'!AG21+'m5'!AI21 -> 0 | BL21: ='m5'!A21*BK21 -> 0 | BM21: ='m5'!X21+'m5'!Z21+'m5'!AB21+'m5'!AD21+'m5'!AF21+'m5'!AH21+'m5'!AJ21 -> 0 | BO21: =BN21+BM21-BL21 -> 0 | BQ21: ='m5'!AK21+'m5'!AM21+'m5'!AO21+'m5'!AQ21+'m5'!AS21+'m5'!AU21+'m5'!AW21 -> 0 | BR21: ='m5'!A21*BQ21 -> 0 | BS21: ='m5'!AL21+'m5'!AN21+'m5'!AP21+'m5'!AR21+'m5'!AT21+'m5'!AV21+'m5'!AX21 -> 0 | BU21: =BT21+BS21-BR21 -> 0 | BW21: ='m5'!AY21+'m5'!BA21+'m5'!BC21+'m5'!BE21+'m5'!BG21+'m5'!BI21+'m5'!BK21 -> 0 | BX21: ='m5'!A21*BW21 -> 0 | BY21: ='m5'!AZ21+'m5'!BB21+'m5'!BD21+'m5'!BF21+'m5'!BH21+'m5'!BJ21+'m5'!BL21 -> 0 | CA21: =BZ21+BY21-BX21 -> 0 | CB21: =IFERROR(__xludf.DUMMYFUNCTION("""COMPUTED_VALUE"""),100.0) -> 100 | CC21: ='m6'!C21+'m6'!E21+'m6'!G21+'m6'!I21+'m6'!K21+'m6'!M21+'m6'!O21 -> 0 | CD21: =CC21*CB21 -> 0 | CE21: ='m6'!D21+'m6'!F21+'m6'!H21+'m6'!J21+'m6'!L21+'m6'!N21+'m6'!P21 -> 0 | CG21: =CF21+CE21-CD21 -> 0 | CI21: ='m6'!Q21+'m6'!S21+'m6'!U21+'m6'!W21+'m6'!Y21+'m6'!AA21+'m6'!AC21 -> 0 | CJ21: =CI21*CB21 -> 0 | CK21: ='m6'!R21+'m6'!T21+'m6'!V21+'m6'!X21+'m6'!Z21+'m6'!AB21+'m6'!AD21 -> 0 | CM21: =CL21+CK21-CJ21 -> 0 | CO21: ='m6'!AE21+'m6'!AG21+'m6'!AI21+'m6'!AK21+'m6'!AM21+'m6'!AO21+'m6'!AQ21 -> 15 | CP21: =CO21*CB21 -> 1500 | CQ21: ='m6'!AF21+'m6'!AH21+'m6'!AJ21+'m6'!AL21+'m6'!AN21+'m6'!AP21+'m6'!AR21 -> 0 | CS21: =CR21+CQ21-CP21 -> -1500 | CU21: ='m6'!AS21+'m6'!AU21+'m6'!AW21+'m6'!AY21+'m6'!BA21+'m6'!BC21+'m6'!BE21 -> 21 | CV21: =CU21*CB21 -> 2100 | CW21: ='m6'!AT21+'m6'!AV21+'m6'!AX21+'m6'!AZ21+'m6'!BB21+'m6'!BD21+'m6'!BF21 -> 1000 | CY21: =CX21+CW21-CV21 -> -1100 | DA21: ='m6'!BG21+'m6'!BI21+'m7'!C21+'m7'!E21+'m7'!G21+'m7'!I21+'m7'!K21 -> 31.5 | DB21: =('m6'!BG21+'m6'!BI21)*'m6'!A21+('m7'!C21+'m7'!E21+'m7'!G21+'m7'!I21+'m7'!K21)*'m7'!A21 -> 3150 | DC21: ='m6'!BH21+'m6'!BJ21+'m7'!D21+'m7'!F21+'m7'!H21+'m7'!J21+'m7'!L21 -> 0 | DE21: =DD21+DC21-DB21 -> -3150 | DF21: =IFERROR(__xludf.DUMMYFUNCTION("""COMPUTED_VALUE"""),100.0) -> 100 | DG21: ='m7'!M21+'m7'!O21+'m7'!Q21+'m7'!S21+'m7'!U21+'m7'!W21+'m7'!Y21 -> 39 | DH21: =DG21*DF21 -> 3900 | DI21: ='m7'!N21+'m7'!P21+'m7'!R21+'m7'!T21+'m7'!V21+'m7'!X21+'m7'!Z21 -> 0 | DK21: =DJ21+DI21-DH21 -> -3900 | DM21: ='m7'!AA21+'m7'!AC21+'m7'!AE21+'m7'!AG21+'m7'!AI21+'m7'!AK21+'m7'!AM21 -> 46 | DN21: =DM21*DF21 -> 4600 | DO21: ='m7'!AB21+'m7'!AD21+'m7'!AF21+'m7'!AH21+'m7'!AJ21+'m7'!AL21+'m7'!AN21 -> 0 | DQ21: =DP21+DO21-DN21 -> -4600 | DS21: ='m7'!AO21+'m7'!AQ21+'m7'!AS21+'m7'!AU21+'m7'!AW21+'m7'!AY21+'m7'!BA21 -> 18.5 | DT21: =DS21*DF21 -> 1850 | DU21: ='m7'!AP21+'m7'!AR21+'m7'!AT21+'m7'!AV21+'m7'!AX21+'m7'!AZ21+'m7'!BB21 -> 1000 | DW21: =DV21+DU21-DT21 -> -850 | DY21: ='m7'!BC21+'m7'!BE21+'m7'!BG21+'m7'!BI21+'m7'!BK21+'m8'!C21+'m8'!E21 -> 18.5 | DZ21: =('m7'!BC21+'m7'!BE21+'m7'!BG21+'m7'!BI21+'m7'!BK21)*DF21+('m8'!C21+'m8'!E21)*ED21 -> 1850 | EA21: ='m7'!BD21+'m7'!BF21+'m7'!BH21+'m7'!BJ21+'m7'!BL21+'m8'!D21+'m8'!F21 -> 0 | EC21: =EB21+EA21-DZ21 -> -1850 | ED21: =IFERROR(__xludf.DUMMYFUNCTION("""COMPUTED_VALUE"""),100.0) -> 100 | EE21: ='m8'!G21+'m8'!I21+'m8'!K21+'m8'!M21+'m8'!O21+'m8'!Q21+'m8'!S21 -> 21 | EF21: =EE21*ED21 -> 2100 | EG21: ='m8'!H21+'m8'!J21+'m8'!L21+'m8'!N21+'m8'!P21+'m8'!R21+'m8'!T21 -> 0 | EI21: =EH21+EG21-EF21 -> -2100 | EK21: ='m8'!U21+'m8'!W21+'m8'!Y21+'m8'!AA21+'m8'!AC21+'m8'!AE21+'m8'!AG21 -> 26.5 | EL21: =EK21*ED21 -> 2650 | EM21: ='m8'!V21+'m8'!X21+'m8'!Z21+'m8'!AB21+'m8'!AD21+'m8'!AF21+'m8'!AH21 -> 0 | EO21: =EN21+EM21-EL21 -> -2650 | EQ21: ='m8'!AI21+'m8'!AK21+'m8'!AM21+'m8'!AO21+'m8'!AQ21+'m8'!AS21+'m8'!AU21 -> 35 | ER21: =EQ21*ED21 -> 3500 | ES21: ='m8'!AJ21+'m8'!AL21+'m8'!AN21+'m8'!AP21+'m8'!AR21+'m8'!AT21+'m8'!AV21 -> 0 | EU21: =ET21+ES21-ER21 -> -3500 | EW21: ='m8'!AW21+'m8'!AY21+'m8'!BA21+'m8'!BC21+'m8'!BE21+'m8'!BG21+'m8'!BI21 -> 27 | EX21: =EW21*ED21 -> 2700 | EY21: ='m8'!AX21+'m8'!AZ21+'m8'!BB21+'m8'!BD21+'m8'!BF21+'m8'!BH21+'m8'!BJ21 -> 0 | FA21: =EZ21+EY21-EX21 -> -2700 | FC21: ='m8'!BK21+'m9'!C21+'m9'!E21+'m9'!G21+'m9'!I21+'m9'!K21+'m9'!M21 -> 40.5 | FD21: ='m8'!BK21*ED21+'m9'!C21*FH21+'m9'!E21*FH21+'m9'!G21*FH21+'m9'!I21*FH21+'m9'!K21*FH21+'m9'!M21*FH21 -> 4050 | FE21: ='m8'!BL21+'m9'!D21+'m9'!F21+'m9'!H21+'m9'!J21+'m9'!L21+'m9'!N21 -> 0 | FG21: =FF21+FE21-FD21 -> -4050 | FH21: =IFERROR(__xludf.DUMMYFUNCTION("""COMPUTED_VALUE"""),100.0) -> 100 | FI21: ='m9'!O21+'m9'!Q21+'m9'!S21+'m9'!U21+'m9'!W21+'m9'!Y21+'m9'!AA21 -> 34 | FJ21: =FI21*FH21 -> 3400 | FK21: ='m9'!P21+'m9'!R21+'m9'!T21+'m9'!V21+'m9'!X21+'m9'!Z21+'m9'!AB21 -> 0 | FM21: =FL21+FK21-FJ21 -> -3400 | FO21: ='m9'!AC21+'m9'!AE21+'m9'!AG21+'m9'!AI21+'m9'!AK21+'m9'!AM21+'m9'!AO21 -> 35.5 | FP21: =FO21*FH21 -> 3550 | FQ21: ='m9'!AD21+'m9'!AF21+'m9'!AH21+'m9'!AJ21+'m9'!AL21+'m9'!AN21+'m9'!AP21 -> 0 | FS21: =FR21+FQ21-FP21 -> -3550 | FU21: ='m9'!AQ21+'m9'!AS21+'m9'!AU21+'m9'!AW21+'m9'!AY21+'m9'!BA21+'m9'!BC21 -> 23 | FV21: =FU21*FH21 -> 2300 | FW21: ='m9'!AR21+'m9'!AT21+'m9'!AV21+'m9'!AX21+'m9'!AZ21+'m9'!BB21+'m9'!BD21 -> 0 | FY21: =FX21+FW21-FV21 -> -2300 | GA21: ='m9'!BE21+'m9'!BG21+'m9'!BI21+'m10'!C21+'m10'!E21+'m10'!G21+'m10'!I21 -> 33 | GB21: =GA21*FH21 -> 3300 | GC21: ='m9'!BF21+'m9'!BH21+'m9'!BJ21+'m10'!D21+'m10'!F21+'m10'!H21+'m10'!J21 -> 0 | GE21: =GD21+GC21-GB21 -> -3300 | GF21: =IFERROR(__xludf.DUMMYFUNCTION("""COMPUTED_VALUE"""),100.0) -> 100 | GG21: ='m10'!K21+'m10'!M21+'m10'!O21+'m10'!Q21+'m10'!S21+'m10'!U21+'m10'!W21 -> 20 | GH21: =GG21*GF21 -> 2000 | GI21: ='m10'!L21+'m10'!N21+'m10'!P21+'m10'!R21+'m10'!T21+'m10'!V21+'m10'!X21 -> 0 | GK21: =GJ21+GI21-GH21 -> -2000 | GM21: ='m10'!Y21+'m10'!AA21+'m10'!AC21+'m10'!AE21+'m10'!AG21+'m10'!AI21+'m10'!AK21 -> 29 | GN21: =GM21*GF21 -> 2900 | GO21: ='m10'!Z21+'m10'!AB21+'m10'!AD21+'m10'!AF21+'m10'!AH21+'m10'!AJ21+'m10'!AL21 -> 0 | GQ21: =GP21+GO21-GN21 -> -2900 | GS21: ='m10'!AM21+'m10'!AO21+'m10'!AQ21+'m10'!AS21+'m10'!AU21+'m10'!AW21+'m10'!AY21 -> 28.5 | GT21: =GS21*GF21 -> 2850 | GU21: ='m10'!AN21+'m10'!AP21+'m10'!AR21+'m10'!AT21+'m10'!AV21+'m10'!AX21+'m10'!AZ21 -> 0 | GW21: =GV21+GU21-GT21 -> -2850 | GY21: ='m10'!BA21+'m10'!BC21+'m10'!BE21+'m10'!BG21+'m10'!BI21+'m10'!BK21+'m11'!C21 -> 22 | GZ21: =GY21*GF21 -> 2200 | HA21: ='m10'!BB21+'m10'!BD21+'m10'!BF21+'m10'!BH21+'m10'!BJ21+'m10'!BL21+'m11'!D21 -> 0 | HC21: =HB21+HA21-GZ21 -> -2200 | HD21: =IFERROR(__xludf.DUMMYFUNCTION("""COMPUTED_VALUE"""),100.0) -> 100 | HE21: ='m11'!E21+'m11'!G21+'m11'!I21+'m11'!K21+'m11'!M21+'m11'!O21+'m11'!Q21 -> 38 | HF21: =HE21*HD21 -> 3800 | HG21: ='m11'!F21+'m11'!H21+'m11'!J21+'m11'!L21+'m11'!N21+'m11'!P21+'m11'!R21 -> 0 | HI21: =HH21+HG21-HF21 -> -3800 | HK21: ='m11'!S21+'m11'!U21+'m11'!W21+'m11'!Y21+'m11'!AA21+'m11'!AC21+'m11'!AE21 -> 40 | HL21: =HK21*HD21 -> 4000 | HM21: ='m11'!T21+'m11'!V21+'m11'!X21+'m11'!Z21+'m11'!AB21+'m11'!AD21+'m11'!AF21 -> 0 | HO21: =HN21+HM21-HL21 -> -4000 | HQ21: ='m11'!AG21+'m11'!AI21+'m11'!AK21+'m11'!AM21+'m11'!AO21+'m11'!AQ21+'m11'!AS21 -> 18 | HR21: =HQ21*HD21 -> 1800 | HS21: ='m11'!AH21+'m11'!AJ21+'m11'!AL21+'m11'!AN21+'m11'!AP21+'m11'!AR21+'m11'!AT21 -> 0 | HU21: =HT21+HS21-HR21 -> -1800 | HW21: ='m11'!AU21+'m11'!AW21+'m11'!AY21+'m11'!BA21+'m11'!BC21+'m11'!BE21+'m11'!BG21 -> 37 | HX21: =HW21*HD21 -> 3700 | HY21: ='m11'!AV21+'m11'!AX21+'m11'!AZ21+'m11'!BB21+'m11'!BD21+'m11'!BF21+'m11'!BH21 -> 0 | IA21: =HZ21+HY21-HX21 -> -3700 | IB21: =IFERROR(__xludf.DUMMYFUNCTION("""COMPUTED_VALUE"""),100.0) -> 100 | IC21: ='m11'!BI21+'m12'!C21+'m12'!E21+'m12'!G21+'m12'!I21+'m12'!K21+'m12'!M21 -> 18 | ID21: =IC21*IB21 -> 1800 | IE21: ='m11'!BJ21+'m12'!D21+'m12'!F21+'m12'!H21+'m12'!J21+'m12'!L21+'m12'!N21 -> 0 | IG21: =IF21+IE21-ID21 -> -1800 | II21: ='m12'!O21+'m12'!Q21+'m12'!S21+'m12'!U21+'m12'!W21+'m12'!Y21+'m12'!AA21 -> 45 | IJ21: =II21*IB21 -> 4500 | IK21: ='m12'!P21+'m12'!R21+'m12'!T21+'m12'!V21+'m12'!X21+'m12'!Z21+'m12'!AB21 -> 0 | IM21: =IL21+IK21-IJ21 -> -4500 | IO21: ='m12'!AC21+'m12'!AE21+'m12'!AG21+'m12'!AI21+'m12'!AK21+'m12'!AM21+'m12'!AO21 -> 38 | IP21: =IO21*IB21 -> 3800 | IQ21: ='m12'!AD21+'m12'!AF21+'m12'!AH21+'m12'!AJ21+'m12'!AL21+'m12'!AN21+'m12'!AP21 -> 0 | IS21: =IR21+IQ21-IP21 -> -3800 | IU21: ='m12'!AQ21+'m12'!AS21+'m12'!AU21+'m12'!AW21+'m12'!AY21+'m12'!BA21+'m12'!BC21 -> 15 | IV21: =IU21*IB21 -> 1500 | IW21: ='m12'!AR21+'m12'!AT21+'m12'!AV21+'m12'!AX21+'m12'!AZ21+'m12'!BB21+'m12'!BD21 -> 0 | IY21: =IX21+IW21-IV21 -> -1500 | JA21: ='m12'!BE21+'m12'!BG21+'m12'!BI21+'m12'!BK21 -> 17 | JB21: =JA21*IB21 -> 1700 | JC21: ='m12'!BF21+'m12'!BH21+'m12'!BJ21+'m12'!BL21 -> 0 | JE21: =JD21+JC21-JB21 -> -1700
A22: =IFERROR(__xludf.DUMMYFUNCTION("""COMPUTED_VALUE"""),"Michal Nedbal") -> Michal Nedbal | C22: ='m3'!E22+'m3'!G22+'m3'!I22+'m3'!K22+'m3'!M22+'m3'!O22+'m3'!Q22 -> 0 | D22: ='m3'!A23*C22 -> 0 | E22: ='m3'!F22+'m3'!H22+'m3'!J22+'m3'!L22+'m3'!N22+'m3'!P22+'m3'!R22 -> 0 | I22: ='m3'!S22+'m3'!U22+'m3'!W22+'m3'!Y22+'m3'!AA22+'m3'!AC22+'m3'!AE22 -> 0 | J22: ='m3'!G23*I22 -> 0 | K22: ='m3'!T22+'m3'!V22+'m3'!X22+'m3'!Z22+'m3'!AB22+'m3'!AD22+'m3'!AF22 -> 0 | M22: =K22+L22-J22 -> 0 | CC22: ='m6'!C22+'m6'!E22+'m6'!G22+'m6'!I22+'m6'!K22+'m6'!M22+'m6'!O22 -> 0 | CD22: =CC22*CB22 -> 0 | CE22: ='m6'!D22+'m6'!F22+'m6'!H22+'m6'!J22+'m6'!L22+'m6'!N22+'m6'!P22 -> 0 | CG22: =CF22+CE22-CD22 -> 0 | CI22: ='m6'!Q22+'m6'!S22+'m6'!U22+'m6'!W22+'m6'!Y22+'m6'!AA22+'m6'!AC22 -> 0 | CJ22: =CI22*CB22 -> 0 | CK22: ='m6'!R22+'m6'!T22+'m6'!V22+'m6'!X22+'m6'!Z22+'m6'!AB22+'m6'!AD22 -> 0 | CM22: =CL22+CK22-CJ22 -> 0 | CO22: ='m6'!AE22+'m6'!AG22+'m6'!AI22+'m6'!AK22+'m6'!AM22+'m6'!AO22+'m6'!AQ22 -> 0 | CP22: =CO22*CB22 -> 0 | CQ22: ='m6'!AF22+'m6'!AH22+'m6'!AJ22+'m6'!AL22+'m6'!AN22+'m6'!AP22+'m6'!AR22 -> 0 | CS22: =CR22+CQ22-CP22 -> 0 | CU22: ='m6'!AS22+'m6'!AU22+'m6'!AW22+'m6'!AY22+'m6'!BA22+'m6'!BC22+'m6'!BE22 -> 0 | CV22: =CU22*CB22 -> 0 | CW22: ='m6'!AT22+'m6'!AV22+'m6'!AX22+'m6'!AZ22+'m6'!BB22+'m6'!BD22+'m6'!BF22 -> 0 | CY22: =CX22+CW22-CV22 -> 0 | DA22: ='m6'!BG22+'m6'!BI22+'m7'!C22+'m7'!E22+'m7'!G22+'m7'!I22+'m7'!K22 -> 0 | DB22: =('m6'!BG22+'m6'!BI22)*'m6'!A22+('m7'!C22+'m7'!E22+'m7'!G22+'m7'!I22+'m7'!K22)*'m7'!A22 -> 0 | DC22: ='m6'!BH22+'m6'!BJ22+'m7'!D22+'m7'!F22+'m7'!H22+'m7'!J22+'m7'!L22 -> 0 | DE22: =DD22+DC22-DB22 -> 0 | DG22: ='m7'!M22+'m7'!O22+'m7'!Q22+'m7'!S22+'m7'!U22+'m7'!W22+'m7'!Y22 -> 0 | DH22: =DG22*DF22 -> 0 | DI22: ='m7'!N22+'m7'!P22+'m7'!R22+'m7'!T22+'m7'!V22+'m7'!X22+'m7'!Z22 -> 0 | DK22: =DJ22+DI22-DH22 -> 0 | DM22: ='m7'!AA22+'m7'!AC22+'m7'!AE22+'m7'!AG22+'m7'!AI22+'m7'!AK22+'m7'!AM22 -> 0 | DN22: =DM22*DF22 -> 0 | DO22: ='m7'!AB22+'m7'!AD22+'m7'!AF22+'m7'!AH22+'m7'!AJ22+'m7'!AL22+'m7'!AN22 -> 0 | DQ22: =DP22+DO22-DN22 -> 0 | DS22: ='m7'!AO22+'m7'!AQ22+'m7'!AS22+'m7'!AU22+'m7'!AW22+'m7'!AY22+'m7'!BA22 -> 0 | DT22: =DS22*DF22 -> 0 | DU22: ='m7'!AP22+'m7'!AR22+'m7'!AT22+'m7'!AV22+'m7'!AX22+'m7'!AZ22+'m7'!BB22 -> 0 | DW22: =DV22+DU22-DT22 -> 0 | DY22: ='m7'!BC22+'m7'!BE22+'m7'!BG22+'m7'!BI22+'m7'!BK22+'m8'!C22+'m8'!E22 -> 0 | DZ22: =('m7'!BC22+'m7'!BE22+'m7'!BG22+'m7'!BI22+'m7'!BK22)*DF22+('m8'!C22+'m8'!E22)*ED22 -> 0 | EA22: ='m7'!BD22+'m7'!BF22+'m7'!BH22+'m7'!BJ22+'m7'!BL22+'m8'!D22+'m8'!F22 -> 0 | EC22: =EB22+EA22-DZ22 -> 0 | EE22: ='m8'!G22+'m8'!I22+'m8'!K22+'m8'!M22+'m8'!O22+'m8'!Q22+'m8'!S22 -> 0 | EF22: =EE22*ED22 -> 0 | EG22: ='m8'!H22+'m8'!J22+'m8'!L22+'m8'!N22+'m8'!P22+'m8'!R22+'m8'!T22 -> 0 | EI22: =EH22+EG22-EF22 -> 0 | EK22: ='m8'!U22+'m8'!W22+'m8'!Y22+'m8'!AA22+'m8'!AC22+'m8'!AE22+'m8'!AG22 -> 0 | EL22: =EK22*ED22 -> 0 | EM22: ='m8'!V22+'m8'!X22+'m8'!Z22+'m8'!AB22+'m8'!AD22+'m8'!AF22+'m8'!AH22 -> 0 | EO22: =EN22+EM22-EL22 -> 0 | EQ22: ='m8'!AI22+'m8'!AK22+'m8'!AM22+'m8'!AO22+'m8'!AQ22+'m8'!AS22+'m8'!AU22 -> 0 | ER22: =EQ22*ED22 -> 0 | ES22: ='m8'!AJ22+'m8'!AL22+'m8'!AN22+'m8'!AP22+'m8'!AR22+'m8'!AT22+'m8'!AV22 -> 0 | EU22: =ET22+ES22-ER22 -> 0 | EW22: ='m8'!AW22+'m8'!AY22+'m8'!BA22+'m8'!BC22+'m8'!BE22+'m8'!BG22+'m8'!BI22 -> 0 | EX22: =EW22*ED22 -> 0 | EY22: ='m8'!AX22+'m8'!AZ22+'m8'!BB22+'m8'!BD22+'m8'!BF22+'m8'!BH22+'m8'!BJ22 -> 0 | FA22: =EZ22+EY22-EX22 -> 0 | FC22: ='m8'!BK22+'m9'!C22+'m9'!E22+'m9'!G22+'m9'!I22+'m9'!K22+'m9'!M22 -> 0 | FD22: ='m8'!BK22*ED22+'m9'!C22*FH22+'m9'!E22*FH22+'m9'!G22*FH22+'m9'!I22*FH22+'m9'!K22*FH22+'m9'!M22*FH22 -> 0 | FE22: ='m8'!BL22+'m9'!D22+'m9'!F22+'m9'!H22+'m9'!J22+'m9'!L22+'m9'!N22 -> 0 | FG22: =FF22+FE22-FD22 -> 0 | FH22: =IFERROR(__xludf.DUMMYFUNCTION("""COMPUTED_VALUE"""),130.0) -> 130 | FI22: ='m9'!O22+'m9'!Q22+'m9'!S22+'m9'!U22+'m9'!W22+'m9'!Y22+'m9'!AA22 -> 36.5 | FJ22: =FI22*FH22 -> 4745 | FK22: ='m9'!P22+'m9'!R22+'m9'!T22+'m9'!V22+'m9'!X22+'m9'!Z22+'m9'!AB22 -> 1000 | FM22: =FL22+FK22-FJ22 -> -3745 | FO22: ='m9'!AC22+'m9'!AE22+'m9'!AG22+'m9'!AI22+'m9'!AK22+'m9'!AM22+'m9'!AO22 -> 40 | FP22: =FO22*FH22 -> 5200 | FQ22: ='m9'!AD22+'m9'!AF22+'m9'!AH22+'m9'!AJ22+'m9'!AL22+'m9'!AN22+'m9'!AP22 -> 2000 | FS22: =FR22+FQ22-FP22 -> -3200 | FU22: ='m9'!AQ22+'m9'!AS22+'m9'!AU22+'m9'!AW22+'m9'!AY22+'m9'!BA22+'m9'!BC22 -> 45 | FV22: =FU22*FH22 -> 5850 | FW22: ='m9'!AR22+'m9'!AT22+'m9'!AV22+'m9'!AX22+'m9'!AZ22+'m9'!BB22+'m9'!BD22 -> 1000 | FY22: =FX22+FW22-FV22 -> -4850 | GA22: ='m9'!BE22+'m9'!BG22+'m9'!BI22+'m10'!C22+'m10'!E22+'m10'!G22+'m10'!I22 -> 50 | GB22: =GA22*FH22 -> 6500 | GC22: ='m9'!BF22+'m9'!BH22+'m9'!BJ22+'m10'!D22+'m10'!F22+'m10'!H22+'m10'!J22 -> 1000 | GE22: =GD22+GC22-GB22 -> -5500 | GF22: =IFERROR(__xludf.DUMMYFUNCTION("""COMPUTED_VALUE"""),130.0) -> 130 | GG22: ='m10'!K22+'m10'!M22+'m10'!O22+'m10'!Q22+'m10'!S22+'m10'!U22+'m10'!W22 -> 51 | GH22: =GG22*GF22 -> 6630 | GI22: ='m10'!L22+'m10'!N22+'m10'!P22+'m10'!R22+'m10'!T22+'m10'!V22+'m10'!X22 -> 1000 | GK22: =GJ22+GI22-GH22 -> -5630 | GM22: ='m10'!Y22+'m10'!AA22+'m10'!AC22+'m10'!AE22+'m10'!AG22+'m10'!AI22+'m10'!AK22 -> 26 | GN22: =GM22*GF22 -> 3380 | GO22: ='m10'!Z22+'m10'!AB22+'m10'!AD22+'m10'!AF22+'m10'!AH22+'m10'!AJ22+'m10'!AL22 -> 13000 | GQ22: =GP22+GO22-GN22 -> 9620 | GS22: ='m10'!AM22+'m10'!AO22+'m10'!AQ22+'m10'!AS22+'m10'!AU22+'m10'!AW22+'m10'!AY22 -> 54 | GT22: =GS22*GF22 -> 7020 | GU22: ='m10'!AN22+'m10'!AP22+'m10'!AR22+'m10'!AT22+'m10'!AV22+'m10'!AX22+'m10'!AZ22 -> 2000 | GW22: =GV22+GU22-GT22 -> -5020 | GY22: ='m10'!BA22+'m10'!BC22+'m10'!BE22+'m10'!BG22+'m10'!BI22+'m10'!BK22+'m11'!C22 -> 49 | GZ22: =GY22*GF22 -> 6370 | HA22: ='m10'!BB22+'m10'!BD22+'m10'!BF22+'m10'!BH22+'m10'!BJ22+'m10'!BL22+'m11'!D22 -> 1500 | HC22: =HB22+HA22-GZ22 -> -4870 | HD22: =IFERROR(__xludf.DUMMYFUNCTION("""COMPUTED_VALUE"""),130.0) -> 130 | HE22: ='m11'!E22+'m11'!G22+'m11'!I22+'m11'!K22+'m11'!M22+'m11'!O22+'m11'!Q22 -> 43 | HF22: =HE22*HD22 -> 5590 | HG22: ='m11'!F22+'m11'!H22+'m11'!J22+'m11'!L22+'m11'!N22+'m11'!P22+'m11'!R22 -> 1500 | HI22: =HH22+HG22-HF22 -> -4090 | HK22: ='m11'!S22+'m11'!U22+'m11'!W22+'m11'!Y22+'m11'!AA22+'m11'!AC22+'m11'!AE22 -> 30 | HL22: =HK22*HD22 -> 3900 | HM22: ='m11'!T22+'m11'!V22+'m11'!X22+'m11'!Z22+'m11'!AB22+'m11'!AD22+'m11'!AF22 -> 0 | HO22: =HN22+HM22-HL22 -> -3900 | HQ22: ='m11'!AG22+'m11'!AI22+'m11'!AK22+'m11'!AM22+'m11'!AO22+'m11'!AQ22+'m11'!AS22 -> 63 | HR22: =HQ22*HD22 -> 8190 | HS22: ='m11'!AH22+'m11'!AJ22+'m11'!AL22+'m11'!AN22+'m11'!AP22+'m11'!AR22+'m11'!AT22 -> 13000 | HU22: =HT22+HS22-HR22 -> 4810 | HW22: ='m11'!AU22+'m11'!AW22+'m11'!AY22+'m11'!BA22+'m11'!BC22+'m11'!BE22+'m11'!BG22 -> 43 | HX22: =HW22*HD22 -> 5590 | HY22: ='m11'!AV22+'m11'!AX22+'m11'!AZ22+'m11'!BB22+'m11'!BD22+'m11'!BF22+'m11'!BH22 -> 0 | IA22: =HZ22+HY22-HX22 -> -5590 | IB22: =IFERROR(__xludf.DUMMYFUNCTION("""COMPUTED_VALUE"""),150.0) -> 150 | IC22: ='m11'!BI22+'m12'!C22+'m12'!E22+'m12'!G22+'m12'!I22+'m12'!K22+'m12'!M22 -> 56 | ID22: =IC22*IB22 -> 8400 | IE22: ='m11'!BJ22+'m12'!D22+'m12'!F22+'m12'!H22+'m12'!J22+'m12'!L22+'m12'!N22 -> 0 | IG22: =IF22+IE22-ID22 -> -8400 | II22: ='m12'!O22+'m12'!Q22+'m12'!S22+'m12'!U22+'m12'!W22+'m12'!Y22+'m12'!AA22 -> 64 | IJ22: =II22*IB22 -> 9600 | IK22: ='m12'!P22+'m12'!R22+'m12'!T22+'m12'!V22+'m12'!X22+'m12'!Z22+'m12'!AB22 -> 1000 | IM22: =IL22+IK22-IJ22 -> -8600 | IO22: ='m12'!AC22+'m12'!AE22+'m12'!AG22+'m12'!AI22+'m12'!AK22+'m12'!AM22+'m12'!AO22 -> 54 | IP22: =IO22*IB22 -> 8100 | IQ22: ='m12'!AD22+'m12'!AF22+'m12'!AH22+'m12'!AJ22+'m12'!AL22+'m12'!AN22+'m12'!AP22 -> 12000 | IS22: =IR22+IQ22-IP22 -> 3900 | IU22: ='m12'!AQ22+'m12'!AS22+'m12'!AU22+'m12'!AW22+'m12'!AY22+'m12'!BA22+'m12'!BC22 -> 38 | IV22: =IU22*IB22 -> 5700 | IW22: ='m12'!AR22+'m12'!AT22+'m12'!AV22+'m12'!AX22+'m12'!AZ22+'m12'!BB22+'m12'!BD22 -> 4000 | IY22: =IX22+IW22-IV22 -> -1700 | JA22: ='m12'!BE22+'m12'!BG22+'m12'!BI22+'m12'!BK22 -> 29.5 | JB22: =JA22*IB22 -> 4425 | JC22: ='m12'!BF22+'m12'!BH22+'m12'!BJ22+'m12'!BL22 -> 500 | JE22: =JD22+JC22-JB22 -> -3925
