Workbook

Sheet DatabaseRestia
A1: Datum | B1: Platforma | C1: Stav | D1: Cena | E1: Sleva | F1: Kurýr | G1: Doručení | H1: Platba | I1: Vytvořeno | J1: Připraveno v | K1: Dokončeno v | L1: Přenos do dispecinku | M1: Zpoždění | N1: Přiřazení WoltDrivu | O1: Make Time
A2: 45531 | B2: wolt | C2: delivered | D2: 289 | E2: 0 | F2: Wolt Kurýr | G2: external-delivery | H2: online | I2: 2024-08-19T23:58:58.749+02:00 | J2: 2024-08-20T00:10:47.895+02:00 | K2: 2024-08-20T00:10:47.895+02:00 | M2: -3 | O2: 11.8191
A3: 45531 | B3: generic | C3: delivered | D3: 400 | E3: 47 | F3: David Sarkozi | G3: delivery | H3: online | I3: 2024-08-19T23:58:03.178+02:00 | J3: 2024-08-20T00:08:47.664+02:00 | K3: 2024-08-20T00:25:53.970+02:00 | L3: 2024-08-19T23:58:03.744+02:00 | M3: 0 | N3: 0.0094333333 | O3: 10.741433
A4: 45531 | B4: wolt | C4: delivered | D4: 464 | E4: 0 | F4: Wolt Kurýr | G4: external-delivery | H4: online | I4: 2024-08-19T23:56:29.395+02:00 | J4: 2024-08-20T00:06:31.879+02:00 | K4: 2024-08-20T00:06:31.879+02:00 | M4: -4 | O4: 10.0414
A5: 45531 | B5: bolt | C5: ready_pickup | D5: 329 | E5: 0 | F5: Rakib | G5: external-delivery | H5: online | I5: 2024-08-19T23:48:48.507+02:00 | J5: 2024-08-20T00:01:52.755+02:00 | K5: 2024-08-20T00:01:52.755+02:00 | M5: -1 | O5: 13.0708
A6: 45531 | B6: bolt | C6: ready_pickup | D6: 329 | E6: 0 | F6: Karel | G6: external-delivery | H6: online | I6: 2024-08-19T23:42:56.580+02:00 | J6: 2024-08-19T23:51:37.779+02:00 | K6: 2024-08-19T23:51:37.779+02:00 | M6: -6 | O6: 8.68665
A7: 45531 | B7: wolt | C7: delivered | D7: 321 | E7: 0 | F7: Wolt Kurýr | G7: external-delivery | H7: online | I7: 2024-08-19T23:33:49.070+02:00 | J7: 2024-08-19T23:47:07.826+02:00 | K7: 2024-08-19T23:47:07.826+02:00 | M7: -2 | O7: 13.3126
A8: 45531 | B8: bolt | C8: ready_pickup | D8: 321 | E8: 0 | F8: Rakib | G8: external-delivery | H8: online | I8: 2024-08-19T23:31:39.363+02:00 | J8: 2024-08-19T23:43:55.743+02:00 | K8: 2024-08-19T23:43:55.743+02:00 | M8: -2 | O8: 12.273
A9: 45531 | B9: generic | C9: delivered | D9: 299 | E9: 0 | F9: David Sarkozi | G9: delivery | H9: cash | I9: 2024-08-19T23:25:03.311+02:00 | J9: 2024-08-19T23:36:43.715+02:00 | K9: 2024-08-20T00:04:51.283+02:00 | L9: 2024-08-19T23:25:03.917+02:00 | M9: 10 | N9: 0.0101 | O9: 11.6734
A10: 45531 | B10: generic | C10: delivered | D10: 288 | E10: 0 | F10: David Sarkozi | G10: delivery | H10: cash | I10: 2024-08-19T23:23:03.045+02:00 | J10: 2024-08-19T23:33:28.787+02:00 | K10: 2024-08-19T23:50:59.104+02:00 | L10: 2024-08-19T23:23:03.542+02:00 | M10: -1 | N10: 0.0082833333 | O10: 10.429033
A11: 45531 | B11: wolt | C11: delivered | D11: 394 | E11: 0 | F11: Wolt Kurýr | G11: external-delivery | H11: online | I11: 2024-08-19T23:15:42.317+02:00 | J11: 2024-08-19T23:32:08.801+02:00 | K11: 2024-08-19T23:32:08.801+02:00 | M11: 1 | O11: 16.4414
A12: 45531 | B12: damejidlo | C12: ready_pickup | D12: 264 | E12: 0 | G12: external-delivery | H12: cash | I12: 2024-08-19T23:14:58.535+02:00 | J12: 2024-08-19T23:26:49.035+02:00 | K12: 2024-08-19T23:26:49.035+02:00 | M12: 1 | O12: 11.841667
A13: 45531 | B13: damejidlo | C13: ready_pickup | D13: 264 | E13: 0 | G13: external-delivery | H13: cash | I13: 2024-08-19T23:14:57.369+02:00 | J13: 2024-08-19T23:24:50.897+02:00 | K13: 2024-08-19T23:24:50.897+02:00 | M13: 0 | O13: 9.8921333
A14: 45531 | B14: generic | C14: delivered | D14: 309 | E14: 0 | F14: David Sarkozi | G14: delivery | H14: online | I14: 2024-08-19T23:08:04.305+02:00 | J14: 2024-08-19T23:19:10.937+02:00 | K14: 2024-08-19T23:35:16.750+02:00 | L14: 2024-08-19T23:08:04.797+02:00 | M14: 1 | N14: 0.0082 | O14: 11.110533
A15: 45531 | B15: generic | C15: delivered | D15: 250 | E15: 0 | F15: David Sarkozi | G15: delivery | H15: online | I15: 2024-08-19T22:39:03.895+02:00 | J15: 2024-08-19T22:50:36.631+02:00 | K15: 2024-08-19T23:02:14.652+02:00 | L15: 2024-08-19T22:39:04.429+02:00 | M15: -5 | N15: 0.0089 | O15: 11.5456
A16: 45531 | B16: damejidlo | C16: delivered | D16: 394 | E16: 0 | G16: external-delivery | H16: online | I16: 2024-08-19T22:37:31.754+02:00 | J16: 2024-08-19T22:50:32.912+02:00 | K16: 2024-08-19T22:50:32.912+02:00 | M16: 0 | O16: 13.0193
A17: 45531 | B17: damejidlo | C17: delivered | D17: 358 | E17: 0 | G17: external-delivery | H17: online | I17: 2024-08-19T22:31:31.556+02:00 | J17: 2024-08-19T22:42:33.025+02:00 | K17: 2024-08-19T22:42:33.025+02:00 | M17: 0 | O17: 11.024483
A18: 45531 | B18: bolt | C18: ready_pickup | D18: 329 | E18: 0 | F18: Tibor | G18: external-delivery | H18: online | I18: 2024-08-19T22:23:03.166+02:00 | J18: 2024-08-19T22:34:31.850+02:00 | K18: 2024-08-19T22:34:31.850+02:00 | M18: -3 | O18: 11.478067
A19: 45531 | B19: wolt | C19: delivered | D19: 264 | E19: 0 | F19: Wolt Kurýr | G19: external-delivery | H19: online | I19: 2024-08-19T22:19:15.867+02:00 | J19: 2024-08-19T22:29:46.834+02:00 | K19: 2024-08-19T22:29:46.834+02:00 | M19: -4 | O19: 10.516117
A20: 45531 | B20: generic | C20: delivered | D20: 267 | E20: 67 | G20: pickup | H20: online | I20: 2024-08-19T21:48:04.353+02:00 | J20: 2024-08-19T21:56:38.613+02:00 | K20: 2024-08-19T21:56:38.613+02:00 | M20: -8 | O20: 8.571
A21: 45531 | B21: generic | C21: canceled | D21: 267 | E21: 67 | G21: pickup | H21: card | I21: 2024-08-19T21:47:02.850+02:00 | M21: 0
A22: 45531 | B22: damejidlo | C22: ready_pickup | D22: 394 | E22: 0 | G22: external-delivery | H22: cash | I22: 2024-08-19T21:30:32.106+02:00 | J22: 2024-08-19T21:40:49.932+02:00 | K22: 2024-08-19T21:40:49.932+02:00 | M22: -2 | O22: 10.2971
A23: 45531 | B23: wolt | C23: delivered | D23: 264 | E23: 0 | F23: Wolt Kurýr | G23: external-delivery | H23: online | I23: 2024-08-19T21:28:30.881+02:00 | J23: 2024-08-19T21:36:34.908+02:00 | K23: 2024-08-19T21:36:34.908+02:00 | M23: -6 | O23: 8.0671167
A24: 45531 | B24: damejidlo | C24: ready_pickup | D24: 368 | E24: 0 | G24: external-delivery | H24: online | I24: 2024-08-19T21:22:33.441+02:00 | J24: 2024-08-19T21:32:09.961+02:00 | K24: 2024-08-19T21:32:09.961+02:00 | M24: -2 | O24: 9.6086667
A25: 45531 | B25: generic | C25: delivered | D25: 426 | E25: 0 | F25: David Sarkozi | G25: delivery | H25: cash | I25: 2024-08-19T21:18:02.700+02:00 | J25: 2024-08-19T21:29:30.638+02:00 | K25: 2024-08-19T22:03:06.023+02:00 | L25: 2024-08-19T21:18:03.357+02:00 | M25: 15 | N25: 0.01095 | O25: 11.465633
A26: 45531 | B26: generic | C26: delivered | D26: 329 | E26: 0 | F26: David Sarkozi | G26: delivery | H26: cash | I26: 2024-08-19T21:13:03.392+02:00 | J26: 2024-08-19T21:22:03.603+02:00 | K26: 2024-08-19T21:42:09.652+02:00 | L26: 2024-08-19T21:13:04.041+02:00 | M26: 0 | N26: 0.010816667 | O26: 9.0035167
A27: 45531 | B27: manual | C27: delivered | D27: 90 | E27: 0 | G27: pickup | H27: cash | I27: 2024-08-19T21:11:22.100+02:00 | J27: 2024-08-19T21:11:59.916+02:00 | K27: 2024-08-19T21:11:59.916+02:00 | M27: -4 | O27: 0.63026667
A28: 45531 | B28: generic | C28: delivered | D28: 374 | E28: 0 | F28: David Sarkozi | G28: delivery | H28: online | I28: 2024-08-19T21:09:04.030+02:00 | J28: 2024-08-19T21:19:12.666+02:00 | K28: 2024-08-19T21:33:57.270+02:00 | L28: 2024-08-19T21:09:04.521+02:00 | M28: -3 | N28: 0.0081833333 | O28: 10.143933
A29: 45531 | B29: damejidlo | C29: ready_pickup | D29: 264 | E29: 0 | G29: external-delivery | H29: online | I29: 2024-08-19T21:05:33.242+02:00 | J29: 2024-08-19T21:14:33.054+02:00 | K29: 2024-08-19T21:14:33.054+02:00 | M29: -1 | O29: 8.9968667
A30: 45531 | B30: damejidlo | C30: ready_pickup | D30: 294 | E30: 0 | G30: external-delivery | H30: online | I30: 2024-08-19T20:59:31.975+02:00 | J30: 2024-08-19T21:08:47.014+02:00 | K30: 2024-08-19T21:08:47.014+02:00 | M30: -2 | O30: 9.25065
A31: 45531 | B31: bolt | C31: ready_pickup | D31: 368 | E31: 0 | F31: Shehryar | G31: external-delivery | H31: online | I31: 2024-08-19T20:54:46.747+02:00 | J31: 2024-08-19T21:06:05.751+02:00 | K31: 2024-08-19T21:06:05.751+02:00 | M31: -3 | O31: 11.316733
A32: 45531 | B32: damejidlo | C32: ready_pickup | D32: 264 | E32: 0 | G32: external-delivery | H32: online | I32: 2024-08-19T20:54:33.919+02:00 | J32: 2024-08-19T21:05:41.884+02:00 | K32: 2024-08-19T21:05:41.884+02:00 | M32: 0 | O32: 11.13275
A33: 45531 | B33: wolt | C33: delivered | D33: 258 | E33: 0 | F33: Wolt Kurýr | G33: external-delivery | H33: online | I33: 2024-08-19T20:51:13.748+02:00 | J33: 2024-08-19T20:52:07.867+02:00 | K33: 2024-08-19T20:52:07.867+02:00 | M33: -14 | O33: 0.90198333
A34: 45531 | B34: manual | C34: delivered | D34: 309 | E34: 0 | G34: pickup | H34: cash | I34: 2024-08-19T20:43:28.341+02:00 | J34: 2024-08-19T20:57:27.636+02:00 | K34: 2024-08-19T20:57:27.636+02:00 | M34: 8 | O34: 13.98825
A35: 45531 | B35: manual | C35: delivered | D35: 209 | E35: 0 | G35: pickup | H35: cash | I35: 2024-08-19T20:42:30.337+02:00 | J35: 2024-08-19T20:54:22.604+02:00 | K35: 2024-08-19T20:54:22.604+02:00 | M35: 6 | O35: 11.871117
A36: 45531 | B36: generic | C36: delivered | D36: 199 | E36: 50 | G36: pickup | H36: card | I36: 2024-08-19T20:38:02.760+02:00 | J36: 2024-08-19T20:53:17.576+02:00 | K36: 2024-08-19T20:53:17.576+02:00 | M36: -4 | O36: 15.246933
A37: 45531 | B37: generic | C37: delivered | D37: 279 | E37: 70 | G37: pickup | H37: cash | I37: 2024-08-19T20:37:03.327+02:00 | J37: 2024-08-19T20:52:01.586+02:00 | K37: 2024-08-19T20:52:01.586+02:00 | M37: -4 | O37: 14.970983
A38: 45531 | B38: manual | C38: canceled | D38: 249 | E38: 0 | G38: pickup | H38: cash | I38: 2024-08-19T20:26:05.863+02:00 | J38: 2024-08-19T20:38:57.692+02:00 | K38: 2024-08-19T20:38:57.692+02:00 | M38: 7 | O38: 12.863817
A39: 45531 | B39: generic | C39: delivered | D39: 247 | E39: 62 | G39: pickup | H39: cash | I39: 2024-08-19T20:25:02.914+02:00 | J39: 2024-08-19T20:37:44.580+02:00 | K39: 2024-08-19T20:37:44.580+02:00 | M39: -6 | O39: 12.694433
A40: 45531 | B40: wolt | C40: delivered | D40: 313 | E40: 0 | F40: Wolt Kurýr | G40: external-delivery | H40: online | I40: 2024-08-19T20:24:34.143+02:00 | J40: 2024-08-19T20:44:20.765+02:00 | K40: 2024-08-19T20:44:20.765+02:00 | M40: 4 | O40: 19.777033
A41: 45531 | B41: damejidlo | C41: ready_pickup | D41: 693 | E41: 0 | G41: external-delivery | H41: online | I41: 2024-08-19T20:08:32.365+02:00 | J41: 2024-08-19T20:22:59.968+02:00 | K41: 2024-08-19T20:22:59.968+02:00 | M41: 0 | O41: 14.46005
A42: 45531 | B42: bolt | C42: ready_pickup | D42: 356 | E42: 0 | F42: Ivan | G42: external-delivery | H42: online | I42: 2024-08-19T20:02:58.509+02:00 | J42: 2024-08-19T20:18:15.756+02:00 | K42: 2024-08-19T20:18:15.756+02:00 | M42: 0 | O42: 15.28745
A43: 45531 | B43: generic | C43: delivered | D43: 379 | E43: 0 | G43: pickup | H43: online | I43: 2024-08-19T19:59:03.262+02:00 | J43: 2024-08-19T20:11:39.915+02:00 | K43: 2024-08-19T20:11:39.915+02:00 | M43: -5 | O43: 12.610883
A44: 45531 | B44: generic | C44: delivered | D44: 247 | E44: 62 | G44: pickup | H44: cash | I44: 2024-08-19T19:52:03.015+02:00 | J44: 2024-08-19T20:02:34.580+02:00 | K44: 2024-08-19T20:02:34.580+02:00 | M44: -8 | O44: 10.526083
A45: 45531 | B45: generic | C45: delivered | D45: 245 | E45: 61 | G45: pickup | H45: card | I45: 2024-08-19T19:48:03.550+02:00 | J45: 2024-08-19T19:57:14.619+02:00 | K45: 2024-08-19T19:57:14.619+02:00 | M45: -9 | O45: 9.1844833
A46: 45531 | B46: wolt | C46: delivered | D46: 321 | E46: 0 | F46: Wolt Kurýr | G46: external-delivery | H46: online | I46: 2024-08-19T19:44:33.739+02:00 | J46: 2024-08-19T20:08:44.852+02:00 | K46: 2024-08-19T20:08:44.852+02:00 | M46: 8 | O46: 24.185217
A47: 45531 | B47: generic | C47: delivered | D47: 274 | E47: 0 | F47: David Sarkozi | G47: delivery | H47: online | I47: 2024-08-19T19:43:03.569+02:00 | J47: 2024-08-19T19:59:07.660+02:00 | K47: 2024-08-19T20:05:51.653+02:00 | L47: 2024-08-19T19:43:04.077+02:00 | M47: -6 | N47: 0.0084666667 | O47: 16.068183
A48: 45531 | B48: damejidlo | C48: delivered | D48: 582 | E48: 0 | G48: external-delivery | H48: online | I48: 2024-08-19T19:39:22.915+02:00 | J48: 2024-08-19T19:55:05.137+02:00 | K48: 2024-08-19T19:55:05.137+02:00 | M48: 0 | O48: 15.7037
A49: 45531 | B49: damejidlo | C49: ready_pickup | D49: 214 | E49: 50 | G49: external-delivery | H49: online | I49: 2024-08-19T19:28:38.772+02:00 | J49: 2024-08-19T19:51:10.851+02:00 | K49: 2024-08-19T19:51:10.851+02:00 | M49: 11 | O49: 22.53465
A50: 45531 | B50: generic | C50: delivered | D50: 797 | E50: 199 | G50: pickup | H50: card | I50: 2024-08-19T19:28:03.094+02:00 | J50: 2024-08-19T19:47:43.642+02:00 | K50: 2024-08-19T19:47:43.642+02:00 | M50: 0 | O50: 19.6758
A51: 45531 | B51: damejidlo | C51: ready_pickup | D51: 368 | E51: 0 | G51: external-delivery | H51: cash | I51: 2024-08-19T19:26:32.666+02:00 | J51: 2024-08-19T19:48:56.057+02:00 | K51: 2024-08-19T19:48:56.057+02:00 | M51: 9 | O51: 22.38985
A52: 45531 | B52: damejidlo | C52: ready_pickup | D52: 264 | E52: 0 | G52: external-delivery | H52: online | I52: 2024-08-19T19:22:31.220+02:00 | J52: 2024-08-19T19:29:55.922+02:00 | K52: 2024-08-19T19:29:55.922+02:00 | M52: -3 | O52: 7.4117
A53: 45531 | B53: generic | C53: delivered | D53: 336 | E53: 0 | F53: Wolt Kurýr | G53: delivery | H53: online | I53: 2024-08-19T19:14:02.588+02:00 | J53: 2024-08-19T19:28:37.733+02:00 | K53: 2024-08-19T19:45:04.398+02:00 | L53: 2024-08-19T19:26:26.162+02:00 | M53: 1 | N53: 12.3929 | O53: 14.58575
A54: 45531 | B54: generic | C54: canceled | D54: 299 | E54: 75 | G54: pickup | H54: card | I54: 2024-08-19T19:11:03.170+02:00 | M54: 0
A55: 45531 | B55: bolt | C55: ready_pickup | D55: 553 | E55: 0 | F55: Ivan | G55: external-delivery | H55: online | I55: 2024-08-19T19:10:32.538+02:00 | J55: 2024-08-19T19:23:43.858+02:00 | K55: 2024-08-19T19:23:43.858+02:00 | M55: -5 | O55: 13.188667
A56: 45531 | B56: manual | C56: delivered | D56: 168 | E56: 0 | G56: pickup | H56: cash | I56: 2024-08-19T19:07:48.806+02:00 | J56: 2024-08-19T19:16:21.593+02:00 | K56: 2024-08-19T19:16:21.593+02:00 | M56: 3 | O56: 8.54645
A57: 45531 | B57: damejidlo | C57: ready_pickup | D57: 528 | E57: 0 | G57: external-delivery | H57: online | I57: 2024-08-19T19:07:33.472+02:00 | J57: 2024-08-19T19:20:20.924+02:00 | K57: 2024-08-19T19:20:20.924+02:00 | M57: -1 | O57: 12.790867
A58: 45531 | B58: generic | C58: delivered | D58: 299 | E58: 75 | G58: pickup | H58: card | I58: 2024-08-19T19:02:02.259+02:00 | J58: 2024-08-19T19:14:05.596+02:00 | K58: 2024-08-19T19:14:05.596+02:00 | M58: -7 | O58: 12.055617
A59: 45531 | B59: generic | C59: delivered | D59: 683 | E59: 0 | F59: David Sarkozi | G59: delivery | H59: online | I59: 2024-08-19T18:55:03.050+02:00 | J59: 2024-08-19T19:09:36.958+02:00 | K59: 2024-08-19T19:32:35.367+02:00 | L59: 2024-08-19T18:55:03.811+02:00 | M59: 10 | N59: 0.012683333 | O59: 14.565133
A60: 45531 | B60: bolt | C60: delivered | D60: 329 | E60: 0 | G60: pickup | H60: online | I60: 2024-08-19T18:53:57.517+02:00 | J60: 2024-08-19T19:11:34.042+02:00 | K60: 2024-08-19T19:11:34.042+02:00 | M60: 2 | O60: 17.60875
A61: 45531 | B61: generic | C61: delivered | D61: 575 | E61: 0 | F61: David Sarkozi | G61: delivery | H61: online | I61: 2024-08-19T18:50:04.868+02:00 | J61: 2024-08-19T19:01:06.624+02:00 | K61: 2024-08-19T19:21:44.901+02:00 | L61: 2024-08-19T18:50:05.462+02:00 | M61: 3 | N61: 0.0099 | O61: 11.029267
A62: 45531 | B62: damejidlo | C62: ready_pickup | D62: 653 | E62: 0 | G62: external-delivery | H62: cash | I62: 2024-08-19T18:44:35.209+02:00 | J62: 2024-08-19T18:55:21.828+02:00 | K62: 2024-08-19T18:55:21.828+02:00 | M62: -4 | O62: 10.776983
A63: 45531 | B63: manual | C63: delivered | D63: 398 | E63: 0 | G63: pickup | H63: cash | I63: 2024-08-19T18:41:22.809+02:00 | J63: 2024-08-19T18:51:03.576+02:00 | K63: 2024-08-19T18:51:03.576+02:00 | M63: 4 | O63: 9.67945
A64: 45531 | B64: generic | C64: delivered | D64: 366 | E64: 62 | G64: pickup | H64: cash | I64: 2024-08-19T18:37:02.626+02:00 | J64: 2024-08-19T20:06:41.576+02:00 | K64: 2024-08-19T20:06:41.576+02:00 | M64: -8 | O64: 89.649167
A65: 45531 | B65: manual | C65: delivered | D65: 348 | E65: 0 | G65: pickup | H65: cash | I65: 2024-08-19T18:26:36.258+02:00 | J65: 2024-08-19T18:38:59.556+02:00 | K65: 2024-08-19T18:38:59.556+02:00 | M65: 7 | O65: 12.3883
A66: 45531 | B66: bolt | C66: ready_pickup | D66: 588 | E66: 0 | F66: Jaroslava | G66: external-delivery | H66: online | I66: 2024-08-19T18:24:39.678+02:00 | J66: 2024-08-19T18:42:42.837+02:00 | K66: 2024-08-19T18:42:42.837+02:00 | M66: 0 | O66: 18.05265
A67: 45531 | B67: generic | C67: delivered | D67: 329 | E67: 0 | F67: David Sarkozi | G67: delivery | H67: online | I67: 2024-08-19T18:23:03.373+02:00 | J67: 2024-08-19T18:44:23.619+02:00 | K67: 2024-08-19T19:00:07.904+02:00 | L67: 2024-08-19T18:23:03.909+02:00 | M67: 9 | N67: 0.0089333333 | O67: 21.337433
A68: 45531 | B68: generic | C68: delivered | D68: 374 | E68: 0 | F68: David Sarkozi | G68: delivery | H68: cash | I68: 2024-08-19T18:15:03.437+02:00 | J68: 2024-08-19T18:30:12.559+02:00 | K68: 2024-08-19T18:46:22.021+02:00 | L68: 2024-08-19T18:15:03.948+02:00 | M68: 2 | N68: 0.0085166667 | O68: 15.152033
A69: 45531 | B69: generic | C69: delivered | D69: 523 | E69: 32 | F69: Wolt Kurýr | G69: delivery | H69: online | I69: 2024-08-19T18:14:02.908+02:00 | J69: 2024-08-19T18:27:12.649+02:00 | K69: 2024-08-19T19:01:46.863+02:00 | L69: 2024-08-19T18:25:00.974+02:00 | M69: 18 | N69: 10.967767 | O69: 13.16235
A70: 45531 | B70: generic | C70: delivered | D70: 168 | E70: 0 | G70: pickup | H70: cash | I70: 2024-08-19T18:11:03.368+02:00 | J70: 2024-08-19T18:23:38.549+02:00 | K70: 2024-08-19T18:23:38.549+02:00 | M70: -6 | O70: 12.58635
A71: 45531 | B71: damejidlo | C71: ready_pickup | D71: 264 | E71: 0 | G71: external-delivery | H71: online | I71: 2024-08-19T18:02:29.683+02:00 | J71: 2024-08-19T18:11:05.826+02:00 | K71: 2024-08-19T18:11:05.826+02:00 | M71: -2 | O71: 8.6023833
A72: 45531 | B72: damejidlo | C72: ready_pickup | D72: 429 | E72: 0 | G72: external-delivery | H72: online | I72: 2024-08-19T17:59:30.778+02:00 | J72: 2024-08-19T18:10:14.148+02:00 | K72: 2024-08-19T18:10:14.148+02:00 | M72: -2 | O72: 10.722833
A73: 45531 | B73: wolt | C73: delivered | D73: 593 | E73: 0 | F73: Wolt Kurýr | G73: external-delivery | H73: online | I73: 2024-08-19T17:51:44.943+02:00 | J73: 2024-08-19T18:02:04.071+02:00 | K73: 2024-08-19T18:02:04.071+02:00 | M73: -4 | O73: 10.3188
A74: 45531 | B74: generic | C74: delivered | D74: 219 | E74: 55 | G74: pickup | H74: card | I74: 2024-08-19T17:50:02.401+02:00 | J74: 2024-08-19T17:58:19.676+02:00 | K74: 2024-08-19T17:58:19.676+02:00 | M74: -11 | O74: 8.2879167
A75: 45531 | B75: damejidlo | C75: ready_pickup | D75: 553 | E75: 0 | G75: external-delivery | H75: online | I75: 2024-08-19T17:39:27.683+02:00 | J75: 2024-08-19T17:51:22.805+02:00 | K75: 2024-08-19T17:51:22.805+02:00 | M75: -2 | O75: 11.9187
A76: 45531 | B76: generic | C76: canceled | D76: 267 | E76: 62 | G76: pickup | H76: card | I76: 2024-08-19T17:36:03.509+02:00 | M76: 0
A77: 45531 | B77: generic | C77: delivered | D77: 267 | E77: 62 | G77: pickup | H77: card | I77: 2024-08-19T17:23:02.659+02:00 | J77: 2024-08-19T17:32:17.529+02:00 | K77: 2024-08-19T17:32:17.529+02:00 | M77: -10 | O77: 9.2478333
A78: 45531 | B78: generic | C78: delivered | D78: 267 | E78: 62 | G78: pickup | H78: online | I78: 2024-08-19T17:19:03.523+02:00 | J78: 2024-08-19T17:29:29.550+02:00 | K78: 2024-08-19T17:29:29.550+02:00 | M78: -8 | O78: 10.433783
A79: 45531 | B79: generic | C79: delivered | D79: 324 | E79: 69 | G79: pickup | H79: cash | I79: 2024-08-19T17:18:02.819+02:00 | J79: 2024-08-19T17:27:57.586+02:00 | K79: 2024-08-19T17:27:57.586+02:00 | M79: -9 | O79: 9.9127833
A80: 45531 | B80: damejidlo | C80: ready_pickup | D80: 573 | E80: 0 | G80: external-delivery | H80: cash | I80: 2024-08-19T17:12:26.254+02:00 | J80: 2024-08-19T17:23:40.918+02:00 | K80: 2024-08-19T17:23:40.918+02:00 | M80: -2 | O80: 11.2444
A81: 45531 | B81: bolt | C81: ready_pickup | D81: 788 | E81: 0 | F81: Richard | G81: external-delivery | H81: online | I81: 2024-08-19T16:55:12.931+02:00 | J81: 2024-08-19T17:07:14.988+02:00 | K81: 2024-08-19T17:07:14.988+02:00 | M81: -6 | O81: 12.034283
A82: 45531 | B82: generic | C82: delivered | D82: 289 | E82: 0 | F82: Ondřej Navrátil | G82: delivery | H82: online | I82: 2024-08-19T16:18:04.281+02:00 | J82: 2024-08-19T16:25:21.622+02:00 | K82: 2024-08-19T16:37:28.975+02:00 | L82: 2024-08-19T16:18:04.869+02:00 | M82: -9 | N82: 0.0098 | O82: 7.2890167
A83: 45531 | B83: damejidlo | C83: delivered | D83: 294 | E83: 100 | G83: external-delivery | H83: online | I83: 2024-08-19T16:12:30.605+02:00 | J83: 2024-08-19T16:24:06.817+02:00 | K83: 2024-08-19T16:24:06.817+02:00 | M83: -1 | O83: 11.603533
A84: 45531 | B84: generic | C84: delivered | D84: 575 | E84: 0 | F84: Ondřej Navrátil | G84: delivery | H84: online | I84: 2024-08-19T16:09:03.598+02:00 | J84: 2024-08-19T16:19:16.644+02:00 | K84: 2024-08-19T16:32:14.009+02:00 | L84: 2024-08-19T16:09:04.394+02:00 | M84: -3 | N84: 0.013266667 | O84: 10.217433
A85: 45531 | B85: damejidlo | C85: delivered | D85: 665 | E85: 0 | G85: external-delivery | H85: online | I85: 2024-08-19T16:04:26.278+02:00 | J85: 2024-08-19T16:14:55.919+02:00 | K85: 2024-08-19T16:14:55.919+02:00 | M85: -3 | O85: 10.494017
A86: 45531 | B86: generic | C86: delivered | D86: 285 | E86: 61 | G86: pickup | H86: online | I86: 2024-08-19T15:41:03.255+02:00 | J86: 2024-08-19T15:52:31.578+02:00 | K86: 2024-08-19T15:52:31.578+02:00 | M86: -7 | O86: 11.47205
A87: 45531 | B87: generic | C87: delivered | D87: 309 | E87: 0 | F87: Ondřej Navrátil | G87: delivery | H87: cash | I87: 2024-08-19T15:24:02.185+02:00 | J87: 2024-08-19T15:38:20.583+02:00 | K87: 2024-08-19T15:53:24.675+02:00 | L87: 2024-08-19T15:24:02.705+02:00 | M87: 0 | N87: 0.0086666667 | O87: 14.306633
A88: 45531 | B88: wolt | C88: delivered | D88: 406 | E88: 0 | F88: Wolt Kurýr | G88: external-delivery | H88: online | I88: 2024-08-19T15:03:19.776+02:00 | J88: 2024-08-19T15:11:48.768+02:00 | K88: 2024-08-19T15:11:48.768+02:00 | M88: -6 | O88: 8.4832
A89: 45531 | B89: bolt | C89: ready_pickup | D89: 553 | E89: 0 | F89: Anna | G89: external-delivery | H89: online | I89: 2024-08-19T15:02:28.706+02:00 | J89: 2024-08-19T15:16:44.654+02:00 | K89: 2024-08-19T15:16:44.654+02:00 | M89: -1 | O89: 14.2658
A90: 45531 | B90: manual | C90: delivered | D90: 119 | E90: 0 | G90: pickup | H90: cash | I90: 2024-08-19T14:56:35.134+02:00 | J90: 2024-08-19T15:09:23.451+02:00 | K90: 2024-08-19T15:09:23.451+02:00 | M90: 7 | O90: 12.805283
A91: 45531 | B91: generic | C91: delivered | D91: 357 | E91: 0 | G91: pickup | H91: cash | I91: 2024-08-19T14:54:02.976+02:00 | J91: 2024-08-19T15:09:19.470+02:00 | K91: 2024-08-19T15:09:19.470+02:00 | M91: -5 | O91: 15.2749
A92: 45531 | B92: generic | C92: delivered | D92: 331 | E92: 0 | F92: Ondřej Navrátil | G92: delivery | H92: online | I92: 2024-08-19T14:52:04.211+02:00 | J92: 2024-08-19T15:08:17.527+02:00 | K92: 2024-08-19T15:14:31.598+02:00 | L92: 2024-08-19T14:52:04.716+02:00 | M92: -6 | N92: 0.0084166667 | O92: 16.221933
A93: 45531 | B93: manual | C93: delivered | D93: 45 | E93: 0 | G93: pickup | H93: cash | I93: 2024-08-19T14:51:29.634+02:00 | J93: 2024-08-19T15:00:45.597+02:00 | K93: 2024-08-19T15:00:45.597+02:00 | M93: 4 | O93: 9.26605
A94: 45531 | B94: generic | C94: delivered | D94: 358 | E94: 0 | F94: Ondřej Navrátil | G94: delivery | H94: online | I94: 2024-08-19T14:34:04.226+02:00 | J94: 2024-08-19T14:42:14.510+02:00 | K94: 2024-08-19T15:00:14.407+02:00 | L94: 2024-08-19T14:34:04.781+02:00 | M94: -2 | N94: 0.00925 | O94: 8.1714
A95: 45531 | B95: generic | C95: delivered | D95: 339 | E95: 0 | F95: Ondřej Navrátil | G95: delivery | H95: online | I95: 2024-08-19T14:24:03.308+02:00 | J95: 2024-08-19T14:36:03.525+02:00 | K95: 2024-08-19T14:43:13.926+02:00 | L95: 2024-08-19T14:24:04.010+02:00 | M95: -9 | N95: 0.0117 | O95: 12.003617
A96: 45531 | B96: generic | C96: delivered | D96: 247 | E96: 62 | G96: pickup | H96: cash | I96: 2024-08-19T14:24:03.297+02:00 | J96: 2024-08-19T14:33:18.494+02:00 | K96: 2024-08-19T14:33:18.494+02:00 | M96: -10 | O96: 9.2532833
A97: 45531 | B97: bolt | C97: ready_pickup | D97: 264 | E97: 0 | F97: Gabriela | G97: external-delivery | H97: online | I97: 2024-08-19T14:16:24.678+02:00 | J97: 2024-08-19T14:23:04.770+02:00 | K97: 2024-08-19T14:23:04.770+02:00 | M97: -8 | O97: 6.6682
A98: 45531 | B98: wolt | C98: delivered | D98: 321 | E98: 0 | F98: Wolt Kurýr | G98: external-delivery | H98: online | I98: 2024-08-19T14:12:59.986+02:00 | J98: 2024-08-19T14:20:02.916+02:00 | K98: 2024-08-19T14:20:02.916+02:00 | M98: -7 | O98: 7.0488333
A99: 45531 | B99: damejidlo | C99: ready_pickup | D99: 321 | E99: 0 | G99: external-delivery | H99: online | I99: 2024-08-19T13:58:42.893+02:00 | J99: 2024-08-19T14:15:22.853+02:00 | K99: 2024-08-19T14:15:22.853+02:00 | M99: 4 | O99: 16.666
A100: 45531 | B100: damejidlo | C100: ready_pickup | D100: 423 | E100: 150 | G100: external-delivery | H100: online | I100: 2024-08-19T13:56:24.775+02:00 | J100: 2024-08-19T14:13:24.833+02:00 | K100: 2024-08-19T14:13:24.833+02:00 | M100: 3 | O100: 17.000967
...

Sheet Report
B1: Prosek | C1: Datum | D1: 46100 | F1: COL | I1: Tržba | L1: Online Platby
F2: =IFERROR(__xludf.DUMMYFUNCTION("IF(I2>0, 100 / (I2 / 112 * 100 / ((SUM(A12:A21, A25:A31) + (M17 + I32) + IFERROR(SUM(FILTER(HR!W5:W48, LEN(HR!A5:A48) > 0)), 0)) / 100)), ""Zadej tržbu"") "),"Zadej tržbu") -> Zadej tržbu | I2: =SUM(RestiaCSV!C:C) - SUMIFS(RestiaCSV!C:C, RestiaCSV!B:B, "canceled") -> 0 | L2: Wolt | M2: =SUMIFS(RestiaCSV!C:C, RestiaCSV!A:A, Report!L2, RestiaCSV!B:B, "<>canceled") -> 0
B3: =CHOOSE(WEEKDAY(D1), "Neděle", "Pondělí", "Úterý", "Středa", "Čtvrtek", "Pátek", "Sobota") -> Čtvrtek | L3: Bolt | M3: =SUMIFS(RestiaCSV!C:C, RestiaCSV!A:A, Report!L3, RestiaCSV!B:B, "<>canceled") -> 0
L4: Dáme jídlo | M4: =SUMIFS(RestiaCSV!C:C, RestiaCSV!A:A, "damejidlo", RestiaCSV!G:G, "online", RestiaCSV!B:B, "<>canceled") -> 0
B5: Napiš vzkaz ⬇️ 📖 Deník 📖 ⬇️ Včerejší vzkaz | L5: Web | M5: =SUMIFS(RestiaCSV!C:C, RestiaCSV!A:A, "generic", RestiaCSV!G:G, "online", RestiaCSV!B:B, "<>canceled") -> 0
L6: Wolt drive cash | M6: =SUMIFS(RestiaCSV!C:C, RestiaCSV!E:E, "wolt kurýr", RestiaCSV!A:A, "<>wolt", RestiaCSV!G:G, "cash", RestiaCSV!B:B, "<>canceled") -> 0
L7: DJ Cash | M7: =SUMIFS(RestiaCSV!C:C, RestiaCSV!A:A, "damejidlo", RestiaCSV!G:G, "cash", RestiaCSV!B:B, "<>canceled") -> 0
L8: Hotovost
L9: Terminál
B10: Instor | G10: Otevíral | J10: Pokladna | L10: Stravenky
B11: Jméno | C11: Začátek směny | D11: Konec směny | E11: pauza | F11: Počet hodin | J11: =M2+M3+M4+M5+M6+M13+M14+M15+M16+M17+M9+M10+M11-I2 -> 0 | L11: Hotovost
A12: {=IF(ISBLANK(B12), 0, IF(ISNUMBER(MATCH(B12, HR!A:A, 0)), 0, IF(ISNUMBER(MATCH(B12, HR!B:B, 0)), INDEX(HR!V:V, MATCH(B12, HR!B:B, 0)) * (F12 * 24), 0)))} -> 0 | F12: =IF(OR(ISBLANK(B12), ISBLANK(D12), D12=0), "0:00", TEXT((IF(AND(TIMEVALUE(IF(ISBLANK(D12), "00:00", D12))>=TIMEVALUE("00:00"), TIMEVALUE(IF(ISBLANK(D12), "00:00", D12))<=TIMEVALUE("06:00")), TIMEVALUE(IF(ISBLANK(D12), "00:00", D12))+1, TIMEVALUE(IF(ISBLANK(D12), "00:00", D12))) - TIMEVALUE(IF(ISBLANK(C12), "00:00", C12)) - TIMEVALUE(IF(ISBLANK(E12), "00:00", E12))), "hh:mm")) -> 0:00 | L12: Výdaje
A13: {=IF(ISBLANK(B13), 0, IF(ISNUMBER(MATCH(B13, HR!A:A, 0)), 0, IF(ISNUMBER(MATCH(B13, HR!B:B, 0)), INDEX(HR!V:V, MATCH(B13, HR!B:B, 0)) * (F13 * 24), 0)))} -> 0 | F13: =IF(OR(ISBLANK(B13), ISBLANK(D13), D13=0), "0:00", TEXT((IF(AND(TIMEVALUE(IF(ISBLANK(D13), "00:00", D13))>=TIMEVALUE("00:00"), TIMEVALUE(IF(ISBLANK(D13), "00:00", D13))<=TIMEVALUE("06:00")), TIMEVALUE(IF(ISBLANK(D13), "00:00", D13))+1, TIMEVALUE(IF(ISBLANK(D13), "00:00", D13))) - TIMEVALUE(IF(ISBLANK(C13), "00:00", C13)) - TIMEVALUE(IF(ISBLANK(E13), "00:00", E13))), "hh:mm")) -> 0:00 | L13: Benzín
A14: {=IF(ISBLANK(B14), 0, IF(ISNUMBER(MATCH(B14, HR!A:A, 0)), 0, IF(ISNUMBER(MATCH(B14, HR!B:B, 0)), INDEX(HR!V:V, MATCH(B14, HR!B:B, 0)) * (F14 * 24), 0)))} -> 0 | F14: =IF(OR(ISBLANK(B14), ISBLANK(D14), D14=0), "0:00", TEXT((IF(AND(TIMEVALUE(IF(ISBLANK(D14), "00:00", D14))>=TIMEVALUE("00:00"), TIMEVALUE(IF(ISBLANK(D14), "00:00", D14))<=TIMEVALUE("06:00")), TIMEVALUE(IF(ISBLANK(D14), "00:00", D14))+1, TIMEVALUE(IF(ISBLANK(D14), "00:00", D14))) - TIMEVALUE(IF(ISBLANK(C14), "00:00", C14)) - TIMEVALUE(IF(ISBLANK(E14), "00:00", E14))), "hh:mm")) -> 0:00 | L14: Auta
A15: {=IF(ISBLANK(B15), 0, IF(ISNUMBER(MATCH(B15, HR!A:A, 0)), 0, IF(ISNUMBER(MATCH(B15, HR!B:B, 0)), INDEX(HR!V:V, MATCH(B15, HR!B:B, 0)) * (F15 * 24), 0)))} -> 0 | F15: =IF(OR(ISBLANK(B15), ISBLANK(D15), D15=0), "0:00", TEXT((IF(AND(TIMEVALUE(IF(ISBLANK(D15), "00:00", D15))>=TIMEVALUE("00:00"), TIMEVALUE(IF(ISBLANK(D15), "00:00", D15))<=TIMEVALUE("06:00")), TIMEVALUE(IF(ISBLANK(D15), "00:00", D15))+1, TIMEVALUE(IF(ISBLANK(D15), "00:00", D15))) - TIMEVALUE(IF(ISBLANK(C15), "00:00", C15)) - TIMEVALUE(IF(ISBLANK(E15), "00:00", E15))), "hh:mm")) -> 0:00 | L15: Suroviny
A16: {=IF(ISBLANK(B16), 0, IF(ISNUMBER(MATCH(B16, HR!A:A, 0)), 0, IF(ISNUMBER(MATCH(B16, HR!B:B, 0)), INDEX(HR!V:V, MATCH(B16, HR!B:B, 0)) * (F16 * 24), 0)))} -> 0 | F16: =IF(OR(ISBLANK(B16), ISBLANK(D16), D16=0), "0:00", TEXT((IF(AND(TIMEVALUE(IF(ISBLANK(D16), "00:00", D16))>=TIMEVALUE("00:00"), TIMEVALUE(IF(ISBLANK(D16), "00:00", D16))<=TIMEVALUE("06:00")), TIMEVALUE(IF(ISBLANK(D16), "00:00", D16))+1, TIMEVALUE(IF(ISBLANK(D16), "00:00", D16))) - TIMEVALUE(IF(ISBLANK(C16), "00:00", C16)) - TIMEVALUE(IF(ISBLANK(E16), "00:00", E16))), "hh:mm")) -> 0:00 | L16: Ostatní
A17: {=IF(ISBLANK(B17), 0, IF(ISNUMBER(MATCH(B17, HR!A:A, 0)), 0, IF(ISNUMBER(MATCH(B17, HR!B:B, 0)), INDEX(HR!V:V, MATCH(B17, HR!B:B, 0)) * (F17 * 24), 0)))} -> 0 | F17: =IF(OR(ISBLANK(B17), ISBLANK(D17), D17=0), "0:00", TEXT((IF(AND(TIMEVALUE(IF(ISBLANK(D17), "00:00", D17))>=TIMEVALUE("00:00"), TIMEVALUE(IF(ISBLANK(D17), "00:00", D17))<=TIMEVALUE("06:00")), TIMEVALUE(IF(ISBLANK(D17), "00:00", D17))+1, TIMEVALUE(IF(ISBLANK(D17), "00:00", D17))) - TIMEVALUE(IF(ISBLANK(C17), "00:00", C17)) - TIMEVALUE(IF(ISBLANK(E17), "00:00", E17))), "hh:mm")) -> 0:00 | L17: PHM - soukromé | M17: =sum(I25:I31) -> 0
A18: {=IF(ISBLANK(B18), 0, IF(ISNUMBER(MATCH(B18, HR!A:A, 0)), 0, IF(ISNUMBER(MATCH(B18, HR!B:B, 0)), INDEX(HR!V:V, MATCH(B18, HR!B:B, 0)) * (F18 * 24), 0)))} -> 0 | F18: =IF(OR(ISBLANK(B18), ISBLANK(D18), D18=0), "0:00", TEXT((IF(AND(TIMEVALUE(IF(ISBLANK(D18), "00:00", D18))>=TIMEVALUE("00:00"), TIMEVALUE(IF(ISBLANK(D18), "00:00", D18))<=TIMEVALUE("06:00")), TIMEVALUE(IF(ISBLANK(D18), "00:00", D18))+1, TIMEVALUE(IF(ISBLANK(D18), "00:00", D18))) - TIMEVALUE(IF(ISBLANK(C18), "00:00", C18)) - TIMEVALUE(IF(ISBLANK(E18), "00:00", E18))), "hh:mm")) -> 0:00 | G18: Zavíral
A19: {=IF(ISBLANK(B19), 0, IF(ISNUMBER(MATCH(B19, HR!A:A, 0)), 0, IF(ISNUMBER(MATCH(B19, HR!B:B, 0)), INDEX(HR!V:V, MATCH(B19, HR!B:B, 0)) * (F19 * 24), 0)))} -> 0 | F19: =IF(OR(ISBLANK(B19), ISBLANK(D19), D19=0), "0:00", TEXT((IF(AND(TIMEVALUE(IF(ISBLANK(D19), "00:00", D19))>=TIMEVALUE("00:00"), TIMEVALUE(IF(ISBLANK(D19), "00:00", D19))<=TIMEVALUE("06:00")), TIMEVALUE(IF(ISBLANK(D19), "00:00", D19))+1, TIMEVALUE(IF(ISBLANK(D19), "00:00", D19))) - TIMEVALUE(IF(ISBLANK(C19), "00:00", C19)) - TIMEVALUE(IF(ISBLANK(E19), "00:00", E19))), "hh:mm")) -> 0:00
A20: {=IF(ISBLANK(B20), 0, IF(ISNUMBER(MATCH(B20, HR!A:A, 0)), 0, IF(ISNUMBER(MATCH(B20, HR!B:B, 0)), INDEX(HR!V:V, MATCH(B20, HR!B:B, 0)) * (F20 * 24), 0)))} -> 0 | F20: =IF(OR(ISBLANK(B20), ISBLANK(D20), D20=0), "0:00", TEXT((IF(AND(TIMEVALUE(IF(ISBLANK(D20), "00:00", D20))>=TIMEVALUE("00:00"), TIMEVALUE(IF(ISBLANK(D20), "00:00", D20))<=TIMEVALUE("06:00")), TIMEVALUE(IF(ISBLANK(D20), "00:00", D20))+1, TIMEVALUE(IF(ISBLANK(D20), "00:00", D20))) - TIMEVALUE(IF(ISBLANK(C20), "00:00", C20)) - TIMEVALUE(IF(ISBLANK(E20), "00:00", E20))), "hh:mm")) -> 0:00
A21: {=IF(ISBLANK(B21), 0, IF(ISNUMBER(MATCH(B21, HR!A:A, 0)), 0, IF(ISNUMBER(MATCH(B21, HR!B:B, 0)), INDEX(HR!V:V, MATCH(B21, HR!B:B, 0)) * (F21 * 24), 0)))} -> 0 | F21: =IF(OR(ISBLANK(B21), ISBLANK(D21), D21=0), "0:00", TEXT((IF(AND(TIMEVALUE(IF(ISBLANK(D21), "00:00", D21))>=TIMEVALUE("00:00"), TIMEVALUE(IF(ISBLANK(D21), "00:00", D21))<=TIMEVALUE("06:00")), TIMEVALUE(IF(ISBLANK(D21), "00:00", D21))+1, TIMEVALUE(IF(ISBLANK(D21), "00:00", D21))) - TIMEVALUE(IF(ISBLANK(C21), "00:00", C21)) - TIMEVALUE(IF(ISBLANK(E21), "00:00", E21))), "hh:mm")) -> 0:00
J22: Zrušené obj. ks | K22: Zrušené obj. $ | L22: Počet zpožděných našich rozvozů +5 min | M22: Průměrný make Time
B23: Kurýr | J23: =COUNTIF(RestiaCSV!B:B, "canceled") -> 0 | K23: =SUMIF(RestiaCSV!B:B, "canceled", RestiaCSV!C:C) -> 0 | L23: =COUNTIFS(RestiaCSV!L:L, ">5", RestiaCSV!F:F, "delivery") -> 0 | M23: =INT(AVERAGEIFS(RestiaCSV!N:N, RestiaCSV!N:N, ">=5", RestiaCSV!N:N, "<=30")) & " min " & TEXT(MOD(AVERAGEIFS(RestiaCSV!N:N, RestiaCSV!N:N, ">=5", RestiaCSV!N:N, "<=30") * 60, 60), "00") & " s" -> #DIV/0!
B24: Jméno | C24: Začátek směny | D24: Konec směny | E24: pauza | F24: Počet hodin | G24: Počet rozvozů | H24: Vlastní vůz | I24: Vyplatit PHM | J24: počet výdajových dokadů | K24: Počet nezrušených celkem | L24: Počet našich rozvozů | M24: Počet pozdě přiřazeným WoltDrive 5+
A25: {=IF(ISBLANK(B25), 0, IF(ISNUMBER(MATCH(B25, HR!A:A, 0)), 0, IF(ISNUMBER(MATCH(B25, HR!B:B, 0)), INDEX(HR!V:V, MATCH(B25, HR!B:B, 0)) * (F25 * 24), 0)))} -> 0 | F25: =IF(OR(ISBLANK(B25), ISBLANK(D25), D25=0), "0:00", TEXT((IF(AND(TIMEVALUE(IF(ISBLANK(D25), "00:00", D25))>=TIMEVALUE("00:00"), TIMEVALUE(IF(ISBLANK(D25), "00:00", D25))<=TIMEVALUE("06:00")), TIMEVALUE(IF(ISBLANK(D25), "00:00", D25))+1, TIMEVALUE(IF(ISBLANK(D25), "00:00", D25))) - TIMEVALUE(IF(ISBLANK(C25), "00:00", C25)) - TIMEVALUE(IF(ISBLANK(E25), "00:00", E25))), "hh:mm")) -> 0:00 | G25: =COUNTIF(RestiaCSV!E:E, B25) -> 0 | H25: TRUE | I25: =IF(H25,G25*40, 0) -> 0
A26: {=IF(ISBLANK(B26), 0, IF(ISNUMBER(MATCH(B26, HR!A:A, 0)), 0, IF(ISNUMBER(MATCH(B26, HR!B:B, 0)), INDEX(HR!V:V, MATCH(B26, HR!B:B, 0)) * (F26 * 24), 0)))} -> 0 | F26: =IF(OR(ISBLANK(B26), ISBLANK(D26), D26=0), "0:00", TEXT((IF(AND(TIMEVALUE(IF(ISBLANK(D26), "00:00", D26))>=TIMEVALUE("00:00"), TIMEVALUE(IF(ISBLANK(D26), "00:00", D26))<=TIMEVALUE("06:00")), TIMEVALUE(IF(ISBLANK(D26), "00:00", D26))+1, TIMEVALUE(IF(ISBLANK(D26), "00:00", D26))) - TIMEVALUE(IF(ISBLANK(C26), "00:00", C26)) - TIMEVALUE(IF(ISBLANK(E26), "00:00", E26))), "hh:mm")) -> 0:00 | G26: =COUNTIF(RestiaCSV!E:E, B26) -> 0 | H26: TRUE | I26: =IF(H26,G26*40, 0) -> 0 | J26: =COUNTIF(I25:I31, ">0") -> 0 | K26: =IFERROR(__xludf.DUMMYFUNCTION("COUNTA(FILTER(RestiaCSV!B2:B32, RestiaCSV!B2:B32 <> ""canceled""))"),0.0) -> 0 | L26: =COUNTIF(RestiaCSV!F1:F32, "delivery") -> 0 | M26: =COUNTIFS(RestiaCSV!M:M, ">5",RestiaCSV!A:A, "<>wolt") -> 0
A27: {=IF(ISBLANK(B27), 0, IF(ISNUMBER(MATCH(B27, HR!A:A, 0)), 0, IF(ISNUMBER(MATCH(B27, HR!B:B, 0)), INDEX(HR!V:V, MATCH(B27, HR!B:B, 0)) * (F27 * 24), 0)))} -> 0 | F27: =IF(OR(ISBLANK(B27), ISBLANK(D27), D27=0), "0:00", TEXT((IF(AND(TIMEVALUE(IF(ISBLANK(D27), "00:00", D27))>=TIMEVALUE("00:00"), TIMEVALUE(IF(ISBLANK(D27), "00:00", D27))<=TIMEVALUE("06:00")), TIMEVALUE(IF(ISBLANK(D27), "00:00", D27))+1, TIMEVALUE(IF(ISBLANK(D27), "00:00", D27))) - TIMEVALUE(IF(ISBLANK(C27), "00:00", C27)) - TIMEVALUE(IF(ISBLANK(E27), "00:00", E27))), "hh:mm")) -> 0:00 | G27: =COUNTIF(RestiaCSV!E:E, B27) -> 0 | H27: TRUE | I27: =IF(H27,G27*40, 0) -> 0 | J27: Woltrdive zpožděný kvůli našemu pozdnímu přiřazení | L27: % zpožděných našich rozvozů +5 min | M27: Počet zpožděných Woltdrivem
A28: {=IF(ISBLANK(B28), 0, IF(ISNUMBER(MATCH(B28, HR!A:A, 0)), 0, IF(ISNUMBER(MATCH(B28, HR!B:B, 0)), INDEX(HR!V:V, MATCH(B28, HR!B:B, 0)) * (F28 * 24), 0)))} -> 0 | F28: =IF(OR(ISBLANK(B28), ISBLANK(D28), D28=0), "0:00", TEXT((IF(AND(TIMEVALUE(IF(ISBLANK(D28), "00:00", D28))>=TIMEVALUE("00:00"), TIMEVALUE(IF(ISBLANK(D28), "00:00", D28))<=TIMEVALUE("06:00")), TIMEVALUE(IF(ISBLANK(D28), "00:00", D28))+1, TIMEVALUE(IF(ISBLANK(D28), "00:00", D28))) - TIMEVALUE(IF(ISBLANK(C28), "00:00", C28)) - TIMEVALUE(IF(ISBLANK(E28), "00:00", E28))), "hh:mm")) -> 0:00 | G28: =COUNTIF(RestiaCSV!E:E, B28) -> 0 | H28: FALSE | I28: =IF(H28,G28*40, 0) -> 0
A29: {=IF(ISBLANK(B29), 0, IF(ISNUMBER(MATCH(B29, HR!A:A, 0)), 0, IF(ISNUMBER(MATCH(B29, HR!B:B, 0)), INDEX(HR!V:V, MATCH(B29, HR!B:B, 0)) * (F29 * 24), 0)))} -> 0 | F29: =IF(OR(ISBLANK(B29), ISBLANK(D29), D29=0), "0:00", TEXT((IF(AND(TIMEVALUE(IF(ISBLANK(D29), "00:00", D29))>=TIMEVALUE("00:00"), TIMEVALUE(IF(ISBLANK(D29), "00:00", D29))<=TIMEVALUE("06:00")), TIMEVALUE(IF(ISBLANK(D29), "00:00", D29))+1, TIMEVALUE(IF(ISBLANK(D29), "00:00", D29))) - TIMEVALUE(IF(ISBLANK(C29), "00:00", C29)) - TIMEVALUE(IF(ISBLANK(E29), "00:00", E29))), "hh:mm")) -> 0:00 | G29: =COUNTIF(RestiaCSV!E:E, B29) -> 0 | H29: FALSE | I29: =IF(H29,G29*40, 0) -> 0 | J29: =COUNTIFS(RestiaCSV!M:M, ">5", RestiaCSV!L:L, ">5") -> 0 | L29: =L23/L26 -> #DIV/0! | M29: =COUNTIFS(RestiaCSV!L:L, ">5", RestiaCSV!F:F, "delivery", RestiaCSV!E:E, "Wolt Kurýr") -> 0
A30: {=IF(ISBLANK(B30), 0, IF(ISNUMBER(MATCH(B30, HR!A:A, 0)), 0, IF(ISNUMBER(MATCH(B30, HR!B:B, 0)), INDEX(HR!V:V, MATCH(B30, HR!B:B, 0)) * (F30 * 24), 0)))} -> 0 | F30: =IF(OR(ISBLANK(B30), ISBLANK(D30), D30=0), "0:00", TEXT((IF(AND(TIMEVALUE(IF(ISBLANK(D30), "00:00", D30))>=TIMEVALUE("00:00"), TIMEVALUE(IF(ISBLANK(D30), "00:00", D30))<=TIMEVALUE("06:00")), TIMEVALUE(IF(ISBLANK(D30), "00:00", D30))+1, TIMEVALUE(IF(ISBLANK(D30), "00:00", D30))) - TIMEVALUE(IF(ISBLANK(C30), "00:00", C30)) - TIMEVALUE(IF(ISBLANK(E30), "00:00", E30))), "hh:mm")) -> 0:00 | G30: =COUNTIF(RestiaCSV!E:E, B30) -> 0 | H30: FALSE | I30: =IF(H30,G30*40, 0) -> 0 | L30: % doručených včas | M30: % zpožděných Woltdrivem
A31: {=IF(ISBLANK(B31), 0, IF(ISNUMBER(MATCH(B31, HR!A:A, 0)), 0, IF(ISNUMBER(MATCH(B31, HR!B:B, 0)), INDEX(HR!V:V, MATCH(B31, HR!B:B, 0)) * (F31 * 24), 0)))} -> 0 | F31: =IF(OR(ISBLANK(B31), ISBLANK(D31), D31=0), "0:00", TEXT((IF(AND(TIMEVALUE(IF(ISBLANK(D31), "00:00", D31))>=TIMEVALUE("00:00"), TIMEVALUE(IF(ISBLANK(D31), "00:00", D31))<=TIMEVALUE("06:00")), TIMEVALUE(IF(ISBLANK(D31), "00:00", D31))+1, TIMEVALUE(IF(ISBLANK(D31), "00:00", D31))) - TIMEVALUE(IF(ISBLANK(C31), "00:00", C31)) - TIMEVALUE(IF(ISBLANK(E31), "00:00", E31))), "hh:mm")) -> 0:00 | G31: =COUNTIF(RestiaCSV!E:E, B31) -> 0 | H31: FALSE | I31: =IF(H31,G31*40, 0) -> 0
B32: Wolt Kurýr | C32: Wolt drive | G32: =COUNTIFS(RestiaCSV!E:E, "wolt kurýr", RestiaCSV!A:A, "<>wolt") -> 0 | H32: TRUE | I32: =G32*127 -> 0 | L32: =100%-L29 -> #DIV/0! | M32: =M29/L26 -> #DIV/0!

Sheet Kontrola
B1: =Report!B1 -> Prosek | C1: 46082 | D1: Vyber datum <----------> | E1: 46112 | F1: COL | I1: Tržba | L1: Online Platby
F2: 0.39907517 | I2: 485584.5 | L2: Wolt | M2: 184256
B3: =CHOOSE(WEEKDAY(C1), "Neděle", "Pondělí", "Úterý", "Středa", "Čtvrtek", "Pátek", "Sobota") -> Neděle | D3: =CHOOSE(WEEKDAY(E1), "Neděle", "Pondělí", "Úterý", "Středa", "Čtvrtek", "Pátek", "Sobota") -> Úterý | L3: Bolt | M3: 86095
L4: Dáme jídlo | M4: 67098
B5: Celkem hodin Instor | F5: Celkem hodin Kurýr | L5: Web | M5: 80755
L6: Wolt drive cash | M6: 2671
B7: =TEXT(SUMPRODUCT((IFERROR(LEFT(D10:D30, FIND(":", D10:D30) - 1) * 60, 0) + IFERROR(MID(D10:D30, FIND(":", D10:D30) + 1, LEN(D10:D30) - FIND(":", D10:D30)), 0))), "[h]:mm")/60 -> 290.5 | F7: =TEXT(SUMPRODUCT((IFERROR(LEFT(H10:H30, FIND(":", H10:H30) - 1) * 60, 0) + IFERROR(MID(H10:H30, FIND(":", H10:H30) + 1, LEN(H10:H30) - FIND(":", H10:H30)), 0))), "[h]:mm")/60 -> 260.75 | L7: DJ Cash | M7: 0
B8: Instor | F8: Kurýr | J8: Pokladna | L8: Hotovost
B9: Jméno | C9: Počet dní | D9: Počet hodin | F9: Jméno | G9: Počet dní | H9: Počet hodin | I9: Počet rozvozů | J9: 21 | L9: Terminál | M9: 32864.5
B10: Šebesta Tomáš | C10: 11 | D10: 97:30 | E10: 29:00 | F10: Dvořák Radim | G10: 4 | H10: 56:00 | I10: 48 | L10: Stravenky | M10: 0
B11: Nováková Adéla | C11: 10 | D11: 123:00 | E11: 23:00 | F11: Vychivskyi Volodymyr | G11: 9 | H11: 121:00 | I11: 55 | L11: Hotovost | M11: 15004
B12: Makula Radek | C12: 7 | D12: 54:00 | E12: 13:00 | F12: Kináč Jozef | G12: 3 | H12: 26:00 | I12: 11 | L12: Výdaje
B13: Kopic Jakub | C13: 1 | D13: 12:00 | E13: 13:00 | F13: Novák Dalibor | G13: 1 | H13: 14:00 | I13: 0 | L13: Benzín | M13: 2000
B14: Bušek Pavel | C14: 1 | D14: 4:00 | E14: 7:00 | F14: Bednařík Peter | G14: 3 | H14: 43:45 | I14: 29 | L14: Auta | M14: 0
E15: 7:00 | L15: Suroviny | M15: 143
L16: Ostatní | M16: 10879
L17: PHM - soukromé | M17: 3840
J19: Zrušené obj. ks | K19: Zrušené obj. $ | L19: Počet zpožděných našich rozvozů +5 min | M19: Průměrný make Time
J21: 8 | K21: 5747 | L21: 47 | M21: 11 min 07 s
J22: počet výdajových dokadů | K22: Počet nezrušených celkem | L22: Počet našich rozvozů | M22: Počet pozdě přiřazeným WoltDrive 5+
J24: 12 | K24: 1169 | L24: 160 | M24: 11
J25: Woltrdive zpožděný kvůli našemu pozdnímu přiřazení | L25: % zpožděných našich rozvozů +5 min | M25: Počet zpožděných Woltdrivem
J27: 7 | L27: 0.23634237 | M27: 6
L28: % doručených včas | M28: % zpožděných Woltdrivem
L30: 0.76365763 | M30: 0.024754902

Sheet RestiaCSV

Sheet HR
C1: =IFERROR(__xludf.DUMMYFUNCTION("IMPORTRANGE(""1TpIiNTfR1pnpn85VWQTTdvQ2Xcr0GStmWJ2UvfKxG_A"", ""Mzdy!A1:F200"")"),"#REF!") -> #REF! | V1: =IFERROR(__xludf.DUMMYFUNCTION("IMPORTRANGE(""1TpIiNTfR1pnpn85VWQTTdvQ2Xcr0GStmWJ2UvfKxG_A"", ""Mzdy!ac1:ad200"")"),"#REF!") -> #REF!
A4: Manažeři | B4: Zamestnanci pobocky
A5: =IF(AND(B5<>"", C5=TRUE, E5=Report!$B$1), B5, "") | B5: =IF(OR(E5=Report!$B$1, F5=Report!$B$1, G5=Report!$B$1, H5=Report!$B$1), D5, "")
A6: =IF(AND(B6<>"", C6=TRUE, E6=Report!$B$1), B6, "") | B6: =IF(OR(E6=Report!$B$1, F6=Report!$B$1, G6=Report!$B$1, H6=Report!$B$1), D6, "")
A7: =IF(AND(B7<>"", C7=TRUE, E7=Report!$B$1), B7, "") | B7: =IF(OR(E7=Report!$B$1, F7=Report!$B$1, G7=Report!$B$1, H7=Report!$B$1), D7, "")
A8: =IF(AND(B8<>"", C8=TRUE, E8=Report!$B$1), B8, "") | B8: =IF(OR(E8=Report!$B$1, F8=Report!$B$1, G8=Report!$B$1, H8=Report!$B$1), D8, "")
A9: =IF(AND(B9<>"", C9=TRUE, E9=Report!$B$1), B9, "") | B9: =IF(OR(E9=Report!$B$1, F9=Report!$B$1, G9=Report!$B$1, H9=Report!$B$1), D9, "")
A10: =IF(AND(B10<>"", C10=TRUE, E10=Report!$B$1), B10, "") | B10: =IF(OR(E10=Report!$B$1, F10=Report!$B$1, G10=Report!$B$1, H10=Report!$B$1), D10, "")
A11: =IF(AND(B11<>"", C11=TRUE, E11=Report!$B$1), B11, "") | B11: =IF(OR(E11=Report!$B$1, F11=Report!$B$1, G11=Report!$B$1, H11=Report!$B$1), D11, "")
A12: =IF(AND(B12<>"", C12=TRUE, E12=Report!$B$1), B12, "") | B12: =IF(OR(E12=Report!$B$1, F12=Report!$B$1, G12=Report!$B$1, H12=Report!$B$1), D12, "")
A13: =IF(AND(B13<>"", C13=TRUE, E13=Report!$B$1), B13, "") | B13: =IF(OR(E13=Report!$B$1, F13=Report!$B$1, G13=Report!$B$1, H13=Report!$B$1), D13, "")
A14: =IF(AND(B14<>"", C14=TRUE, E14=Report!$B$1), B14, "") | B14: =IF(OR(E14=Report!$B$1, F14=Report!$B$1, G14=Report!$B$1, H14=Report!$B$1), D14, "")
A15: =IF(AND(B15<>"", C15=TRUE, E15=Report!$B$1), B15, "") | B15: =IF(OR(E15=Report!$B$1, F15=Report!$B$1, G15=Report!$B$1, H15=Report!$B$1), D15, "")
A16: =IF(AND(B16<>"", C16=TRUE, E16=Report!$B$1), B16, "") | B16: =IF(OR(E16=Report!$B$1, F16=Report!$B$1, G16=Report!$B$1, H16=Report!$B$1), D16, "")
... A43: =IF(AND(B43<>"", C43=TRUE, E43=Report!$B$1), B43, "") | B43: =IF(OR(E43=Report!$B$1, F43=Report!$B$1, G43=Report!$B$1, H43=Report!$B$1), D43, "")
B44: =IF(OR(E44=Report!$B$1, F44=Report!$B$1, G44=Report!$B$1, H44=Report!$B$1), D44, "")
B45: =IF(OR(E45=Report!$B$1, F45=Report!$B$1, G45=Report!$B$1, H45=Report!$B$1), D45, "")
B46: =IF(OR(E46=Report!$B$1, F46=Report!$B$1, G46=Report!$B$1, H46=Report!$B$1), D46, "")
B47: =IF(OR(E47=Report!$B$1, F47=Report!$B$1, G47=Report!$B$1, H47=Report!$B$1), D47, "")
B48: =IF(OR(E48=Report!$B$1, F48=Report!$B$1, G48=Report!$B$1, H48=Report!$B$1), D48, "")
B49: =IF(OR(E49=Report!$B$1, F49=Report!$B$1, G49=Report!$B$1, H49=Report!$B$1), D49, "")
B50: =IF(OR(E50=Report!$B$1, F50=Report!$B$1, G50=Report!$B$1, H50=Report!$B$1), D50, "")
B51: =IF(OR(E51=Report!$B$1, F51=Report!$B$1, G51=Report!$B$1, H51=Report!$B$1), D51, "")
B52: =IF(OR(E52=Report!$B$1, F52=Report!$B$1, G52=Report!$B$1, H52=Report!$B$1), D52, "")
B53: =IF(OR(E53=Report!$B$1, F53=Report!$B$1, G53=Report!$B$1, H53=Report!$B$1), D53, "")
B54: =IF(OR(E54=Report!$B$1, F54=Report!$B$1, G54=Report!$B$1, H54=Report!$B$1), D54, "")
B55: =IF(OR(E55=Report!$B$1, F55=Report!$B$1, G55=Report!$B$1, H55=Report!$B$1), D55, "")
... B179: =IF(OR(E179=Report!$B$1, F179=Report!$B$1, G179=Report!$B$1, H179=Report!$B$1), D179, "")

Sheet Denik

Sheet Směny
A1: Sem zadej směnu pro tento týden z CSV - Směny -> Naplánované směny -> Aktuální nebo Následující týden -> Stáhnout CSV (v pravo nahoře ) -> otevřív v excelu -> oznacit všechny buňky a dvojklikem na dělící přepážku mezi A a B přizpůsob buňky velikosti textu. Poté tabulku zkopíruj do této tabulky do bunky A2, označeno modře.
A2: Pracovníci | B2: Pondělí | C2: Úterý | D2: Středa | E2: Čtvrtek | F2: Pátek | G2: Sobota | H2: Neděle | AA2: Přenos do dispecinku | AB2: Zpoždění
A3: Míla Pekárková | B3: 10:00 - 1:00 (Instor) | E3: 10:00 - 1:00 (Instor) | G3: 10:00 - 3:00 (Instor) | H3: 10:00 - 0:00 (Instor) | AB3: 0
A4: Volodymyr Vychivskyi | B4: 11:00 - 1:00 (Kurýr) | C4: 11:00 - 1:00 (Kurýr) | E4: 11:00 - 17:00 (Kurýr) | F4: 17:00 - 3:00 (Kurýr) | AB4: 0
A5: Adéla Nováková | C5: 10:00 - 1:00 (Instor) | D5: 10:00 - 1:00 (Instor) | F5: 10:00 - 3:00 (Instor) | AB5: -8
A6: Martin Hřebík | D6: 11:00 - 17:00 (Kurýr) | F6: 11:00 - 17:00 (Kurýr) | AB6: -9
A7: Pavel Hochman | D7: 17:00 - 1:00 (Kurýr) | E7: 17:00 - 1:00 (Kurýr) | AB7: -38
A8: Michal Nedbal | D8: 17:00 - 22:00 (Instor) | H8: 17:00 - 22:00 (Instor) | AB8: -6
A9: Daniel Suchánek | E9: 17:00 - 1:00 (Instor) | F9: 17:00 - 1:00 (Instor) | G9: 17:00 - 1:00 (Instor) | AB9: 1
A10: Lukáš Petržilka | G10: 11:00 - 3:00 (Kurýr) | H10: 11:00 - 23:00 (Kurýr) | AB10: -7
AB11: 2
AB12: -2
AB13: 4
AB14: 3
AB15: -8
AB16: -5
AB17: -6
AB18: 2
AA19: 2024-08-09T22:19:02.895+02:00 | AB19: -11
AB20: 0
AB21: 5
AB22: -7
AB23: 1
AB24: -2
AB25: -1
AB26: 0
AB27: -7
AB28: -9
AB29: 0
AA30: 2024-08-09T20:59:02.480+02:00 | AB30: -8
AB31: -7
AB32: -2
AB33: -8
AA34: 2024-08-09T20:46:02.837+02:00 | AB34: 0
AB35: 1
AB36: 0
AB37: 4
AA38: 2024-08-09T20:34:02.891+02:00 | AB38: -12
AA39: 2024-08-09T20:47:12.087+02:00 | AB39: 0
AB40: -2
AB41: -10
AA42: 2024-08-09T20:23:02.590+02:00 | AB42: 6
AB43: -7
AB44: -2
AB45: 0
AB46: -2
AB47: 0
AA48: 2024-08-09T20:03:02.507+02:00 | AB48: -13
AB49: -6
AB50: 0
AB51: -6
AA52: 2024-08-09T19:56:02.899+02:00 | AB52: 5
AB53: 0
AB54: 0
AB55: -8
AB56: -11
AB57: -6
AB58: -2
AA59: 2024-08-09T19:38:02.296+02:00 | AB59: -9
AB60: -9
AB61: -2
AB62: -8
AA63: 2024-08-09T19:24:02.984+02:00 | AB63: -19
AB64: -12
AB65: -7
AB66: -9
AB67: -9
AB68: -11
AB69: 3
AA70: 2024-08-09T19:01:02.783+02:00 | AB70: -14
AB71: 1
AB72: -2
AB73: 1
AB74: -1
AB75: -9
AB76: 0
AB77: -7
AB78: 0
AB79: -8
AB80: 0
AB81: 1
AB82: -7
... AB85: -13
AA86: 2024-08-09T17:51:02.506+02:00 | AB86: -21
AA87: 2024-08-09T17:46:03.097+02:00 | AB87: -7
AA88: 2024-08-09T17:39:01.978+02:00 | AB88: -10
AA89: 2024-08-09T17:17:02.097+02:00 | AB89: -6
AB90: -7
AB91: -2
AA92: 2024-08-09T17:00:02.267+02:00 | AB92: -17
AB93: -12
AB94: -4
AB95: -11
AB96: 1
AB97: 0
AB98: -9
AB99: 1
AB100: -8
AA101: 2024-08-09T15:56:10.646+02:00 | AB101: -6
AA102: 2024-08-09T15:42:02.038+02:00 | AB102: 1
...
