Workbook

Sheet July 2024
A1: Datum | B1: Název | C1: Jména Instor | D1: Začátek směny Instor | E1: Konec směny Instor | F1: Pauza Instor | G1: Počet hodin Instor | H1: Jména Kurýr | I1: Začátek směny Kurýr | J1: Konec směny Kurýr | K1: Pauza Kurýr | L1: Počet hodin Kurýr | M1: Počet rozvozů Kurýr | N1: TRUE | O1: Vyplatit PHM | P1: Wolt drive | Q1: Otevíral | R1: Zavíral | S1: Online Platby - Wolt | T1: Online Platby - Bolt | U1: Online Platby - Dáme Jídlo | V1: Vlastní API | W1: Online Platby - Wolt cash | X1: Online Platby - DJ Cash | Y1: Terminál | Z1: Stravenky | AA1: Hotovost | AB1: Tržba | AC1: Pokladna - VÝSLEDEK | AD1: COL | AE1: Benzín | AF1: Auta | AG1: Suroviny | AH1: Ostatní | AI1: PHM - soukromé | AJ1: Zrušené obj. ks | AK1: Zrušené obj. $ | AL1: Počet zpožděných objednávek z webu +5 min | AM1: Průměrný make Time | AN1: Počet vydajových dokladů
A2: 45499 | B2: Pátek | C2: Veselý Ondřej | D2: 10:00 | E2: 22:00 | G2: 12:00
A3: 45499 | B3: Pátek | C3: Michal Nedbal | D3: 17:00 | E3: 1:00 | G3: 08:00
A4: 45499 | B4: Pátek | C4: Suchánek Daniel | D4: 10:00 | E4: 23:00 | G4: 13:00
A5: 45499 | B5: Pátek | C5: Šebesta Tomáš | D5: 10:00 | E5: 23:00 | G5: 13:00
A6: 45499 | B6: Pátek | C6: Hanakova Ayuna | D6: 10:00 | E6: 17:00 | G6: 07:00
A7: 45499 | B7: Pátek | H7: Kučera Karel | I7: 17:00 | J7: 1:00 | L7: 08:00 | M7: 10 | N7: TRUE | O7: 400
A8: 45499 | B8: Pátek | H8: Černohorský Otakar | I8: 00:30 | J8: 00:00 | L8: 23:30 | M8: 1
A9: 45499 | B9: Pátek | S9: 10 | T9: 20 | U9: 30 | V9: 4 | W9: 5 | X9: 6 | Y9: 7 | Z9: 8 | AA9: 9 | AB9: 50000 | AC9: -37157 | AD9: 0.49276157 | AE9: 11 | AF9: 111 | AG9: 1111 | AH9: 11111 | AI9: 400 | AL9: 5 | AM9: 11 min 45 s | AN9: 1
A10: 45499 | B10: Pátek | AC10: 0 | AD10: Zadej tržbu | AI10: 0 | AN10: 1
A11: 45496 | B11: Úterý | C11: Kučera Karel | D11: 10:00 | E11: 17:00 | G11: 07:00 | AJ11: 1 | AK11: 5 | AM11: 11 min 45 s
A12: 45496 | B12: Úterý | C12: Veselý Ondřej | D12: 10:00 | E12: 20:00 | G12: 10:00 | AJ12: 1 | AK12: 2
A13: 45496 | B13: Úterý | C13: Michal Nedbal | D13: 17:00 | E13: 1:00 | G13: 08:00 | AJ13: 1 | AK13: 1 | AM13: 11 min 45 s | AN13: 2
A14: 45496 | B14: Úterý | H14: Černohorský Otakar | I14: 11:00 | J14: 17:00 | L14: 06:00
A15: 45496 | B15: Úterý | H15: Novák Jakub | I15: 17:00 | J15: 1:00 | L15: 08:00
A16: 45496 | B16: Úterý | S16: 9060 | T16: 3651 | U16: 14729 | V16: 10695 | W16: 374 | X16: 368 | AB16: 41872 | AC16: -2995 | AD16: 0.23834367 | AI16: 0 | AN16: 0
A17: 45501 | B17: Neděle | C17: Veselý Ondřej | D17: 17:00 | E17: 0:00 | G17: 07:00
A18: 45501 | B18: Neděle | C18: Michal Nedbal | D18: 17:00 | E18: 0:00 | G18: 07:00
A19: 45501 | B19: Neděle | H19: Kučera Karel | I19: 11:00 | J19: 17:00 | L19: 06:00
A20: 45501 | B20: Neděle | H20: Novák Jakub | I20: 17:00 | J20: 0:00 | L20: 07:00
A21: 45501 | B21: Neděle | AC21: 0 | AD21: Zadej tržbu | AI21: 0
A22: 45502 | B22: Pondělí | C22: Hanakova Ayuna | D22: 17:00 | E22: 0:00 | G22: 07:00
A23: 45502 | B23: Pondělí | C23: Černohorský Otakar | D23: 17:00 | E23: 0:00 | G23: 07:00
A24: 45502 | B24: Pondělí | H24: Kučera Karel | I24: 11:00 | J24: 18:00 | L24: 07:00
A25: 45502 | B25: Pondělí | H25: Jakub Zimmer | I25: 18:00 | J25: 0:00 | L25: 06:00
A26: 45502 | B26: Pondělí | AC26: 0 | AD26: Zadej tržbu | AI26: 0
A27: 45503 | B27: Úterý | C27: Kučera Karel | D27: 11:00 | E27: 17:00 | G27: 06:00
A28: 45503 | B28: Úterý | C28: Trachtová Martina | D28: 10:00 | E28: 17:00 | G28: 07:00
A29: 45503 | B29: Úterý | C29: Veselý Ondřej | D29: 17:00 | E29: 0:00 | G29: 07:00
A30: 45503 | B30: Úterý | H30: Novák Jakub | I30: 17:00 | J30: 0:00 | L30: 07:00
A31: 45503 | B31: Úterý | AC31: 0 | AD31: Zadej tržbu | AI31: 0
A32: 45504 | B32: Středa | C32: Hanakova Ayuna | D32: 17:00 | E32: 0:00 | G32: 07:00
A33: 45504 | B33: Středa | H33: Novák Jakub | I33: 11:00 | J33: 18:00 | L33: 07:00
A34: 45504 | B34: Středa | H34: Jakub Zimmer | L34: 0:00 | M34: 4
A35: 45504 | B35: Středa | P35: 3 | S35: 9414 | T35: 3907 | U35: 9081 | V35: 4024 | W35: 1310 | X35: 2052 | AB35: 38044 | AC35: -8256 | AD35: 0.25491082 | AI35: 0 | AN35: 0

Sheet DatabaseRestia
A1: Datum | B1: Platforma | C1: Stav | D1: Cena | E1: Sleva | F1: Kurýr | G1: Doručení | H1: Platba | I1: Vytvořeno | J1: Připraveno v | K1: Dokončeno v | L1: Přenos do dispecinku | M1: Zpoždění | N1: Přiřazení WoltDrivu | O1: Make Time
A2: 45527 | B2: wolt | C2: delivered | D2: 364 | E2: 0 | F2: Wolt Kurýr | G2: external-delivery | H2: online | I2: 2024-08-24T00:17:38.587+02:00 | J2: 2024-08-24T00:23:36.582+02:00 | K2: 2024-08-24T00:23:36.582+02:00 | M2: -9 | O2: 5.9665833
A3: 45527 | B3: generic | C3: delivered | D3: 355 | E3: 0 | F3: Čerešňák Michal | G3: delivery | H3: cash | I3: 2024-08-24T00:12:02.323+02:00 | J3: 2024-08-24T00:18:35.025+02:00 | K3: 2024-08-24T00:33:47.305+02:00 | L3: 2024-08-24T00:12:03.165+02:00 | M3: -12 | N3: 0.014033333 | O3: 6.5450333
A4: 45527 | B4: damejidlo | C4: ready_pickup | D4: 329 | E4: 0 | G4: external-delivery | H4: online | I4: 2024-08-24T00:03:45.643+02:00 | J4: 2024-08-24T00:11:09.248+02:00 | K4: 2024-08-24T00:11:09.248+02:00 | M4: 0 | O4: 7.3934167
A5: 45527 | B5: bolt | C5: ready_pickup | D5: 513 | E5: 0 | F5: Daniil | G5: external-delivery | H5: online | I5: 2024-08-23T23:53:41.282+02:00 | J5: 2024-08-24T00:00:49.237+02:00 | K5: 2024-08-24T00:00:49.237+02:00 | M5: -12 | O5: 7.1325833
A6: 45527 | B6: bolt | C6: ready_pickup | D6: 404 | E6: 0 | F6: Daniil | G6: external-delivery | H6: online | I6: 2024-08-23T23:49:52.305+02:00 | J6: 2024-08-23T23:55:58.105+02:00 | K6: 2024-08-23T23:55:58.105+02:00 | M6: -8 | O6: 6.0966667
A7: 45527 | B7: wolt | C7: delivered | D7: 129 | E7: 0 | F7: Wolt Kurýr | G7: external-delivery | H7: online | I7: 2024-08-23T23:44:27.224+02:00 | J7: 2024-08-23T23:48:53.249+02:00 | K7: 2024-08-23T23:48:53.249+02:00 | M7: -12 | O7: 4.43375
A8: 45527 | B8: damejidlo | C8: ready_pickup | D8: 621 | E8: 0 | G8: external-delivery | H8: online | I8: 2024-08-23T23:32:45.232+02:00 | J8: 2024-08-23T23:38:55.364+02:00 | K8: 2024-08-23T23:38:55.364+02:00 | M8: -2 | O8: 6.1688667
A9: 45527 | B9: wolt | C9: delivered | D9: 294 | E9: 0 | F9: Wolt Kurýr | G9: external-delivery | H9: online | I9: 2024-08-23T23:24:17.939+02:00 | J9: 2024-08-23T23:29:38.478+02:00 | K9: 2024-08-23T23:29:38.478+02:00 | M9: -9 | O9: 5.3423167
A10: 45527 | B10: generic | C10: ready_pickup | D10: 159 | E10: 0 | G10: pickup | H10: cash | I10: 2024-08-23T23:24:03.465+02:00 | J10: 2024-08-23T23:30:18.992+02:00 | K10: 2024-08-23T23:30:18.992+02:00 | M10: -13 | O10: 6.2587833
A11: 45527 | B11: damejidlo | C11: ready_pickup | D11: 336 | E11: 0 | G11: external-delivery | H11: online | I11: 2024-08-23T23:15:44.159+02:00 | J11: 2024-08-23T23:21:41.344+02:00 | K11: 2024-08-23T23:21:41.344+02:00 | M11: -1 | O11: 5.9530833
A12: 45527 | B12: wolt | C12: delivered | D12: 329 | E12: 0 | F12: Wolt Kurýr | G12: external-delivery | H12: online | I12: 2024-08-23T23:15:12.877+02:00 | J12: 2024-08-23T23:21:02.582+02:00 | K12: 2024-08-23T23:21:02.582+02:00 | M12: -9 | O12: 5.8284167
A13: 45527 | B13: generic | C13: delivered | D13: 652 | E13: 0 | F13: Čerešňák Michal | G13: delivery | H13: cash | I13: 2024-08-23T23:09:01.378+02:00 | J13: 2024-08-23T23:16:32.019+02:00 | K13: 2024-08-23T23:36:15.354+02:00 | L13: 2024-08-23T23:09:02.133+02:00 | M13: -12 | N13: 0.012583333 | O13: 7.5106833
A14: 45527 | B14: damejidlo | C14: ready_pickup | D14: 174 | E14: 0 | G14: external-delivery | H14: online | I14: 2024-08-23T22:58:44.512+02:00 | J14: 2024-08-23T23:04:40.407+02:00 | K14: 2024-08-23T23:04:40.407+02:00 | M14: 0 | O14: 5.9315833
A15: 45527 | B15: damejidlo | C15: ready_pickup | D15: 264 | E15: 0 | G15: external-delivery | H15: online | I15: 2024-08-23T22:57:44.525+02:00 | J15: 2024-08-23T23:03:05.326+02:00 | K15: 2024-08-23T23:03:05.326+02:00 | M15: -1 | O15: 5.3466833
A16: 45527 | B16: damejidlo | C16: ready_pickup | D16: 364 | E16: 0 | G16: external-delivery | H16: online | I16: 2024-08-23T22:54:44.690+02:00 | J16: 2024-08-23T23:01:38.275+02:00 | K16: 2024-08-23T23:01:38.275+02:00 | M16: 0 | O16: 6.8930833
A17: 45527 | B17: wolt | C17: delivered | D17: 343 | E17: 0 | F17: Wolt Kurýr | G17: external-delivery | H17: online | I17: 2024-08-23T22:30:29.545+02:00 | J17: 2024-08-23T22:36:48.180+02:00 | K17: 2024-08-23T22:36:48.180+02:00 | M17: -8 | O17: 6.3105833
A18: 45527 | B18: damejidlo | C18: ready_pickup | D18: 578 | E18: 0 | G18: external-delivery | H18: cash | I18: 2024-08-23T22:26:43.460+02:00 | J18: 2024-08-23T22:33:00.403+02:00 | K18: 2024-08-23T22:33:00.403+02:00 | M18: -2 | O18: 6.2823833
A19: 45527 | B19: generic | C19: ready_pickup | D19: 199 | E19: 50 | G19: pickup | H19: cash | I19: 2024-08-23T22:23:01.605+02:00 | J19: 2024-08-23T22:29:29.981+02:00 | K19: 2024-08-23T22:29:29.981+02:00 | M19: -12 | O19: 6.4729333
A20: 45527 | B20: wolt | C20: delivered | D20: 264 | E20: 0 | F20: Wolt Kurýr | G20: external-delivery | H20: online | I20: 2024-08-23T22:14:54.205+02:00 | J20: 2024-08-23T22:19:29.476+02:00 | K20: 2024-08-23T22:19:29.476+02:00 | M20: -10 | O20: 4.58785
A21: 45527 | B21: damejidlo | C21: ready_pickup | D21: 346 | E21: 0 | G21: external-delivery | H21: online | I21: 2024-08-23T21:57:43.519+02:00 | J21: 2024-08-23T22:03:36.346+02:00 | K21: 2024-08-23T22:03:36.346+02:00 | M21: -1 | O21: 5.88045
A22: 45527 | B22: wolt | C22: delivered | D22: 329 | E22: 0 | F22: Wolt Kurýr | G22: external-delivery | H22: online | I22: 2024-08-23T21:35:08.328+02:00 | J22: 2024-08-23T21:44:25.233+02:00 | K22: 2024-08-23T21:44:25.233+02:00 | M22: -5 | O22: 9.28175
A23: 45527 | B23: wolt | C23: delivered | D23: 313 | E23: 0 | F23: Wolt Kurýr | G23: external-delivery | H23: online | I23: 2024-08-23T21:30:40.018+02:00 | J23: 2024-08-23T21:37:22.255+02:00 | K23: 2024-08-23T21:37:22.255+02:00 | M23: -8 | O23: 6.70395
A24: 45527 | B24: damejidlo | C24: ready_pickup | D24: 394 | E24: 0 | G24: external-delivery | H24: online | I24: 2024-08-23T21:22:44.178+02:00 | J24: 2024-08-23T21:31:32.312+02:00 | K24: 2024-08-23T21:31:32.312+02:00 | M24: 0 | O24: 8.8022333
A25: 45527 | B25: damejidlo | C25: ready_pickup | D25: 816 | E25: 0 | G25: external-delivery | H25: online | I25: 2024-08-23T21:14:44.626+02:00 | J25: 2024-08-23T21:24:46.267+02:00 | K25: 2024-08-23T21:24:46.267+02:00 | M25: 0 | O25: 10.02735
A26: 45527 | B26: generic | C26: delivered | D26: 597 | E26: 35 | F26: Wolt Kurýr | G26: delivery | H26: online | I26: 2024-08-23T21:11:01.623+02:00 | J26: 2024-08-23T21:20:38.155+02:00 | K26: 2024-08-23T21:42:15.426+02:00 | L26: 2024-08-23T21:15:23.862+02:00 | M26: -6 | N26: 4.37065 | O26: 9.6088667
A27: 45527 | B27: wolt | C27: delivered | D27: 413 | E27: 0 | F27: Wolt Kurýr | G27: external-delivery | H27: online | I27: 2024-08-23T21:10:00.474+02:00 | J27: 2024-08-23T21:16:22.265+02:00 | K27: 2024-08-23T21:16:22.265+02:00 | M27: -10 | O27: 6.3631833
A28: 45527 | B28: damejidlo | C28: ready_pickup | D28: 264 | E28: 0 | G28: external-delivery | H28: cash | I28: 2024-08-23T21:08:44.645+02:00 | J28: 2024-08-23T21:14:02.511+02:00 | K28: 2024-08-23T21:14:02.511+02:00 | M28: 0 | O28: 5.2977667
A29: 45527 | B29: bolt | C29: ready_pickup | D29: 319 | E29: 0 | F29: Petr | G29: external-delivery | H29: online | I29: 2024-08-23T21:02:58.668+02:00 | J29: 2024-08-23T21:10:07.507+02:00 | K29: 2024-08-23T21:10:07.507+02:00 | M29: -7 | O29: 7.1473167
A30: 45527 | B30: generic | C30: delivered | D30: 475 | E30: 23 | F30: Čerešňák Michal | G30: delivery | H30: online | I30: 2024-08-23T21:02:01.356+02:00 | J30: 2024-08-23T21:08:07.021+02:00 | K30: 2024-08-23T21:32:43.488+02:00 | L30: 2024-08-23T21:02:01.984+02:00 | M30: 1 | N30: 0.010466667 | O30: 6.0944167
A31: 45527 | B31: wolt | C31: delivered | D31: 224 | E31: 0 | F31: Wolt Kurýr | G31: external-delivery | H31: online | I31: 2024-08-23T21:00:02.896+02:00 | J31: 2024-08-23T21:05:37.301+02:00 | K31: 2024-08-23T21:05:37.301+02:00 | M31: -10 | O31: 5.5734167
A32: 45527 | B32: wolt | C32: delivered | D32: 394 | E32: 0 | F32: Wolt Kurýr | G32: external-delivery | H32: online | I32: 2024-08-23T20:51:26.998+02:00 | J32: 2024-08-23T20:59:19.185+02:00 | K32: 2024-08-23T20:59:19.185+02:00 | M32: -7 | O32: 7.8697833
A33: 45527 | B33: bolt | C33: ready_pickup | D33: 264 | E33: 0 | F33: Roman | G33: external-delivery | H33: online | I33: 2024-08-23T20:45:51.474+02:00 | J33: 2024-08-23T20:52:46.169+02:00 | K33: 2024-08-23T20:52:46.169+02:00 | M33: -8 | O33: 6.9115833
A34: 45527 | B34: wolt | C34: delivered | D34: 882 | E34: 0 | F34: Wolt Kurýr | G34: external-delivery | H34: online | I34: 2024-08-23T20:44:53.746+02:00 | J34: 2024-08-23T20:52:57.180+02:00 | K34: 2024-08-23T20:52:57.180+02:00 | M34: -11 | O34: 8.0572333
A35: 45527 | B35: wolt | C35: delivered | D35: 715 | E35: 0 | F35: Wolt Kurýr | G35: external-delivery | H35: online | I35: 2024-08-23T20:36:51.238+02:00 | J35: 2024-08-23T20:49:19.224+02:00 | K35: 2024-08-23T20:49:19.224+02:00 | M35: -7 | O35: 12.466433
A36: 45527 | B36: damejidlo | C36: ready_pickup | D36: 1006 | E36: 0 | G36: external-delivery | H36: online | I36: 2024-08-23T20:33:43.896+02:00 | J36: 2024-08-23T20:43:20.314+02:00 | K36: 2024-08-23T20:43:20.314+02:00 | M36: -1 | O36: 9.6069667
A37: 45527 | B37: generic | C37: delivered | D37: 309 | E37: 0 | F37: Wolt Kurýr | G37: delivery | H37: online | I37: 2024-08-23T20:33:01.811+02:00 | J37: 2024-08-23T20:40:19.164+02:00 | K37: 2024-08-23T20:50:27.761+02:00 | L37: 2024-08-23T20:35:07.952+02:00 | M37: -10 | N37: 2.10235 | O37: 7.2892167
A38: 45527 | B38: generic | C38: ready_pickup | D38: 520 | E38: 124 | G38: pickup | H38: online | I38: 2024-08-23T20:28:01.471+02:00 | J38: 2024-08-23T20:45:12.971+02:00 | K38: 2024-08-23T20:45:12.971+02:00 | M38: -6 | O38: 17.191667
A39: 45527 | B39: generic | C39: delivered | D39: 358 | E39: 0 | F39: Čerešňák Michal | G39: delivery | H39: online | I39: 2024-08-23T20:26:01.979+02:00 | J39: 2024-08-23T20:30:25.004+02:00 | K39: 2024-08-23T20:57:34.627+02:00 | L39: 2024-08-23T20:26:02.500+02:00 | M39: -2 | N39: 0.0086833333 | O39: 4.38375
A40: 45527 | B40: generic | C40: delivered | D40: 338 | E40: 0 | F40: Čerešňák Michal | G40: delivery | H40: online | I40: 2024-08-23T20:21:01.522+02:00 | J40: 2024-08-23T20:28:46.998+02:00 | K40: 2024-08-23T20:38:35.431+02:00 | L40: 2024-08-23T20:21:02.078+02:00 | M40: -10 | N40: 0.0092666667 | O40: 7.7579333
A41: 45527 | B41: generic | C41: delivered | D41: 558 | E41: 0 | F41: Čerešňák Michal | G41: delivery | H41: online | I41: 2024-08-23T20:19:01.870+02:00 | J41: 2024-08-23T20:27:26.014+02:00 | K41: 2024-08-23T21:07:40.137+02:00 | L41: 2024-08-23T20:19:02.358+02:00 | M41: 9 | N41: 0.0081333333 | O41: 8.4024
A42: 45527 | B42: damejidlo | C42: ready_pickup | D42: 667 | E42: 0 | G42: external-delivery | H42: online | I42: 2024-08-23T20:16:42.868+02:00 | J42: 2024-08-23T20:26:11.311+02:00 | K42: 2024-08-23T20:26:11.311+02:00 | M42: 0 | O42: 9.47405
A43: 45527 | B43: bolt | C43: ready_pickup | D43: 394 | E43: 0 | F43: Petro | G43: external-delivery | H43: online | I43: 2024-08-23T20:12:54.567+02:00 | J43: 2024-08-23T20:22:06.159+02:00 | K43: 2024-08-23T20:22:06.159+02:00 | M43: -5 | O43: 9.1932
A44: 45527 | B44: generic | C44: delivered | D44: 887 | E44: 0 | F44: Čerešňák Michal | G44: delivery | H44: online | I44: 2024-08-23T20:10:02.324+02:00 | J44: 2024-08-23T20:19:31.050+02:00 | K44: 2024-08-23T20:53:44.837+02:00 | L44: 2024-08-23T20:10:03.058+02:00 | M44: 5 | N44: 0.012233333 | O44: 9.4787667
A45: 45527 | B45: bolt | C45: ready_pickup | D45: 293 | E45: 0 | F45: Petr | G45: external-delivery | H45: online | I45: 2024-08-23T20:09:35.657+02:00 | J45: 2024-08-23T20:16:12.104+02:00 | K45: 2024-08-23T20:16:12.104+02:00 | M45: -8 | O45: 6.60745
A46: 45527 | B46: generic | C46: ready_pickup | D46: 494 | E46: 124 | G46: pickup | H46: cash | I46: 2024-08-23T20:08:01.496+02:00 | J46: 2024-08-23T20:15:57.021+02:00 | K46: 2024-08-23T20:15:57.021+02:00 | M46: -11 | O46: 7.9254167
A47: 45527 | B47: generic | C47: ready_pickup | D47: 199 | E47: 50 | G47: pickup | H47: card | I47: 2024-08-23T20:08:01.484+02:00 | J47: 2024-08-23T20:49:04.967+02:00 | K47: 2024-08-23T20:49:04.967+02:00 | M47: -10 | O47: 41.05805
A48: 45527 | B48: generic | C48: ready_pickup | D48: 339 | E48: 75 | G48: pickup | H48: online | I48: 2024-08-23T20:01:01.758+02:00 | J48: 2024-08-23T20:09:03.291+02:00 | K48: 2024-08-23T20:09:03.291+02:00 | M48: -10 | O48: 8.02555
A49: 45527 | B49: generic | C49: delivered | D49: 309 | E49: 0 | F49: Čerešňák Michal | G49: delivery | H49: online | I49: 2024-08-23T19:55:02.186+02:00 | J49: 2024-08-23T20:03:27.005+02:00 | K49: 2024-08-23T20:13:43.739+02:00 | L49: 2024-08-23T19:55:03.092+02:00 | M49: -15 | N49: 0.0151 | O49: 8.41365
A50: 45527 | B50: damejidlo | C50: ready_pickup | D50: 394 | E50: 0 | G50: external-delivery | H50: online | I50: 2024-08-23T19:54:45.137+02:00 | J50: 2024-08-23T20:02:33.384+02:00 | K50: 2024-08-23T20:02:33.384+02:00 | M50: 0 | O50: 7.8041167
A51: 45527 | B51: wolt | C51: delivered | D51: 441 | E51: 0 | F51: Wolt Kurýr | G51: external-delivery | H51: online | I51: 2024-08-23T19:52:42.001+02:00 | J51: 2024-08-23T19:58:12.157+02:00 | K51: 2024-08-23T19:58:12.157+02:00 | M51: -9 | O51: 5.5026
A52: 45527 | B52: wolt | C52: delivered | D52: 264 | E52: 0 | F52: Wolt Kurýr | G52: external-delivery | H52: online | I52: 2024-08-23T19:51:23.172+02:00 | J52: 2024-08-23T19:56:10.136+02:00 | K52: 2024-08-23T19:56:10.136+02:00 | M52: -10 | O52: 4.7827333
A53: 45527 | B53: manual | C53: ready_pickup | D53: 238 | E53: 0 | G53: pickup | H53: cash | I53: 2024-08-23T19:49:30.026+02:00 | J53: 2024-08-23T19:56:07.983+02:00 | K53: 2024-08-23T19:56:07.983+02:00 | M53: 1 | O53: 6.6326167
A54: 45527 | B54: damejidlo | C54: ready_pickup | D54: 987 | E54: 0 | G54: external-delivery | H54: online | I54: 2024-08-23T19:43:44.774+02:00 | J54: 2024-08-23T19:52:12.336+02:00 | K54: 2024-08-23T19:52:12.336+02:00 | M54: -3 | O54: 8.4593667
A55: 45527 | B55: generic | C55: ready_pickup | D55: 326 | E55: 62 | G55: pickup | H55: cash | I55: 2024-08-23T19:38:02.061+02:00 | J55: 2024-08-23T19:48:14.995+02:00 | K55: 2024-08-23T19:48:14.995+02:00 | M55: -9 | O55: 10.215567
A56: 45527 | B56: damejidlo | C56: ready_pickup | D56: 394 | E56: 0 | G56: external-delivery | H56: online | I56: 2024-08-23T19:35:44.366+02:00 | J56: 2024-08-23T19:47:48.229+02:00 | K56: 2024-08-23T19:47:48.229+02:00 | M56: 4 | O56: 12.064383
A57: 45527 | B57: damejidlo | C57: ready_pickup | D57: 404 | E57: 0 | G57: external-delivery | H57: online | I57: 2024-08-23T19:31:44.270+02:00 | J57: 2024-08-23T19:39:35.683+02:00 | K57: 2024-08-23T19:39:35.683+02:00 | M57: 0 | O57: 7.8568833
A58: 45527 | B58: damejidlo | C58: ready_pickup | D58: 394 | E58: 0 | G58: external-delivery | H58: online | I58: 2024-08-23T19:28:44.081+02:00 | J58: 2024-08-23T19:33:34.278+02:00 | K58: 2024-08-23T19:33:34.278+02:00 | M58: -3 | O58: 4.8366167
A59: 45527 | B59: generic | C59: ready_pickup | D59: 424 | E59: 104 | G59: pickup | H59: online | I59: 2024-08-23T19:28:01.792+02:00 | J59: 2024-08-23T19:37:43.997+02:00 | K59: 2024-08-23T19:37:43.997+02:00 | M59: -8 | O59: 9.7034167
A60: 45527 | B60: generic | C60: delivered | D60: 531 | E60: 24 | F60: Wolt Kurýr | G60: delivery | H60: online | I60: 2024-08-23T19:24:01.653+02:00 | J60: 2024-08-23T19:46:43.104+02:00 | K60: 2024-08-23T20:00:35.469+02:00 | L60: 2024-08-23T19:26:40.934+02:00 | M60: 0 | N60: 2.6546833 | O60: 22.69085
A61: 45527 | B61: damejidlo | C61: ready_pickup | D61: 264 | E61: 0 | G61: external-delivery | H61: cash | I61: 2024-08-23T19:23:44.893+02:00 | J61: 2024-08-23T19:32:12.329+02:00 | K61: 2024-08-23T19:32:12.329+02:00 | M61: 1 | O61: 8.4572667
A62: 45527 | B62: generic | C62: delivered | D62: 358 | E62: 0 | F62: Čerešňák Michal | G62: delivery | H62: online | I62: 2024-08-23T19:13:01.670+02:00 | J62: 2024-08-23T19:21:28.063+02:00 | K62: 2024-08-23T19:43:32.054+02:00 | L62: 2024-08-23T19:13:02.293+02:00 | M62: -3 | N62: 0.010383333 | O62: 8.4398833
A63: 45527 | B63: generic | C63: delivered | D63: 967 | E63: 0 | F63: Čerešňák Michal | G63: delivery | H63: cash | I63: 2024-08-23T19:10:02.134+02:00 | J63: 2024-08-23T19:19:46.982+02:00 | K63: 2024-08-23T19:47:13.789+02:00 | L63: 2024-08-23T19:10:02.706+02:00 | M63: -2 | N63: 0.0095333333 | O63: 9.7474667
A64: 45527 | B64: generic | C64: ready_pickup | D64: 372 | E64: 116 | G64: pickup | H64: card | I64: 2024-08-23T19:09:03.136+02:00 | J64: 2024-08-23T19:16:43.981+02:00 | K64: 2024-08-23T19:16:43.981+02:00 | M64: -11 | O64: 7.68075
A65: 45527 | B65: damejidlo | C65: ready_pickup | D65: 378 | E65: 0 | G65: external-delivery | H65: online | I65: 2024-08-23T19:04:42.927+02:00 | J65: 2024-08-23T19:11:33.473+02:00 | K65: 2024-08-23T19:11:33.473+02:00 | M65: 0 | O65: 6.8424333
A66: 45527 | B66: generic | C66: delivered | D66: 456 | E66: 0 | F66: Čerešňák Michal | G66: delivery | H66: online | I66: 2024-08-23T19:04:01.798+02:00 | J66: 2024-08-23T19:10:08.987+02:00 | K66: 2024-08-23T19:37:41.253+02:00 | L66: 2024-08-23T19:04:02.394+02:00 | M66: 0 | N66: 0.0099333333 | O66: 6.1198167
A67: 45527 | B67: manual | C67: ready_pickup | D67: 309 | E67: 0 | G67: pickup | H67: card | I67: 2024-08-23T19:02:11.292+02:00 | J67: 2024-08-23T19:08:45.663+02:00 | K67: 2024-08-23T19:08:45.663+02:00 | M67: 1 | O67: 6.57285
A68: 45527 | B68: bolt | C68: ready_pickup | D68: 329 | E68: 0 | F68: Alexander | G68: external-delivery | H68: online | I68: 2024-08-23T18:58:55.159+02:00 | J68: 2024-08-23T19:03:40.123+02:00 | K68: 2024-08-23T19:03:40.123+02:00 | M68: -10 | O68: 4.7494
A69: 45527 | B69: wolt | C69: delivered | D69: 658 | E69: 0 | F69: Wolt Kurýr | G69: external-delivery | H69: online | I69: 2024-08-23T18:57:26.488+02:00 | J69: 2024-08-23T19:08:13.488+02:00 | K69: 2024-08-23T19:08:13.488+02:00 | M69: -9 | O69: 10.783333
A70: 45527 | B70: manual | C70: ready_pickup | D70: 617 | E70: 0 | G70: pickup | H70: cash | I70: 2024-08-23T18:50:26.589+02:00 | J70: 2024-08-23T18:57:54.971+02:00 | K70: 2024-08-23T18:57:54.971+02:00 | M70: -2 | O70: 7.4730333
A71: 45527 | B71: damejidlo | C71: ready_pickup | D71: 348 | E71: 0 | G71: external-delivery | H71: online | I71: 2024-08-23T18:45:41.348+02:00 | J71: 2024-08-23T18:50:54.299+02:00 | K71: 2024-08-23T18:50:54.299+02:00 | M71: -1 | O71: 5.21585
A72: 45527 | B72: wolt | C72: delivered | D72: 528 | E72: 0 | F72: Wolt Kurýr | G72: external-delivery | H72: online | I72: 2024-08-23T18:37:15.602+02:00 | J72: 2024-08-23T18:50:07.354+02:00 | K72: 2024-08-23T18:50:07.354+02:00 | M72: -7 | O72: 12.862533
A73: 45527 | B73: generic | C73: delivered | D73: 498 | E73: 0 | F73: Čerešňák Michal | G73: delivery | H73: online | I73: 2024-08-23T18:36:01.943+02:00 | J73: 2024-08-23T18:46:22.005+02:00 | K73: 2024-08-23T18:52:26.212+02:00 | L73: 2024-08-23T18:36:02.598+02:00 | M73: -12 | N73: 0.010916667 | O73: 10.334367
A74: 45527 | B74: bolt | C74: ready_pickup | D74: 657 | E74: 0 | F74: Valentyn | G74: external-delivery | H74: online | I74: 2024-08-23T18:34:59.908+02:00 | J74: 2024-08-23T18:48:56.147+02:00 | K74: 2024-08-23T18:48:56.147+02:00 | M74: -6 | O74: 13.937317
A75: 45527 | B75: generic | C75: ready_pickup | D75: 247 | E75: 62 | G75: pickup | H75: card | I75: 2024-08-23T18:34:01.818+02:00 | J75: 2024-08-23T18:42:01.014+02:00 | K75: 2024-08-23T18:42:01.014+02:00 | M75: -11 | O75: 7.9866
A76: 45527 | B76: bolt | C76: ready_pickup | D76: 788 | E76: 0 | F76: Bakhtiyar | G76: external-delivery | H76: online | I76: 2024-08-23T18:33:48.828+02:00 | J76: 2024-08-23T18:45:14.200+02:00 | K76: 2024-08-23T18:45:14.200+02:00 | M76: -8 | O76: 11.422867
A77: 45527 | B77: wolt | C77: delivered | D77: 289 | E77: 0 | F77: Wolt Kurýr | G77: external-delivery | H77: online | I77: 2024-08-23T18:31:16.155+02:00 | J77: 2024-08-23T18:39:46.147+02:00 | K77: 2024-08-23T18:39:46.147+02:00 | M77: -6 | O77: 8.4998667
A78: 45527 | B78: damejidlo | C78: ready_pickup | D78: 311 | E78: 0 | G78: external-delivery | H78: online | I78: 2024-08-23T18:29:41.296+02:00 | J78: 2024-08-23T18:35:26.412+02:00 | K78: 2024-08-23T18:35:26.412+02:00 | M78: -2 | O78: 5.7519333
A79: 45527 | B79: damejidlo | C79: ready_pickup | D79: 342 | E79: 100 | G79: external-delivery | H79: online | I79: 2024-08-23T18:28:17.385+02:00 | J79: 2024-08-23T18:33:46.234+02:00 | K79: 2024-08-23T18:33:46.234+02:00 | M79: -3 | O79: 5.4808167
A80: 45527 | B80: damejidlo | C80: ready_pickup | D80: 239 | E80: 50 | G80: external-delivery | H80: online | I80: 2024-08-23T18:26:39.269+02:00 | J80: 2024-08-23T18:32:07.362+02:00 | K80: 2024-08-23T18:32:07.362+02:00 | M80: -1 | O80: 5.4682167
A81: 45527 | B81: generic | C81: ready_pickup | D81: 298 | E81: 50 | G81: pickup | H81: cash | I81: 2024-08-23T18:24:01.776+02:00 | J81: 2024-08-23T18:34:58.977+02:00 | K81: 2024-08-23T18:34:58.977+02:00 | M81: -8 | O81: 10.95335
A82: 45527 | B82: damejidlo | C82: ready_pickup | D82: 394 | E82: 0 | G82: external-delivery | H82: online | I82: 2024-08-23T18:18:42.930+02:00 | J82: 2024-08-23T18:27:47.260+02:00 | K82: 2024-08-23T18:27:47.260+02:00 | M82: 2 | O82: 9.0721667
A83: 45527 | B83: bolt | C83: ready_pickup | D83: 548 | E83: 0 | F83: Valentyn | G83: external-delivery | H83: online | I83: 2024-08-23T18:17:22.682+02:00 | J83: 2024-08-23T18:25:13.134+02:00 | K83: 2024-08-23T18:25:13.134+02:00 | M83: -12 | O83: 7.8408667
A84: 45527 | B84: generic | C84: ready_pickup | D84: 554 | E84: 124 | G84: pickup | H84: online | I84: 2024-08-23T18:14:01.882+02:00 | J84: 2024-08-23T18:38:21.980+02:00 | K84: 2024-08-23T18:38:21.980+02:00 | M84: -6 | O84: 24.334967
A85: 45527 | B85: wolt | C85: delivered | D85: 169 | E85: 0 | F85: Wolt Kurýr | G85: external-delivery | H85: online | I85: 2024-08-23T18:09:06.262+02:00 | J85: 2024-08-23T18:14:24.304+02:00 | K85: 2024-08-23T18:14:24.304+02:00 | M85: -9 | O85: 5.3007
A86: 45527 | B86: damejidlo | C86: ready_pickup | D86: 602 | E86: 0 | G86: external-delivery | H86: online | I86: 2024-08-23T18:05:40.619+02:00 | J86: 2024-08-23T18:13:06.275+02:00 | K86: 2024-08-23T18:13:06.275+02:00 | M86: -1 | O86: 7.4276
A87: 45527 | B87: generic | C87: delivered | D87: 620 | E87: 92 | F87: Čerešňák Michal | G87: delivery | H87: online | I87: 2024-08-23T18:02:01.989+02:00 | J87: 2024-08-23T18:09:11.997+02:00 | K87: 2024-08-23T18:26:45.709+02:00 | L87: 2024-08-23T18:02:02.810+02:00 | M87: -19 | N87: 0.013683333 | O87: 7.1668
A88: 45527 | B88: generic | C88: ready_pickup | D88: 563 | E88: 111 | G88: pickup | H88: online | I88: 2024-08-23T17:51:01.842+02:00 | J88: 2024-08-23T18:05:33.287+02:00 | K88: 2024-08-23T18:05:33.287+02:00 | M88: -9 | O88: 14.524083
A89: 45527 | B89: damejidlo | C89: ready_pickup | D89: 264 | E89: 0 | G89: external-delivery | H89: online | I89: 2024-08-23T17:49:43.097+02:00 | J89: 2024-08-23T17:56:56.452+02:00 | K89: 2024-08-23T17:56:56.452+02:00 | M89: 1 | O89: 7.2225833
A90: 45527 | B90: wolt | C90: delivered | D90: 264 | E90: 0 | F90: Wolt Kurýr | G90: external-delivery | H90: online | I90: 2024-08-23T17:46:00.165+02:00 | J90: 2024-08-23T17:51:11.283+02:00 | K90: 2024-08-23T17:51:11.283+02:00 | M90: -9 | O90: 5.1853
A91: 45527 | B91: generic | C91: ready_pickup | D91: 333 | E91: 50 | G91: pickup | H91: card | I91: 2024-08-23T17:40:02.344+02:00 | J91: 2024-08-23T17:46:55.984+02:00 | K91: 2024-08-23T17:46:55.984+02:00 | M91: -12 | O91: 6.894
A92: 45527 | B92: damejidlo | C92: ready_pickup | D92: 449 | E92: 0 | G92: external-delivery | H92: online | I92: 2024-08-23T17:37:41.457+02:00 | J92: 2024-08-23T17:45:31.366+02:00 | K92: 2024-08-23T17:45:31.366+02:00 | M92: 0 | O92: 7.8318167
A93: 45527 | B93: damejidlo | C93: ready_pickup | D93: 258 | E93: 0 | G93: external-delivery | H93: online | I93: 2024-08-23T17:27:39.901+02:00 | J93: 2024-08-23T17:34:14.299+02:00 | K93: 2024-08-23T17:34:14.299+02:00 | M93: 0 | O93: 6.5733
A94: 45527 | B94: wolt | C94: delivered | D94: 522 | E94: 0 | F94: Wolt Kurýr | G94: external-delivery | H94: online | I94: 2024-08-23T17:19:50.482+02:00 | J94: 2024-08-23T17:26:38.236+02:00 | K94: 2024-08-23T17:26:38.236+02:00 | M94: -13 | O94: 6.7959
A95: 45527 | B95: generic | C95: delivered | D95: 318 | E95: 0 | F95: Čerešňák Michal | G95: delivery | H95: online | I95: 2024-08-23T17:10:02.476+02:00 | J95: 2024-08-23T17:18:01.023+02:00 | K95: 2024-08-23T17:32:09.350+02:00 | L95: 2024-08-23T17:10:03.465+02:00 | M95: -11 | N95: 0.016483333 | O95: 7.9757833
A96: 45527 | B96: generic | C96: ready_pickup | D96: 494 | E96: 124 | G96: pickup | H96: card | I96: 2024-08-23T17:10:02.466+02:00 | J96: 2024-08-23T17:30:04.956+02:00 | K96: 2024-08-23T17:30:04.956+02:00 | M96: -14 | O96: 20.0415
A97: 45527 | B97: bolt | C97: ready_pickup | D97: 723 | E97: 0 | F97: Alexandr | G97: external-delivery | H97: online | I97: 2024-08-23T17:07:44.486+02:00 | J97: 2024-08-23T17:17:28.105+02:00 | K97: 2024-08-23T17:17:28.105+02:00 | M97: -10 | O97: 9.7269833
A98: 45527 | B98: wolt | C98: delivered | D98: 602 | E98: 0 | F98: Wolt Kurýr | G98: external-delivery | H98: online | I98: 2024-08-23T17:06:17.661+02:00 | J98: 2024-08-23T17:14:45.306+02:00 | K98: 2024-08-23T17:14:45.306+02:00 | M98: -11 | O98: 8.46075
A99: 45527 | B99: wolt | C99: delivered | D99: 474 | E99: 0 | F99: Wolt Kurýr | G99: external-delivery | H99: online | I99: 2024-08-23T16:56:44.740+02:00 | J99: 2024-08-23T17:03:23.528+02:00 | K99: 2024-08-23T17:03:23.528+02:00 | M99: -8 | O99: 6.6464667
A100: 45527 | B100: bolt | C100: ready_pickup | D100: 329 | E100: 0 | F100: Dušan | G100: external-delivery | H100: online | I100: 2024-08-23T16:22:46.990+02:00 | J100: 2024-08-23T16:31:39.138+02:00 | K100: 2024-08-23T16:31:39.138+02:00 | M100: -6 | O100: 8.8691333
...

Sheet August 2024
A1: Datum | B1: Název | C1: Jména Instor | D1: Začátek směny Instor | E1: Konec směny Instor | F1: Pauza Instor | G1: Počet hodin Instor | H1: Jména Kurýr | I1: Začátek směny Kurýr | J1: Konec směny Kurýr | K1: Pauza Kurýr | L1: Počet hodin Kurýr | M1: Počet rozvozů Kurýr | N1: Vlastní vůz | O1: Vyplatit PHM | P1: Wolt drive | Q1: Otevíral | R1: Zavíral | S1: Online Platby - Wolt | T1: Online Platby - Bolt | U1: Online Platby - Dáme Jídlo | V1: Vlastní API | W1: Online Platby - Wolt cash | X1: Online Platby - DJ Cash | Y1: Terminál | Z1: Stravenky | AA1: Hotovost | AB1: Tržba | AC1: Pokladna - VÝSLEDEK | AD1: COL | AE1: Benzín | AF1: Auta | AG1: Suroviny | AH1: Ostatní | AI1: PHM - soukromé | AJ1: Zrušené obj. ks | AK1: Zrušené obj. $ | AL1: Počet zpožděných objednávek z webu +5 min | AM1: Průměrný make Time | AN1: Počet vydajových dokladů | AO1: Počet nezrušených celkem | AP1: Počet našich rozvozů | AQ1: Počet pozdě přiřazeným WoltDrive 5+ | AR1: Woltrdrive zpožděný kvůli našemu pozdnímu přiřazení | AS1: % zpožděných našich rozvozů +5 min | AT1: Počet zpožděných Woltdrivem | AU1: % doručených včas | AV1: % zpožděných Woltdrivem
A2: 45505 | B2: Čtvrtek | C2: Černohorský Otakar | D2: 11:00 | E2: 17:00 | G2: 06:00
A3: 45505 | B3: Čtvrtek | C3: Michal Nedbal | D3: 17:00 | E3: 00:00 | G3: 07:00
A4: 45505 | B4: Čtvrtek | C4: Trachtová Martina | D4: 10:00 | E4: 17:00 | G4: 07:00
A5: 45505 | B5: Čtvrtek | H5: Novák Jakub | I5: 17:00 | J5: 00:00 | L5: 07:00 | M5: 9 | N5: TRUE | O5: 360
A6: 45505 | B6: Čtvrtek | H6: Čerešňák Michal | I6: 11:00 | J6: 17:00 | L6: 06:00 | M6: 6 | N6: TRUE | O6: 240
A7: 45505 | B7: Čtvrtek | P7: 3 | S7: 12155 | T7: 7267 | U7: 17983 | V7: 8801 | W7: 917 | X7: 1093 | Y7: 5130 | AA7: 1500 | AB7: 56736 | AC7: 7 | AD7: 0.22244544 | AE7: 500 | AG7: 1890 | AI7: 600 | AJ7: 1 | AK7: 264 | AL7: 4 | AM7: 12 min 15 s | AN7: 2 | AO7: 3
A8: 45506 | B8: Pátek | C8: Hanakova Ayuna | D8: 17:00 | E8: 01:00 | G8: 08:00
A9: 45506 | B9: Pátek | C9: Michal Nedbal | D9: 10:00 | E9: 22:00 | G9: 12:00
A10: 45506 | B10: Pátek | C10: Gomez Antonio | D10: 10:00 | E10: 17:00 | G10: 07:00
A11: 45506 | B11: Pátek | C11: Trachtová Martina | D11: 17:00 | E11: 01:00 | G11: 08:00
A12: 45506 | B12: Pátek | H12: Čerešňák Michal | I12: 10:00 | J12: 01:00 | L12: 15:00 | M12: 22 | N12: TRUE | O12: 880
A13: 45506 | B13: Pátek | P13: 6 | S13: 13714 | T13: 8559 | U13: 15123 | V13: 13992 | W13: 823 | X13: 4446 | Y13: 3340 | AA13: 7980 | AB13: 65404.5 | AC13: 6.5 | AD13: 0.26557244 | AH13: 1000 | AI13: 880 | AJ13: 0 | AK13: 0 | AL13: 4 | AM13: 11 min 50 s | AN13: 1 | AO13: 4
A14: 45507 | B14: Sobota | C14: Hanakova Ayuna | D14: 17:00 | E14: 01:00 | G14: 08:00
A15: 45507 | B15: Sobota | C15: Michal Nedbal | D15: 10:00 | E15: 22:00 | G15: 12:00
A16: 45507 | B16: Sobota | C16: Gomez Antonio | D16: 10:00 | E16: 17:00 | G16: 07:00
A17: 45507 | B17: Sobota | C17: Trachtová Martina | D17: 17:00 | E17: 01:00 | G17: 08:00
A18: 45507 | B18: Sobota | H18: Novák Jakub | I18: 11:00 | J18: 01:00 | L18: 14:00 | M18: 15 | N18: TRUE | O18: 600
A19: 45507 | B19: Sobota | P19: 2 | S19: 9875 | T19: 6927 | U19: 20583 | V19: 11023 | W19: 0 | X19: 795 | Y19: 8635 | AA19: 855 | AB19: 59046 | AC19: -328 | AD19: 0.26831101 | AG19: 220 | AI19: 600 | AJ19: 0 | AK19: 0 | AL19: 2 | AM19: 9 min 59 s | AN19: 1 | AO19: 1
A20: 45508 | B20: Neděle | C20: Michal Nedbal | D20: 10:00 | E20: 17:00 | G20: 07:00
A21: 45508 | B21: Neděle | C21: Hanakova Ayuna | D21: 17:00 | E21: 00:30 | G21: 07:30
A22: 45508 | B22: Neděle | C22: Pechová Barbora | D22: 10:00 | E22: 17:00 | G22: 07:00
A23: 45508 | B23: Neděle | C23: Trachtová Martina | D23: 17:00 | E23: 00:00 | G23: 07:00
A24: 45508 | B24: Neděle | H24: Čerešňák Michal | I24: 11:00 | J24: 00:00 | L24: 13:00 | M24: 18 | N24: TRUE | O24: 720
A25: 45508 | B25: Neděle | P25: 11 | S25: 12864 | T25: 7236 | U25: 23360 | V25: 12483 | W25: 358 | X25: 2604 | Y25: 4023 | AA25: 6230 | AB25: 67274 | AC25: 0 | AD25: 0.25279072 | AI25: 720 | AJ25: 1 | AK25: 321 | AL25: 19 | AM25: 11 min 28 s | AN25: 1 | AO25: 2
A26: 45509 | B26: Pondělí | C26: Gomez Antonio | D26: 17:00 | E26: 00:00 | G26: 07:00
A27: 45509 | B27: Pondělí | C27: Trachtová Martina | D27: 10:00 | E27: 00:30 | G27: 14:30
A28: 45509 | B28: Pondělí | H28: Kormash Liubov | I28: 11:00 | J28: 18:00 | L28: 07:00 | M28: 6 | N28: TRUE | O28: 240
A29: 45509 | B29: Pondělí | H29: Jakub Zimmer | I29: 18:00 | J29: 00:00 | L29: 06:00 | M29: 6 | N29: TRUE | O29: 240
A30: 45509 | B30: Pondělí | P30: 7 | S30: 9763 | T30: 4297 | U30: 9409 | V30: 9197 | W30: 0 | X30: 747 | Y30: 3343 | AA30: 3170 | AB30: 39700 | AC30: 39 | AD30: 0.39009164 | AH30: 80 | AI30: 480 | AJ30: 0 | AK30: 0 | AL30: 23 | AM30: 16 min 33 s | AN30: 2 | AO30: 4
A31: 45510 | B31: Úterý | C31: Michal Nedbal | D31: 17:00 | E31: 00:00 | G31: 07:00
A32: 45510 | B32: Úterý | C32: Trachtová Martina | D32: 17:00 | E32: 24:30 | G32: 07:30
A33: 45510 | B33: Úterý | C33: Gomez Antonio | D33: 10:00 | E33: 24:30 | G33: 14:30
A34: 45510 | B34: Úterý | H34: Novák Jakub | I34: 11:00 | J34: 17:00 | L34: 06:00 | M34: 7 | N34: TRUE | O34: 280
A35: 45510 | B35: Úterý | H35: Lažek Jaroslav | I35: 17:00 | J35: 00:30 | L35: 07:30 | M35: 12 | N35: TRUE | O35: 480
A36: 45510 | B36: Úterý | P36: 1 | S36: 8586 | T36: 6871 | U36: 13982 | V36: 9114 | W36: 0 | X36: 3462 | Y36: 4333 | AA36: 5210 | AB36: 49815.5 | AC36: 40.5 | AD36: 0.29691457 | AH36: 1000 | AI36: 760 | AJ36: 1 | AK36: 498 | AL36: 5 | AM36: 12 min 16 s | AN36: 2 | AO36: 0
A37: 45511 | B37: Středa | C37: Hanakova Ayuna | D37: 10:00 | E37: 17:00 | G37: 07:00
A38: 45511 | B38: Středa | C38: Veselý Ondřej | D38: 17:00 | E38: 00:00 | G38: 07:00
A39: 45511 | B39: Středa | C39: Čerešňák Michal | D39: 17:00 | E39: 00:00 | G39: 07:00
A40: 45511 | B40: Středa | H40: Kormash Liubov | I40: 11:00 | J40: 00:00 | L40: 13:00 | M40: 13 | N40: TRUE | O40: 520
A41: 45511 | B41: Středa | P41: 4 | S41: 8154 | T41: 4246 | U41: 8791 | V41: 9064 | W41: 1660 | X41: 2318 | Y41: 2641 | AA41: 4240 | AB41: 39350.5 | AC41: 5.5 | AD41: 0.33455311 | AH41: 40 | AI41: 520 | AJ41: 0 | AK41: 0 | AL41: 2 | AM41: 11 min 13 s | AN41: 1 | AO41: 3
A42: 45512 | B42: Čtvrtek | C42: Hanakova Ayuna | D42: 10:00 | E42: 17:00 | G42: 07:00
A43: 45512 | B43: Čtvrtek | C43: Veselý Ondřej | D43: 17:00 | E43: 00:00 | G43: 07:00
A44: 45512 | B44: Čtvrtek | C44: Pechová Barbora | D44: 18:00 | E44: 00:00 | G44: 06:00
A45: 45512 | B45: Čtvrtek | H45: Lažek Jaroslav | I45: 17:00 | J45: 00:00 | L45: 07:00 | M45: 14 | N45: TRUE | O45: 560
A46: 45512 | B46: Čtvrtek | H46: Novák Jakub | I46: 11:00 | J46: 17:00 | L46: 06:00 | M46: 8 | N46: TRUE | O46: 320
A47: 45512 | B47: Čtvrtek | P47: 2 | S47: 13349 | T47: 5636 | U47: 17458 | V47: 12178 | W47: 0 | X47: 1005 | Y47: 3153 | AA47: 3450 | AB47: 56098 | AC47: 6 | AD47: 0.23438771 | AI47: 880 | AJ47: 0 | AK47: 0 | AL47: 4 | AM47: 11 min 59 s | AN47: 2 | AO47: 2
A48: 45513 | B48: Pátek | C48: Hanakova Ayuna | D48: 10:00 | E48: 17:00 | G48: 07:00
A49: 45513 | B49: Pátek | C49: Michal Nedbal | D49: 17:00 | E49: 23:00 | G49: 06:00
A50: 45513 | B50: Pátek | C50: Veselý Ondřej | D50: 17:00 | E50: 01:00 | G50: 08:00
A51: 45513 | B51: Pátek | C51: Gomez Antonio | D51: 10:00 | E51: 17:00 | G51: 07:00
A52: 45513 | B52: Pátek | C52: Pechová Barbora | D52: 18:00 | E52: 01:00 | G52: 07:00
A53: 45513 | B53: Pátek | H53: Jakub Zimmer | I53: 18:00 | J53: 01:00 | L53: 07:00 | M53: 12 | N53: TRUE | O53: 480
A54: 45513 | B54: Pátek | H54: Kormash Liubov | I54: 11:00 | J54: 18:00 | L54: 07:00 | M54: 13 | N54: TRUE | O54: 520
A55: 45513 | B55: Pátek | P55: 4 | S55: 12739 | T55: 4396 | U55: 16038 | V55: 13494 | W55: 748 | X55: 5197 | Y55: 4219 | Z55: 220 | AA55: 8426 | AB55: 61360 | AC55: 0 | AD55: 0.2572593 | AH55: 80 | AI55: 1000 | AJ55: 1 | AK55: 329 | AL55: 2 | AM55: 9 min 13 s | AN55: 2 | AO55: 3
A56: 45514 | B56: Sobota | C56: Čerešňák Michal | D56: 10:00 | E56: 17:00 | G56: 07:00
A57: 45514 | B57: Sobota | C57: Michal Nedbal | D57: 10:00 | E57: 01:00 | G57: 15:00
A58: 45514 | B58: Sobota | C58: Veselý Ondřej | D58: 17:00 | E58: 23:00 | G58: 06:00
A59: 45514 | B59: Sobota | C59: Gomez Antonio | D59: 17:00 | E59: 01:00 | G59: 08:00
A60: 45514 | B60: Sobota | H60: Novák Jakub | I60: 11:00 | J60: 19:00 | L60: 08:00 | M60: 12 | N60: TRUE | O60: 480
A61: 45514 | B61: Sobota | H61: Lažek Jaroslav | I61: 17:00 | J61: 01:30 | L61: 08:30 | M61: 10 | N61: TRUE | O61: 400
A62: 45514 | B62: Sobota | P62: 4 | S62: 13195 | T62: 8108 | U62: 20257 | V62: 13678 | W62: 378 | X62: 4033 | Y62: 5809 | AA62: 5000 | AB62: 67302.75 | AC62: 2.25 | AD62: 0.20578299 | AI62: 880 | AJ62: 0 | AK62: 0 | AL62: 2 | AM62: 9 min 24 s | AN62: 2 | AO62: 1
A63: 45515 | B63: Neděle | C63: Čerešňák Michal | D63: 10:00 | E63: 17:00 | G63: 07:00
A64: 45515 | B64: Neděle | C64: Veselý Ondřej | D64: 10:00 | E64: 22:00 | G64: 12:00
A65: 45515 | B65: Neděle | C65: Michal Nedbal | D65: 16:00 | E65: 00:00 | G65: 08:00
A66: 45515 | B66: Neděle | C66: Gomez Antonio | D66: 17:00 | E66: 00:00 | G66: 07:00
A67: 45515 | B67: Neděle | H67: Lažek Jaroslav | I67: 11:00 | J67: 17:00 | L67: 06:00 | M67: 7 | N67: TRUE | O67: 280
A68: 45515 | B68: Neděle | H68: Novák Jakub | I68: 16:00 | J68: 00:00 | L68: 08:00 | M68: 13 | N68: TRUE | O68: 520
A69: 45515 | B69: Neděle | P69: 2 | S69: 14266 | T69: 9954 | U69: 16950 | V69: 11974 | W69: 0 | X69: 2373 | Y69: 6149 | Z69: 360 | AA69: 4760 | AB69: 65205 | AC69: 8 | AD69: 0.19551997 | AI69: 800 | AJ69: 0 | AK69: 0 | AL69: 4 | AM69: 9 min 15 s | AN69: 2 | AO69: 2
A70: 45516 | B70: Pondělí | C70: Trachtová Martina | D70: 10:00 | E70: 17:30 | G70: 07:30
A71: 45516 | B71: Pondělí | C71: Hanakova Ayuna | D71: 17:00 | E71: 00:00 | G71: 07:00
A72: 45516 | B72: Pondělí | C72: Gomez Antonio | D72: 17:00 | E72: 00:00 | G72: 07:00
A73: 45516 | B73: Pondělí | H73: Kormash Liubov | I73: 11:00 | J73: 18:00 | L73: 07:00 | M73: 9 | N73: TRUE | O73: 360
A74: 45516 | B74: Pondělí | H74: Jakub Zimmer | I74: 18:00 | J74: 00:00 | L74: 06:00 | M74: 9 | N74: TRUE | O74: 360
A75: 45516 | B75: Pondělí | P75: 5 | S75: 8460 | T75: 4941 | U75: 15978 | V75: 5899 | W75: 548 | X75: 1020 | Y75: 2894 | AA75: 4710 | AB75: 44143 | AC75: 7 | AD75: 0.35855323 | AI75: 720 | AJ75: 1 | AK75: 466 | AL75: 17 | AM75: 11 min 22 s | AN75: 2 | AO75: 4
A76: 45517 | B76: Úterý | C76: Michal Nedbal | D76: 10:00 | E76: 17:00 | G76: 07:00
A77: 45517 | B77: Úterý | C77: Trachtová Martina | D77: 17:00 | E77: 00:30 | G77: 07:30
A78: 45517 | B78: Úterý | C78: Gomez Antonio | D78: 17:00 | E78: 00:30 | G78: 07:30
A79: 45517 | B79: Úterý | H79: Novák Jakub | I79: 11:00 | J79: 17:00 | L79: 06:00 | M79: 6 | N79: TRUE | O79: 240
A80: 45517 | B80: Úterý | H80: Černohorský Otakar | I80: 17:00 | J80: 00:30 | L80: 07:30 | M80: 6
A81: 45517 | B81: Úterý | P81: 2 | S81: 7127 | T81: 4665 | U81: 13593 | V81: 7867 | W81: 0 | X81: 3915 | Z81: 2779 | AA81: 1480 | AB81: 43529.9 | AC81: 1.1 | AD81: 0.2937014 | AE81: 500 | AG81: 3780 | AH81: 1500 | AI81: 240 | AJ81: 2 | AK81: 886 | AL81: 5 | AM81: 15 min 28 s | AN81: 1 | AO81: 1
A82: 45518 | B82: Středa | C82: Veselý Ondřej | D82: 17:00 | E82: 00:00 | G82: 07:00
A83: 45518 | B83: Středa | C83: Hanakova Ayuna | D83: 10:00 | E83: 17:30 | G83: 07:30
A84: 45518 | B84: Středa | C84: Pechová Barbora | D84: 18:00 | E84: 0:00 | G84: 06:00
A85: 45518 | B85: Středa | H85: Kormash Liubov | I85: 19:00 | J85: 0:00 | L85: 05:00 | M85: 7 | N85: TRUE | O85: 280
A86: 45518 | B86: Středa | H86: Čerešňák Michal | I86: 11:00 | J86: 18:00 | L86: 07:00 | M86: 11 | N86: TRUE | O86: 440
A87: 45518 | B87: Středa | P87: 7 | S87: 9539 | T87: 3348 | U87: 17816 | V87: 10822 | W87: 368 | X87: 538 | Y87: 4553 | AA87: 4105 | AB87: 51269.5 | AC87: 1.5 | AD87: 0.2599929 | AI87: 720 | AJ87: 3 | AK87: 767 | AL87: 5 | AM87: 10 min 52 s | AN87: 2 | AO87: 7
A88: 45519 | B88: Čtvrtek | C88: Veselý Ondřej | D88: 17:00 | E88: 0:00 | G88: 07:00
A89: 45519 | B89: Čtvrtek | C89: Michal Nedbal | D89: 10:00 | E89: 00:00 | G89: 14:00
A90: 45519 | B90: Čtvrtek | H90: Novák Jakub | I90: 11:00 | J90: 18:30 | L90: 07:30 | M90: 7 | N90: TRUE | O90: 280
A91: 45519 | B91: Čtvrtek | H91: Lažek Jaroslav | I91: 17:00 | J91: 00:00 | L91: 07:00 | M91: 14 | N91: TRUE | O91: 560
A92: 45519 | B92: Čtvrtek | P92: 1 | S92: 5535 | T92: 8580 | U92: 14640 | V92: 13204 | W92: 0 | X92: 4145 | Y92: 919 | AA92: 4862 | AB92: 48580 | AC92: 0 | AD92: 0.19856849 | AI92: 840 | AJ92: 0 | AK92: 0 | AL92: 1 | AM92: 9 min 36 s | AN92: 2 | AO92: 1
A93: 45520 | B93: Pátek | C93: Michal Nedbal | D93: 17:00 | E93: 01:00 | G93: 08:00
A94: 45520 | B94: Pátek | C94: Veselý Ondřej | D94: 10:00 | E94: 23:00 | G94: 13:00
A95: 45520 | B95: Pátek | C95: Gomez Antonio | D95: 10:00 | E95: 18:00 | G95: 08:00
A96: 45520 | B96: Pátek | C96: Pechová Barbora | D96: 18:00 | E96: 01:00 | G96: 07:00
A97: 45520 | B97: Pátek | H97: Kormash Liubov | I97: 11:00 | J97: 17:00 | L97: 06:00 | M97: 19 | N97: TRUE | O97: 760
A98: 45520 | B98: Pátek | P98: 1 | S98: 11627 | T98: 11185 | U98: 19934 | V98: 14587 | W98: 0 | X98: 841 | Y98: 3949 | AA98: 3350 | AB98: 65671.5 | AC98: 0.5 | AD98: 0.17034984 | AH98: 280 | AI98: 760 | AJ98: 3 | AK98: 892 | AL98: 6 | AM98: 12 min 21 s | AN98: 1 | AO98: 0
A99: 45521 | B99: Sobota | C99: Michal Nedbal | D99: 10:00 | E99: 1:00 | G99: 15:00
A100: 45521 | B100: Sobota | C100: Veselý Ondřej | D100: 17:00 | E100: 1:00 | G100: 08:00
...

Sheet Report
B1: Zličín | C1: Datum | D1: 46204 | F1: COL | I1: Tržba | L1: Online Platby
F2: =IFERROR(__xludf.DUMMYFUNCTION("IF(I2>0, 100 / (I2 / 112 * 100 / ((SUM(A12:A21, A25:A31) + (M17 + I32) + IFERROR(SUM(FILTER(HR!W5:W48, LEN(HR!A5:A48) > 0)), 0)) / 100)), ""Zadej tržbu"") "),"Zadej tržbu") -> Zadej tržbu | I2: =SUMIFS(RestiaCSV!C:C, RestiaCSV!B:B, "<>canceled", RestiaCSV!B:B, "<>expired") -> 0 | L2: Wolt | M2: =SUMIFS(RestiaCSV!C:C, RestiaCSV!A:A, Report!L2, RestiaCSV!B:B, "<>canceled", RestiaCSV!B:B, "<>expired") -> 0
B3: =CHOOSE(WEEKDAY(D1), "Neděle", "Pondělí", "Úterý", "Středa", "Čtvrtek", "Pátek", "Sobota") -> Středa | L3: Bolt | M3: =SUMIFS(RestiaCSV!C:C, RestiaCSV!A:A, Report!L3, RestiaCSV!B:B, "<>canceled") -> 0
L4: Dáme jídlo | M4: =SUMIFS(RestiaCSV!C:C, RestiaCSV!A:A, "damejidlo", RestiaCSV!G:G, "online", RestiaCSV!B:B, "<>canceled") -> 0
B5: Napiš vzkaz ⬇️ 📖 Deník 📖 ⬇️ Včerejší vzkaz | L5: Web | M5: =SUMIFS(RestiaCSV!C:C, RestiaCSV!A:A, "generic", RestiaCSV!G:G, "online", RestiaCSV!B:B, "<>canceled") -> 0
L6: Wolt drive cash | M6: =SUMIFS(RestiaCSV!C:C, RestiaCSV!E:E, "wolt kurýr", RestiaCSV!A:A, "<>wolt", RestiaCSV!G:G, "cash", RestiaCSV!B:B, "<>canceled") -> 0
L7: DJ Cash | M7: =SUMIFS(RestiaCSV!C:C, RestiaCSV!A:A, "damejidlo", RestiaCSV!G:G, "cash", RestiaCSV!B:B, "<>canceled") -> 0
L8: Hotovost
L9: Terminál
B10: Instor | G10: Otevíral | J10: Pokladna | L10: Stravenky
B11: Jméno | C11: Začátek směny | D11: Konec směny | E11: pauza | F11: Počet hodin | J11: =M2+M3+M4+M5+M6+M13+M14+M15+M16+M17+M9+M10+M11-I2 -> 0 | L11: Hotovost
A12: {=IF(ISBLANK(B12), 0, IF(ISNUMBER(MATCH(B12, HR!A:A, 0)), 0, IF(ISNUMBER(MATCH(B12, HR!B:B, 0)), INDEX(HR!V:V, MATCH(B12, HR!B:B, 0)) * (F12 * 24), 0)))} -> 0 | F12: =IF(OR(ISBLANK(B12), ISBLANK(D12), D12=0), "0:00", TEXT((IF(AND(TIMEVALUE(IF(ISBLANK(D12), "00:00", D12))>=TIMEVALUE("00:00"), TIMEVALUE(IF(ISBLANK(D12), "00:00", D12))<=TIMEVALUE("06:00")), TIMEVALUE(IF(ISBLANK(D12), "00:00", D12))+1, TIMEVALUE(IF(ISBLANK(D12), "00:00", D12))) - TIMEVALUE(IF(ISBLANK(C12), "00:00", C12)) - TIMEVALUE(IF(ISBLANK(E12), "00:00", E12))), "hh:mm")) -> 0:00 | L12: Výdaje
A13: {=IF(ISBLANK(#REF!), 0, IF(ISNUMBER(MATCH(#REF!, HR!A:A, 0)), 0, IF(ISNUMBER(MATCH(#REF!, HR!B:B, 0)), INDEX(HR!V:V, MATCH(#REF!, HR!B:B, 0)) * (F13 * 24), 0)))} -> 0 | F13: =IF(OR(ISBLANK(B13), ISBLANK(D14), D14=0), "0:00", TEXT((IF(AND(TIMEVALUE(IF(ISBLANK(D14), "00:00", D14))>=TIMEVALUE("00:00"), TIMEVALUE(IF(ISBLANK(D14), "00:00", D14))<=TIMEVALUE("06:00")), TIMEVALUE(IF(ISBLANK(D14), "00:00", D14))+1, TIMEVALUE(IF(ISBLANK(D14), "00:00", D14))) - TIMEVALUE(IF(ISBLANK(C13), "00:00", C13)) - TIMEVALUE(IF(ISBLANK(E13), "00:00", E13))), "hh:mm")) -> 0:00 | L13: Benzín
A14: {=IF(ISBLANK(B14), 0, IF(ISNUMBER(MATCH(B14, HR!A:A, 0)), 0, IF(ISNUMBER(MATCH(B14, HR!B:B, 0)), INDEX(HR!V:V, MATCH(B14, HR!B:B, 0)) * (F14 * 24), 0)))} -> 0 | F14: =IF(OR(ISBLANK(B14), ISBLANK(D15), D15=0), "0:00", TEXT((IF(AND(TIMEVALUE(IF(ISBLANK(D15), "00:00", D15))>=TIMEVALUE("00:00"), TIMEVALUE(IF(ISBLANK(D15), "00:00", D15))<=TIMEVALUE("06:00")), TIMEVALUE(IF(ISBLANK(D15), "00:00", D15))+1, TIMEVALUE(IF(ISBLANK(D15), "00:00", D15))) - TIMEVALUE(IF(ISBLANK(C14), "00:00", C14)) - TIMEVALUE(IF(ISBLANK(E14), "00:00", E14))), "hh:mm")) -> 0:00 | L14: Auta
A15: {=IF(ISBLANK(B15), 0, IF(ISNUMBER(MATCH(B15, HR!A:A, 0)), 0, IF(ISNUMBER(MATCH(B15, HR!B:B, 0)), INDEX(HR!V:V, MATCH(B15, HR!B:B, 0)) * (F15 * 24), 0)))} -> 0 | F15: =IF(OR(ISBLANK(B15), ISBLANK(D16), D16=0), "0:00", TEXT((IF(AND(TIMEVALUE(IF(ISBLANK(D16), "00:00", D16))>=TIMEVALUE("00:00"), TIMEVALUE(IF(ISBLANK(D16), "00:00", D16))<=TIMEVALUE("06:00")), TIMEVALUE(IF(ISBLANK(D16), "00:00", D16))+1, TIMEVALUE(IF(ISBLANK(D16), "00:00", D16))) - TIMEVALUE(IF(ISBLANK(C15), "00:00", C15)) - TIMEVALUE(IF(ISBLANK(E15), "00:00", E15))), "hh:mm")) -> 0:00 | L15: Suroviny
A16: {=IF(ISBLANK(B16), 0, IF(ISNUMBER(MATCH(B16, HR!A:A, 0)), 0, IF(ISNUMBER(MATCH(B16, HR!B:B, 0)), INDEX(HR!V:V, MATCH(B16, HR!B:B, 0)) * (F16 * 24), 0)))} -> 0 | F16: =IF(OR(ISBLANK(B16), ISBLANK(D17), D17=0), "0:00", TEXT((IF(AND(TIMEVALUE(IF(ISBLANK(D17), "00:00", D17))>=TIMEVALUE("00:00"), TIMEVALUE(IF(ISBLANK(D17), "00:00", D17))<=TIMEVALUE("06:00")), TIMEVALUE(IF(ISBLANK(D17), "00:00", D17))+1, TIMEVALUE(IF(ISBLANK(D17), "00:00", D17))) - TIMEVALUE(IF(ISBLANK(C16), "00:00", C16)) - TIMEVALUE(IF(ISBLANK(E16), "00:00", E16))), "hh:mm")) -> 0:00 | L16: Ostatní
A17: {=IF(ISBLANK(B17), 0, IF(ISNUMBER(MATCH(B17, HR!A:A, 0)), 0, IF(ISNUMBER(MATCH(B17, HR!B:B, 0)), INDEX(HR!V:V, MATCH(B17, HR!B:B, 0)) * (F17 * 24), 0)))} -> 0 | F17: =IF(OR(ISBLANK(B17), ISBLANK(D17), D17=0), "0:00", TEXT((IF(AND(TIMEVALUE(IF(ISBLANK(D17), "00:00", D17))>=TIMEVALUE("00:00"), TIMEVALUE(IF(ISBLANK(D17), "00:00", D17))<=TIMEVALUE("06:00")), TIMEVALUE(IF(ISBLANK(D17), "00:00", D17))+1, TIMEVALUE(IF(ISBLANK(D17), "00:00", D17))) - TIMEVALUE(IF(ISBLANK(C17), "00:00", C17)) - TIMEVALUE(IF(ISBLANK(E17), "00:00", E17))), "hh:mm")) -> 0:00 | L17: PHM - soukromé | M17: =sum(I25:I31) -> 0
A18: {=IF(ISBLANK(B18), 0, IF(ISNUMBER(MATCH(B18, HR!A:A, 0)), 0, IF(ISNUMBER(MATCH(B18, HR!B:B, 0)), INDEX(HR!V:V, MATCH(B18, HR!B:B, 0)) * (F18 * 24), 0)))} -> 0 | F18: =IF(OR(ISBLANK(B18), ISBLANK(D18), D18=0), "0:00", TEXT((IF(AND(TIMEVALUE(IF(ISBLANK(D18), "00:00", D18))>=TIMEVALUE("00:00"), TIMEVALUE(IF(ISBLANK(D18), "00:00", D18))<=TIMEVALUE("06:00")), TIMEVALUE(IF(ISBLANK(D18), "00:00", D18))+1, TIMEVALUE(IF(ISBLANK(D18), "00:00", D18))) - TIMEVALUE(IF(ISBLANK(C18), "00:00", C18)) - TIMEVALUE(IF(ISBLANK(E18), "00:00", E18))), "hh:mm")) -> 0:00 | G18: Zavíral
A19: {=IF(ISBLANK(B19), 0, IF(ISNUMBER(MATCH(B19, HR!A:A, 0)), 0, IF(ISNUMBER(MATCH(B19, HR!B:B, 0)), INDEX(HR!V:V, MATCH(B19, HR!B:B, 0)) * (F19 * 24), 0)))} -> 0 | F19: =IF(OR(ISBLANK(B19), ISBLANK(D19), D19=0), "0:00", TEXT((IF(AND(TIMEVALUE(IF(ISBLANK(D19), "00:00", D19))>=TIMEVALUE("00:00"), TIMEVALUE(IF(ISBLANK(D19), "00:00", D19))<=TIMEVALUE("06:00")), TIMEVALUE(IF(ISBLANK(D19), "00:00", D19))+1, TIMEVALUE(IF(ISBLANK(D19), "00:00", D19))) - TIMEVALUE(IF(ISBLANK(C19), "00:00", C19)) - TIMEVALUE(IF(ISBLANK(E19), "00:00", E19))), "hh:mm")) -> 0:00
A20: {=IF(ISBLANK(B20), 0, IF(ISNUMBER(MATCH(B20, HR!A:A, 0)), 0, IF(ISNUMBER(MATCH(B20, HR!B:B, 0)), INDEX(HR!V:V, MATCH(B20, HR!B:B, 0)) * (F20 * 24), 0)))} -> 0 | F20: =IF(OR(ISBLANK(B20), ISBLANK(D20), D20=0), "0:00", TEXT((IF(AND(TIMEVALUE(IF(ISBLANK(D20), "00:00", D20))>=TIMEVALUE("00:00"), TIMEVALUE(IF(ISBLANK(D20), "00:00", D20))<=TIMEVALUE("06:00")), TIMEVALUE(IF(ISBLANK(D20), "00:00", D20))+1, TIMEVALUE(IF(ISBLANK(D20), "00:00", D20))) - TIMEVALUE(IF(ISBLANK(C20), "00:00", C20)) - TIMEVALUE(IF(ISBLANK(E20), "00:00", E20))), "hh:mm")) -> 0:00
A21: {=IF(ISBLANK(B21), 0, IF(ISNUMBER(MATCH(B21, HR!A:A, 0)), 0, IF(ISNUMBER(MATCH(B21, HR!B:B, 0)), INDEX(HR!V:V, MATCH(B21, HR!B:B, 0)) * (F21 * 24), 0)))} -> 0 | F21: =IF(OR(ISBLANK(B21), ISBLANK(D21), D21=0), "0:00", TEXT((IF(AND(TIMEVALUE(IF(ISBLANK(D21), "00:00", D21))>=TIMEVALUE("00:00"), TIMEVALUE(IF(ISBLANK(D21), "00:00", D21))<=TIMEVALUE("06:00")), TIMEVALUE(IF(ISBLANK(D21), "00:00", D21))+1, TIMEVALUE(IF(ISBLANK(D21), "00:00", D21))) - TIMEVALUE(IF(ISBLANK(C21), "00:00", C21)) - TIMEVALUE(IF(ISBLANK(E21), "00:00", E21))), "hh:mm")) -> 0:00
J22: Zrušené obj. ks | K22: Zrušené obj. $ | L22: Počet zpožděných našich rozvozů +5 min | M22: Průměrný make Time
B23: Kurýr | J23: =COUNTIF(RestiaCSV!B:B, "canceled") -> 0 | K23: =SUMIF(RestiaCSV!B:B, "canceled", RestiaCSV!C:C) -> 0 | L23: =COUNTIFS(RestiaCSV!L:L, ">5", RestiaCSV!F:F, "delivery") -> 0 | M23: =INT(AVERAGEIFS(RestiaCSV!N:N, RestiaCSV!N:N, ">=5", RestiaCSV!N:N, "<=30")) & " min " & TEXT(MOD(AVERAGEIFS(RestiaCSV!N:N, RestiaCSV!N:N, ">=5", RestiaCSV!N:N, "<=30") * 60, 60), "00") & " s" -> #DIV/0!
B24: Jméno | C24: Začátek směny | D24: Konec směny | E24: pauza | F24: Počet hodin | G24: Počet rozvozů | H24: Vlastní vůz | I24: Vyplatit PHM | J24: počet výdajových dokadů | K24: Počet nezrušených celkem | L24: Počet našich rozvozů | M24: Počet pozdě přiřazeným WoltDrive 5+
A25: {=IF(ISBLANK(B25), 0, IF(ISNUMBER(MATCH(B25, HR!A:A, 0)), 0, IF(ISNUMBER(MATCH(B25, HR!B:B, 0)), INDEX(HR!V:V, MATCH(B25, HR!B:B, 0)) * (F25 * 24), 0)))} -> 0 | F25: =IF(OR(ISBLANK(B25), ISBLANK(D25), D25=0), "0:00", TEXT((IF(AND(TIMEVALUE(IF(ISBLANK(D25), "00:00", D25))>=TIMEVALUE("00:00"), TIMEVALUE(IF(ISBLANK(D25), "00:00", D25))<=TIMEVALUE("06:00")), TIMEVALUE(IF(ISBLANK(D25), "00:00", D25))+1, TIMEVALUE(IF(ISBLANK(D25), "00:00", D25))) - TIMEVALUE(IF(ISBLANK(C25), "00:00", C25)) - TIMEVALUE(IF(ISBLANK(E25), "00:00", E25))), "hh:mm")) -> 0:00 | G25: =COUNTIF(RestiaCSV!E:E, B25) -> 0 | H25: TRUE | I25: =IF(H25,G25*45, 0) -> 0
A26: {=IF(ISBLANK(B26), 0, IF(ISNUMBER(MATCH(B26, HR!A:A, 0)), 0, IF(ISNUMBER(MATCH(B26, HR!B:B, 0)), INDEX(HR!V:V, MATCH(B26, HR!B:B, 0)) * (F26 * 24), 0)))} -> 0 | F26: =IF(OR(ISBLANK(B26), ISBLANK(D26), D26=0), "0:00", TEXT((IF(AND(TIMEVALUE(IF(ISBLANK(D26), "00:00", D26))>=TIMEVALUE("00:00"), TIMEVALUE(IF(ISBLANK(D26), "00:00", D26))<=TIMEVALUE("06:00")), TIMEVALUE(IF(ISBLANK(D26), "00:00", D26))+1, TIMEVALUE(IF(ISBLANK(D26), "00:00", D26))) - TIMEVALUE(IF(ISBLANK(C26), "00:00", C26)) - TIMEVALUE(IF(ISBLANK(E26), "00:00", E26))), "hh:mm")) -> 0:00 | G26: =COUNTIF(RestiaCSV!E:E, B26) -> 0 | H26: TRUE | I26: =IF(H26,G26*45, 0) -> 0 | J26: =COUNTIF(I25:I31, ">0") -> 0 | K26: =IFERROR(__xludf.DUMMYFUNCTION("COUNTA(FILTER(RestiaCSV!B2:B32, RestiaCSV!B2:B32 <> ""canceled""))"),0.0) -> 0 | L26: =COUNTIF(RestiaCSV!F1:F32, "delivery") -> 0 | M26: =COUNTIFS(RestiaCSV!M:M, ">5",RestiaCSV!A:A, "<>wolt") -> 0
A27: {=IF(ISBLANK(B27), 0, IF(ISNUMBER(MATCH(B27, HR!A:A, 0)), 0, IF(ISNUMBER(MATCH(B27, HR!B:B, 0)), INDEX(HR!V:V, MATCH(B27, HR!B:B, 0)) * (F27 * 24), 0)))} -> 0 | F27: =IF(OR(ISBLANK(B27), ISBLANK(D27), D27=0), "0:00", TEXT((IF(AND(TIMEVALUE(IF(ISBLANK(D27), "00:00", D27))>=TIMEVALUE("00:00"), TIMEVALUE(IF(ISBLANK(D27), "00:00", D27))<=TIMEVALUE("06:00")), TIMEVALUE(IF(ISBLANK(D27), "00:00", D27))+1, TIMEVALUE(IF(ISBLANK(D27), "00:00", D27))) - TIMEVALUE(IF(ISBLANK(C27), "00:00", C27)) - TIMEVALUE(IF(ISBLANK(E27), "00:00", E27))), "hh:mm")) -> 0:00 | G27: =COUNTIF(RestiaCSV!E:E, B27) -> 0 | H27: TRUE | I27: =IF(H27,G27*45, 0) -> 0 | J27: Woltrdive zpožděný kvůli našemu pozdnímu přiřazení | L27: % zpožděných našich rozvozů +5 min | M27: Počet zpožděných Woltdrivem
A28: {=IF(ISBLANK(B28), 0, IF(ISNUMBER(MATCH(B28, HR!A:A, 0)), 0, IF(ISNUMBER(MATCH(B28, HR!B:B, 0)), INDEX(HR!V:V, MATCH(B28, HR!B:B, 0)) * (F28 * 24), 0)))} -> 0 | F28: =IF(OR(ISBLANK(B28), ISBLANK(D28), D28=0), "0:00", TEXT((IF(AND(TIMEVALUE(IF(ISBLANK(D28), "00:00", D28))>=TIMEVALUE("00:00"), TIMEVALUE(IF(ISBLANK(D28), "00:00", D28))<=TIMEVALUE("06:00")), TIMEVALUE(IF(ISBLANK(D28), "00:00", D28))+1, TIMEVALUE(IF(ISBLANK(D28), "00:00", D28))) - TIMEVALUE(IF(ISBLANK(C28), "00:00", C28)) - TIMEVALUE(IF(ISBLANK(E28), "00:00", E28))), "hh:mm")) -> 0:00 | G28: =COUNTIF(RestiaCSV!E:E, B28) -> 0 | H28: TRUE | I28: =IF(H28,G28*45, 0) -> 0
A29: {=IF(ISBLANK(B29), 0, IF(ISNUMBER(MATCH(B29, HR!A:A, 0)), 0, IF(ISNUMBER(MATCH(B29, HR!B:B, 0)), INDEX(HR!V:V, MATCH(B29, HR!B:B, 0)) * (F29 * 24), 0)))} -> 0 | F29: =IF(OR(ISBLANK(B29), ISBLANK(D29), D29=0), "0:00", TEXT((IF(AND(TIMEVALUE(IF(ISBLANK(D29), "00:00", D29))>=TIMEVALUE("00:00"), TIMEVALUE(IF(ISBLANK(D29), "00:00", D29))<=TIMEVALUE("06:00")), TIMEVALUE(IF(ISBLANK(D29), "00:00", D29))+1, TIMEVALUE(IF(ISBLANK(D29), "00:00", D29))) - TIMEVALUE(IF(ISBLANK(C29), "00:00", C29)) - TIMEVALUE(IF(ISBLANK(E29), "00:00", E29))), "hh:mm")) -> 0:00 | G29: =COUNTIF(RestiaCSV!E:E, B29) -> 0 | H29: TRUE | I29: =IF(H29,G29*45, 0) -> 0 | J29: =COUNTIFS(RestiaCSV!M:M, ">5", RestiaCSV!L:L, ">5") -> 0 | L29: =L23/L26 -> #DIV/0! | M29: =COUNTIFS(RestiaCSV!L:L, ">5", RestiaCSV!F:F, "delivery", RestiaCSV!E:E, "Wolt Kurýr") -> 0
A30: {=IF(ISBLANK(B30), 0, IF(ISNUMBER(MATCH(B30, HR!A:A, 0)), 0, IF(ISNUMBER(MATCH(B30, HR!B:B, 0)), INDEX(HR!V:V, MATCH(B30, HR!B:B, 0)) * (F30 * 24), 0)))} -> 0 | F30: =IF(OR(ISBLANK(B30), ISBLANK(D30), D30=0), "0:00", TEXT((IF(AND(TIMEVALUE(IF(ISBLANK(D30), "00:00", D30))>=TIMEVALUE("00:00"), TIMEVALUE(IF(ISBLANK(D30), "00:00", D30))<=TIMEVALUE("06:00")), TIMEVALUE(IF(ISBLANK(D30), "00:00", D30))+1, TIMEVALUE(IF(ISBLANK(D30), "00:00", D30))) - TIMEVALUE(IF(ISBLANK(C30), "00:00", C30)) - TIMEVALUE(IF(ISBLANK(E30), "00:00", E30))), "hh:mm")) -> 0:00 | G30: =COUNTIF(RestiaCSV!E:E, B30) -> 0 | H30: FALSE | I30: =IF(H30,G30*45, 0) -> 0 | L30: % doručených včas | M30: % zpožděných Woltdrivem
A31: {=IF(ISBLANK(B31), 0, IF(ISNUMBER(MATCH(B31, HR!A:A, 0)), 0, IF(ISNUMBER(MATCH(B31, HR!B:B, 0)), INDEX(HR!V:V, MATCH(B31, HR!B:B, 0)) * (F31 * 24), 0)))} -> 0 | F31: =IF(OR(ISBLANK(B31), ISBLANK(D31), D31=0), "0:00", TEXT((IF(AND(TIMEVALUE(IF(ISBLANK(D31), "00:00", D31))>=TIMEVALUE("00:00"), TIMEVALUE(IF(ISBLANK(D31), "00:00", D31))<=TIMEVALUE("06:00")), TIMEVALUE(IF(ISBLANK(D31), "00:00", D31))+1, TIMEVALUE(IF(ISBLANK(D31), "00:00", D31))) - TIMEVALUE(IF(ISBLANK(C31), "00:00", C31)) - TIMEVALUE(IF(ISBLANK(E31), "00:00", E31))), "hh:mm")) -> 0:00 | G31: =COUNTIF(RestiaCSV!E:E, B31) -> 0 | H31: FALSE | I31: =IF(H31,G31*45, 0) -> 0
B32: Wolt Kurýr | C32: Wolt drive | G32: =COUNTIFS(RestiaCSV!E:E, "wolt kurýr", RestiaCSV!A:A, "<>wolt") -> 0 | H32: TRUE | I32: =G32*127 -> 0 | L32: =100%-L29 -> #DIV/0! | M32: =M29/L26 -> #DIV/0!

Sheet Kontrola
B1: =Report!B1 -> Zličín | C1: 46203 | D1: Vyber datum <----------> | E1: 46203 | F1: COL | I1: Tržba | L1: Online Platby
F2: 0.25513576 | I2: 56034.9 | L2: Wolt | M2: 14732
B3: =CHOOSE(WEEKDAY(C1), "Neděle", "Pondělí", "Úterý", "Středa", "Čtvrtek", "Pátek", "Sobota") -> Úterý | L3: Bolt | M3: 2754
L4: Dáme jídlo | M4: 18024.8
B5: Celkem hodin Instor | F5: Celkem hodin Kurýr | L5: Web | M5: 12263.4
L6: Wolt drive cash | M6: 0
B7: =TEXT(SUMPRODUCT((IFERROR(LEFT(D10:D30, FIND(":", D10:D30) - 1) * 60, 0) + IFERROR(MID(D10:D30, FIND(":", D10:D30) + 1, LEN(D10:D30) - FIND(":", D10:D30)), 0))), "[h]:mm")/60 -> 28 | F7: =TEXT(SUMPRODUCT((IFERROR(LEFT(H10:H30, FIND(":", H10:H30) - 1) * 60, 0) + IFERROR(MID(H10:H30, FIND(":", H10:H30) + 1, LEN(H10:H30) - FIND(":", H10:H30)), 0))), "[h]:mm")/60 -> 16 | L7: DJ Cash | M7: 2167.2
B8: Instor | F8: Kurýr | J8: Pokladna | L8: Hotovost
B9: Jméno | C9: Počet dní | D9: Počet hodin | F9: Jméno | G9: Počet dní | H9: Počet hodin | I9: Počet rozvozů | J9: 0.3 | L9: Terminál | M9: 4364
B10: Veselý Ondřej | C10: 1 | D10: 15:00 | E10: 29:00 | F10: Lowe Jana | G10: 1 | H10: 3:00 | I10: 3 | L10: Stravenky | M10: 200
B11: Pechová Barbora | C11: 1 | D11: 8:00 | E11: 23:00 | F11: Novák Jakub | G11: 1 | H11: 6:00 | I11: 5 | L11: Hotovost | M11: 1376
B12: Čerešňák Michal | C12: 1 | D12: 5:00 | E12: 13:00 | F12: Dragoun Alfréd | G12: 1 | H12: 7:00 | I12: 12 | L12: Výdaje
E13: 13:00 | L13: Benzín | M13: 0
E14: 7:00 | L14: Auta | M14: 0
E15: 7:00 | L15: Suroviny | M15: 1421
L16: Ostatní | M16: 0
L17: PHM - soukromé | M17: 900
J19: Zrušené obj. ks | K19: Zrušené obj. $ | L19: Počet zpožděných našich rozvozů +5 min | M19: Průměrný make Time
J21: 0 | K21: 0 | L21: 1 | M21: 12 min 01 s
J22: počet výdajových dokadů | K22: Počet nezrušených celkem | L22: Počet našich rozvozů | M22: Počet pozdě přiřazeným WoltDrive 5+
J24: 3 | K24: 138 | L24: 21 | M24: 1
J25: Woltrdive zpožděný kvůli našemu pozdnímu přiřazení | L25: % zpožděných našich rozvozů +5 min | M25: Počet zpožděných Woltdrivem
J27: 1 | L27: 0.047619048 | M27: 1
L28: % doručených včas | M28: % zpožděných Woltdrivem
L30: 0.95238095 | M30: 0.047619048

Sheet RestiaCSV

Sheet HR
C1: =IFERROR(__xludf.DUMMYFUNCTION("IMPORTRANGE(""1TpIiNTfR1pnpn85VWQTTdvQ2Xcr0GStmWJ2UvfKxG_A"", ""Mzdy!A1:F200"")")," ") | V1: =IFERROR(__xludf.DUMMYFUNCTION("IMPORTRANGE(""1TpIiNTfR1pnpn85VWQTTdvQ2Xcr0GStmWJ2UvfKxG_A"", ""Mzdy!ac1:ad200"")"),31.0) -> 31 | W1: =IFERROR(__xludf.DUMMYFUNCTION("""COMPUTED_VALUE"""),"dní") -> dní
A4: Manažeři | B4: Zamestnanci pobocky | C4: =IFERROR(__xludf.DUMMYFUNCTION("""COMPUTED_VALUE"""),"Manažer") -> Manažer | D4: =IFERROR(__xludf.DUMMYFUNCTION("""COMPUTED_VALUE"""),"Instore") -> Instore | E4: =IFERROR(__xludf.DUMMYFUNCTION("""COMPUTED_VALUE"""),"První domácí, Pobočky max 4") -> První domácí, Pobočky max 4 | V4: =IFERROR(__xludf.DUMMYFUNCTION("""COMPUTED_VALUE"""),"Sp.hr. / h") -> Sp.hr. / h | W4: =IFERROR(__xludf.DUMMYFUNCTION("""COMPUTED_VALUE"""),"Sp.hr. / den") -> Sp.hr. / den
A5: =IF(AND(B5<>"", C5=TRUE, E5=Report!$B$1), B5, "") -> Nedbal Michal | B5: =IF(OR(E5=Report!$B$1, F5=Report!$B$1, G5=Report!$B$1, H5=Report!$B$1), D5, "") -> Nedbal Michal | C5: =IFERROR(__xludf.DUMMYFUNCTION("""COMPUTED_VALUE"""),TRUE) -> TRUE | D5: =IFERROR(__xludf.DUMMYFUNCTION("""COMPUTED_VALUE"""),"Nedbal Michal") -> Nedbal Michal | E5: =IFERROR(__xludf.DUMMYFUNCTION("""COMPUTED_VALUE"""),"Zličín") -> Zličín | F5: =IFERROR(__xludf.DUMMYFUNCTION("""COMPUTED_VALUE"""),"Malešice") -> Malešice | G5: =IFERROR(__xludf.DUMMYFUNCTION("""COMPUTED_VALUE"""),"Prosek") -> Prosek | V5: =IFERROR(__xludf.DUMMYFUNCTION("""COMPUTED_VALUE"""),432.3078) -> 432.3078 | W5: =IFERROR(__xludf.DUMMYFUNCTION("""COMPUTED_VALUE"""),2789.082580645161) -> 2789.0826
A6: =IF(AND(B6<>"", C6=TRUE, E6=Report!$B$1), B6, "") | B6: =IF(OR(E6=Report!$B$1, F6=Report!$B$1, G6=Report!$B$1, H6=Report!$B$1), D6, "") | C6: =IFERROR(__xludf.DUMMYFUNCTION("""COMPUTED_VALUE"""),TRUE) -> TRUE | D6: =IFERROR(__xludf.DUMMYFUNCTION("""COMPUTED_VALUE"""),"Sova Martin") -> Sova Martin | E6: =IFERROR(__xludf.DUMMYFUNCTION("""COMPUTED_VALUE"""),"Chodov") -> Chodov | F6: =IFERROR(__xludf.DUMMYFUNCTION("""COMPUTED_VALUE"""),"Libuš") -> Libuš | G6: =IFERROR(__xludf.DUMMYFUNCTION("""COMPUTED_VALUE"""),"Výroba") -> Výroba | V6: =IFERROR(__xludf.DUMMYFUNCTION("""COMPUTED_VALUE"""),432.3078) -> 432.3078 | W6: =IFERROR(__xludf.DUMMYFUNCTION("""COMPUTED_VALUE"""),2789.082580645161) -> 2789.0826
A7: =IF(AND(B7<>"", C7=TRUE, E7=Report!$B$1), B7, "") | B7: =IF(OR(E7=Report!$B$1, F7=Report!$B$1, G7=Report!$B$1, H7=Report!$B$1), D7, "") | C7: =IFERROR(__xludf.DUMMYFUNCTION("""COMPUTED_VALUE"""),TRUE) -> TRUE | D7: =IFERROR(__xludf.DUMMYFUNCTION("""COMPUTED_VALUE"""),"Paziak Viktoriia") -> Paziak Viktoriia | E7: =IFERROR(__xludf.DUMMYFUNCTION("""COMPUTED_VALUE"""),"Výroba") -> Výroba | V7: =IFERROR(__xludf.DUMMYFUNCTION("""COMPUTED_VALUE"""),341.19) -> 341.19 | W7: =IFERROR(__xludf.DUMMYFUNCTION("""COMPUTED_VALUE"""),2201.2258064516127) -> 2201.2258
A8: =IF(AND(B8<>"", C8=TRUE, E8=Report!$B$1), B8, "") | B8: =IF(OR(E8=Report!$B$1, F8=Report!$B$1, G8=Report!$B$1, H8=Report!$B$1), D8, "") | C8: =IFERROR(__xludf.DUMMYFUNCTION("""COMPUTED_VALUE"""),FALSE) -> FALSE | D8: =IFERROR(__xludf.DUMMYFUNCTION("""COMPUTED_VALUE"""),"Ahurieva Viktoriia") -> Ahurieva Viktoriia | E8: =IFERROR(__xludf.DUMMYFUNCTION("""COMPUTED_VALUE"""),"Libuš") -> Libuš | F8: =IFERROR(__xludf.DUMMYFUNCTION("""COMPUTED_VALUE"""),"Malešice") -> Malešice | G8: =IFERROR(__xludf.DUMMYFUNCTION("""COMPUTED_VALUE"""),"Výroba") -> Výroba | H8: =IFERROR(__xludf.DUMMYFUNCTION("""COMPUTED_VALUE"""),"Prosek") -> Prosek | V8: =IFERROR(__xludf.DUMMYFUNCTION("""COMPUTED_VALUE"""),432.3078) -> 432.3078 | W8: =IFERROR(__xludf.DUMMYFUNCTION("""COMPUTED_VALUE"""),2789.082580645161) -> 2789.0826
A9: =IF(AND(B9<>"", C9=TRUE, E9=Report!$B$1), B9, "") | B9: =IF(OR(E9=Report!$B$1, F9=Report!$B$1, G9=Report!$B$1, H9=Report!$B$1), D9, "") | C9: =IFERROR(__xludf.DUMMYFUNCTION("""COMPUTED_VALUE"""),TRUE) -> TRUE | D9: =IFERROR(__xludf.DUMMYFUNCTION("""COMPUTED_VALUE"""),"Pešová Hana") -> Pešová Hana | E9: =IFERROR(__xludf.DUMMYFUNCTION("""COMPUTED_VALUE"""),"Chodov") -> Chodov | F9: =IFERROR(__xludf.DUMMYFUNCTION("""COMPUTED_VALUE"""),"Prosek") -> Prosek | V9: =IFERROR(__xludf.DUMMYFUNCTION("""COMPUTED_VALUE"""),341.19) -> 341.19 | W9: =IFERROR(__xludf.DUMMYFUNCTION("""COMPUTED_VALUE"""),2201.2258064516127) -> 2201.2258
A10: =IF(AND(B10<>"", C10=TRUE, E10=Report!$B$1), B10, "") | B10: =IF(OR(E10=Report!$B$1, F10=Report!$B$1, G10=Report!$B$1, H10=Report!$B$1), D10, "") | C10: =IFERROR(__xludf.DUMMYFUNCTION("""COMPUTED_VALUE"""),TRUE) -> TRUE | D10: =IFERROR(__xludf.DUMMYFUNCTION("""COMPUTED_VALUE"""),"Šebesta Tomáš") -> Šebesta Tomáš | E10: =IFERROR(__xludf.DUMMYFUNCTION("""COMPUTED_VALUE"""),"Prosek") -> Prosek | F10: =IFERROR(__xludf.DUMMYFUNCTION("""COMPUTED_VALUE"""),"Libuš") -> Libuš | G10: =IFERROR(__xludf.DUMMYFUNCTION("""COMPUTED_VALUE"""),"Malešice") -> Malešice | H10: =IFERROR(__xludf.DUMMYFUNCTION("""COMPUTED_VALUE"""),"Chodov") -> Chodov | V10: =IFERROR(__xludf.DUMMYFUNCTION("""COMPUTED_VALUE"""),432.3078) -> 432.3078 | W10: =IFERROR(__xludf.DUMMYFUNCTION("""COMPUTED_VALUE"""),2789.082580645161) -> 2789.0826
A11: =IF(AND(B11<>"", C11=TRUE, E11=Report!$B$1), B11, "") | B11: =IF(OR(E11=Report!$B$1, F11=Report!$B$1, G11=Report!$B$1, H11=Report!$B$1), D11, "") -> Hanakova Ayuna | C11: =IFERROR(__xludf.DUMMYFUNCTION("""COMPUTED_VALUE"""),FALSE) -> FALSE | D11: =IFERROR(__xludf.DUMMYFUNCTION("""COMPUTED_VALUE"""),"Hanakova Ayuna") -> Hanakova Ayuna | E11: =IFERROR(__xludf.DUMMYFUNCTION("""COMPUTED_VALUE"""),"Zličín") -> Zličín | V11: =IFERROR(__xludf.DUMMYFUNCTION("""COMPUTED_VALUE"""),295.698) -> 295.698 | W11: =IFERROR(__xludf.DUMMYFUNCTION("""COMPUTED_VALUE"""),0.0) -> 0
A12: =IF(AND(B12<>"", C12=TRUE, E12=Report!$B$1), B12, "") | B12: =IF(OR(E12=Report!$B$1, F12=Report!$B$1, G12=Report!$B$1, H12=Report!$B$1), D12, "") | C12: =IFERROR(__xludf.DUMMYFUNCTION("""COMPUTED_VALUE"""),FALSE) -> FALSE | D12: =IFERROR(__xludf.DUMMYFUNCTION("""COMPUTED_VALUE"""),"Vondráček Lukáš") -> Vondráček Lukáš | V12: =IFERROR(__xludf.DUMMYFUNCTION("""COMPUTED_VALUE"""),0.0) -> 0 | W12: =IFERROR(__xludf.DUMMYFUNCTION("""COMPUTED_VALUE"""),0.0) -> 0
A13: =IF(AND(B13<>"", C13=TRUE, E13=Report!$B$1), B13, "") -> Veselý Ondřej | B13: =IF(OR(E13=Report!$B$1, F13=Report!$B$1, G13=Report!$B$1, H13=Report!$B$1), D13, "") -> Veselý Ondřej | C13: =IFERROR(__xludf.DUMMYFUNCTION("""COMPUTED_VALUE"""),TRUE) -> TRUE | D13: =IFERROR(__xludf.DUMMYFUNCTION("""COMPUTED_VALUE"""),"Veselý Ondřej") -> Veselý Ondřej | E13: =IFERROR(__xludf.DUMMYFUNCTION("""COMPUTED_VALUE"""),"Zličín") -> Zličín | F13: =IFERROR(__xludf.DUMMYFUNCTION("""COMPUTED_VALUE"""),"Malešice") -> Malešice | V13: =IFERROR(__xludf.DUMMYFUNCTION("""COMPUTED_VALUE"""),341.19) -> 341.19 | W13: =IFERROR(__xludf.DUMMYFUNCTION("""COMPUTED_VALUE"""),2201.2258064516127) -> 2201.2258
A14: =IF(AND(B14<>"", C14=TRUE, E14=Report!$B$1), B14, "") | B14: =IF(OR(E14=Report!$B$1, F14=Report!$B$1, G14=Report!$B$1, H14=Report!$B$1), D14, "") | C14: =IFERROR(__xludf.DUMMYFUNCTION("""COMPUTED_VALUE"""),FALSE) -> FALSE | D14: =IFERROR(__xludf.DUMMYFUNCTION("""COMPUTED_VALUE"""),"Coufal Jakub") -> Coufal Jakub | E14: =IFERROR(__xludf.DUMMYFUNCTION("""COMPUTED_VALUE"""),"Libuš") -> Libuš | F14: =IFERROR(__xludf.DUMMYFUNCTION("""COMPUTED_VALUE"""),"Malešice") -> Malešice | G14: =IFERROR(__xludf.DUMMYFUNCTION("""COMPUTED_VALUE"""),"Prosek") -> Prosek | V14: =IFERROR(__xludf.DUMMYFUNCTION("""COMPUTED_VALUE"""),250.20600000000002) -> 250.206 | W14: =IFERROR(__xludf.DUMMYFUNCTION("""COMPUTED_VALUE"""),0.0) -> 0
A15: =IF(AND(B15<>"", C15=TRUE, E15=Report!$B$1), B15, "") | B15: =IF(OR(E15=Report!$B$1, F15=Report!$B$1, G15=Report!$B$1, H15=Report!$B$1), D15, "") | C15: =IFERROR(__xludf.DUMMYFUNCTION("""COMPUTED_VALUE"""),TRUE) -> TRUE | D15: =IFERROR(__xludf.DUMMYFUNCTION("""COMPUTED_VALUE"""),"Kinkorová Petra") -> Kinkorová Petra | E15: =IFERROR(__xludf.DUMMYFUNCTION("""COMPUTED_VALUE"""),"Malešice") -> Malešice | F15: =IFERROR(__xludf.DUMMYFUNCTION("""COMPUTED_VALUE"""),"Bolevec") -> Bolevec | V15: =IFERROR(__xludf.DUMMYFUNCTION("""COMPUTED_VALUE"""),341.19) -> 341.19 | W15: =IFERROR(__xludf.DUMMYFUNCTION("""COMPUTED_VALUE"""),2201.2258064516127) -> 2201.2258
A16: =IF(AND(B16<>"", C16=TRUE, E16=Report!$B$1), B16, "") | B16: =IF(OR(E16=Report!$B$1, F16=Report!$B$1, G16=Report!$B$1, H16=Report!$B$1), D16, "") | C16: =IFERROR(__xludf.DUMMYFUNCTION("""COMPUTED_VALUE"""),TRUE) -> TRUE | D16: =IFERROR(__xludf.DUMMYFUNCTION("""COMPUTED_VALUE"""),"Nováková Adéla") -> Nováková Adéla | E16: =IFERROR(__xludf.DUMMYFUNCTION("""COMPUTED_VALUE"""),"Prosek") -> Prosek | F16: =IFERROR(__xludf.DUMMYFUNCTION("""COMPUTED_VALUE"""),"Malešice") -> Malešice | V16: =IFERROR(__xludf.DUMMYFUNCTION("""COMPUTED_VALUE"""),341.19) -> 341.19 | W16: =IFERROR(__xludf.DUMMYFUNCTION("""COMPUTED_VALUE"""),2201.2258064516127) -> 2201.2258
A17: =IF(AND(B17<>"", C17=TRUE, E17=Report!$B$1), B17, "") | B17: =IF(OR(E17=Report!$B$1, F17=Report!$B$1, G17=Report!$B$1, H17=Report!$B$1), D17, "") -> Pechová Barbora | C17: =IFERROR(__xludf.DUMMYFUNCTION("""COMPUTED_VALUE"""),FALSE) -> FALSE | D17: =IFERROR(__xludf.DUMMYFUNCTION("""COMPUTED_VALUE"""),"Pechová Barbora") -> Pechová Barbora | E17: =IFERROR(__xludf.DUMMYFUNCTION("""COMPUTED_VALUE"""),"Zličín") -> Zličín | V17: =IFERROR(__xludf.DUMMYFUNCTION("""COMPUTED_VALUE"""),267.6) -> 267.6 | W17: =IFERROR(__xludf.DUMMYFUNCTION("""COMPUTED_VALUE"""),0.0) -> 0
A18: =IF(AND(B18<>"", C18=TRUE, E18=Report!$B$1), B18, "") | B18: =IF(OR(E18=Report!$B$1, F18=Report!$B$1, G18=Report!$B$1, H18=Report!$B$1), D18, "") -> Pánková Vendula | C18: =IFERROR(__xludf.DUMMYFUNCTION("""COMPUTED_VALUE"""),FALSE) -> FALSE | D18: =IFERROR(__xludf.DUMMYFUNCTION("""COMPUTED_VALUE"""),"Pánková Vendula") -> Pánková Vendula | E18: =IFERROR(__xludf.DUMMYFUNCTION("""COMPUTED_VALUE"""),"Zličín") -> Zličín | V18: =IFERROR(__xludf.DUMMYFUNCTION("""COMPUTED_VALUE"""),267.6) -> 267.6 | W18: =IFERROR(__xludf.DUMMYFUNCTION("""COMPUTED_VALUE"""),0.0) -> 0
A19: =IF(AND(B19<>"", C19=TRUE, E19=Report!$B$1), B19, "") | B19: =IF(OR(E19=Report!$B$1, F19=Report!$B$1, G19=Report!$B$1, H19=Report!$B$1), D19, "") -> Hegedüs Erik | C19: =IFERROR(__xludf.DUMMYFUNCTION("""COMPUTED_VALUE"""),TRUE) -> TRUE | D19: =IFERROR(__xludf.DUMMYFUNCTION("""COMPUTED_VALUE"""),"Hegedüs Erik") -> Hegedüs Erik | E19: =IFERROR(__xludf.DUMMYFUNCTION("""COMPUTED_VALUE"""),"Libuš") -> Libuš | F19: =IFERROR(__xludf.DUMMYFUNCTION("""COMPUTED_VALUE"""),"Chodov") -> Chodov | G19: =IFERROR(__xludf.DUMMYFUNCTION("""COMPUTED_VALUE"""),"Malešice") -> Malešice | H19: =IFERROR(__xludf.DUMMYFUNCTION("""COMPUTED_VALUE"""),"Zličín") -> Zličín | V19: =IFERROR(__xludf.DUMMYFUNCTION("""COMPUTED_VALUE"""),432.3078) -> 432.3078 | W19: =IFERROR(__xludf.DUMMYFUNCTION("""COMPUTED_VALUE"""),2789.082580645161) -> 2789.0826
A20: =IF(AND(B20<>"", C20=TRUE, E20=Report!$B$1), B20, "") | B20: =IF(OR(E20=Report!$B$1, F20=Report!$B$1, G20=Report!$B$1, H20=Report!$B$1), D20, "") | C20: =IFERROR(__xludf.DUMMYFUNCTION("""COMPUTED_VALUE"""),TRUE) -> TRUE | D20: =IFERROR(__xludf.DUMMYFUNCTION("""COMPUTED_VALUE"""),"Roth Stanislav ml.") -> Roth Stanislav ml. | E20: =IFERROR(__xludf.DUMMYFUNCTION("""COMPUTED_VALUE"""),"Bolevec") -> Bolevec | V20: =IFERROR(__xludf.DUMMYFUNCTION("""COMPUTED_VALUE"""),432.3078) -> 432.3078 | W20: =IFERROR(__xludf.DUMMYFUNCTION("""COMPUTED_VALUE"""),2789.082580645161) -> 2789.0826
A21: =IF(AND(B21<>"", C21=TRUE, E21=Report!$B$1), B21, "") | B21: =IF(OR(E21=Report!$B$1, F21=Report!$B$1, G21=Report!$B$1, H21=Report!$B$1), D21, "") | C21: =IFERROR(__xludf.DUMMYFUNCTION("""COMPUTED_VALUE"""),FALSE) -> FALSE | D21: =IFERROR(__xludf.DUMMYFUNCTION("""COMPUTED_VALUE"""),"Bubník Martin") -> Bubník Martin | E21: =IFERROR(__xludf.DUMMYFUNCTION("""COMPUTED_VALUE"""),"Libuš") -> Libuš | F21: =IFERROR(__xludf.DUMMYFUNCTION("""COMPUTED_VALUE"""),"Malešice") -> Malešice | V21: =IFERROR(__xludf.DUMMYFUNCTION("""COMPUTED_VALUE"""),267.6) -> 267.6 | W21: =IFERROR(__xludf.DUMMYFUNCTION("""COMPUTED_VALUE"""),0.0) -> 0
A22: =IF(AND(B22<>"", C22=TRUE, E22=Report!$B$1), B22, "") | B22: =IF(OR(E22=Report!$B$1, F22=Report!$B$1, G22=Report!$B$1, H22=Report!$B$1), D22, "") | C22: =IFERROR(__xludf.DUMMYFUNCTION("""COMPUTED_VALUE"""),FALSE) -> FALSE | D22: =IFERROR(__xludf.DUMMYFUNCTION("""COMPUTED_VALUE"""),"Berdar Vasyl") -> Berdar Vasyl | E22: =IFERROR(__xludf.DUMMYFUNCTION("""COMPUTED_VALUE"""),"Libuš") -> Libuš | V22: =IFERROR(__xludf.DUMMYFUNCTION("""COMPUTED_VALUE"""),286.332) -> 286.332 | W22: =IFERROR(__xludf.DUMMYFUNCTION("""COMPUTED_VALUE"""),0.0) -> 0
A23: =IF(AND(B23<>"", C23=TRUE, E23=Report!$B$1), B23, "") | B23: =IF(OR(E23=Report!$B$1, F23=Report!$B$1, G23=Report!$B$1, H23=Report!$B$1), D23, "") -> Yarushynskyi Vladyslav | C23: =IFERROR(__xludf.DUMMYFUNCTION("""COMPUTED_VALUE"""),FALSE) -> FALSE | D23: =IFERROR(__xludf.DUMMYFUNCTION("""COMPUTED_VALUE"""),"Yarushynskyi Vladyslav") -> Yarushynskyi Vladyslav | E23: =IFERROR(__xludf.DUMMYFUNCTION("""COMPUTED_VALUE"""),"Malešice") -> Malešice | F23: =IFERROR(__xludf.DUMMYFUNCTION("""COMPUTED_VALUE"""),"Chodov") -> Chodov | G23: =IFERROR(__xludf.DUMMYFUNCTION("""COMPUTED_VALUE"""),"Zličín") -> Zličín | H23: =IFERROR(__xludf.DUMMYFUNCTION("""COMPUTED_VALUE"""),"Prosek") -> Prosek | V23: =IFERROR(__xludf.DUMMYFUNCTION("""COMPUTED_VALUE"""),267.6) -> 267.6 | W23: =IFERROR(__xludf.DUMMYFUNCTION("""COMPUTED_VALUE"""),0.0) -> 0
A24: =IF(AND(B24<>"", C24=TRUE, E24=Report!$B$1), B24, "") | B24: =IF(OR(E24=Report!$B$1, F24=Report!$B$1, G24=Report!$B$1, H24=Report!$B$1), D24, "") | C24: =IFERROR(__xludf.DUMMYFUNCTION("""COMPUTED_VALUE"""),FALSE) -> FALSE | D24: =IFERROR(__xludf.DUMMYFUNCTION("""COMPUTED_VALUE"""),"Židek Petr") -> Židek Petr | E24: =IFERROR(__xludf.DUMMYFUNCTION("""COMPUTED_VALUE"""),"Chodov") -> Chodov | F24: =IFERROR(__xludf.DUMMYFUNCTION("""COMPUTED_VALUE"""),"Malešice") -> Malešice | V24: =IFERROR(__xludf.DUMMYFUNCTION("""COMPUTED_VALUE"""),250.20600000000002) -> 250.206 | W24: =IFERROR(__xludf.DUMMYFUNCTION("""COMPUTED_VALUE"""),0.0) -> 0
A25: =IF(AND(B25<>"", C25=TRUE, E25=Report!$B$1), B25, "") | B25: =IF(OR(E25=Report!$B$1, F25=Report!$B$1, G25=Report!$B$1, H25=Report!$B$1), D25, "") | C25: =IFERROR(__xludf.DUMMYFUNCTION("""COMPUTED_VALUE"""),FALSE) -> FALSE | D25: =IFERROR(__xludf.DUMMYFUNCTION("""COMPUTED_VALUE"""),"Gorol Patrik") -> Gorol Patrik | E25: =IFERROR(__xludf.DUMMYFUNCTION("""COMPUTED_VALUE"""),"Malešice") -> Malešice | F25: =IFERROR(__xludf.DUMMYFUNCTION("""COMPUTED_VALUE"""),"Libuš") -> Libuš | G25: =IFERROR(__xludf.DUMMYFUNCTION("""COMPUTED_VALUE"""),"Prosek") -> Prosek | V25: =IFERROR(__xludf.DUMMYFUNCTION("""COMPUTED_VALUE"""),231.474) -> 231.474 | W25: =IFERROR(__xludf.DUMMYFUNCTION("""COMPUTED_VALUE"""),0.0) -> 0
A26: =IF(AND(B26<>"", C26=TRUE, E26=Report!$B$1), B26, "") | B26: =IF(OR(E26=Report!$B$1, F26=Report!$B$1, G26=Report!$B$1, H26=Report!$B$1), D26, "") | C26: =IFERROR(__xludf.DUMMYFUNCTION("""COMPUTED_VALUE"""),FALSE) -> FALSE | D26: =IFERROR(__xludf.DUMMYFUNCTION("""COMPUTED_VALUE"""),"Hegedüs Gergö") -> Hegedüs Gergö | E26: =IFERROR(__xludf.DUMMYFUNCTION("""COMPUTED_VALUE"""),"Libuš") -> Libuš | V26: =IFERROR(__xludf.DUMMYFUNCTION("""COMPUTED_VALUE"""),214.08) -> 214.08 | W26: =IFERROR(__xludf.DUMMYFUNCTION("""COMPUTED_VALUE"""),0.0) -> 0
A27: =IF(AND(B27<>"", C27=TRUE, E27=Report!$B$1), B27, "") | B27: =IF(OR(E27=Report!$B$1, F27=Report!$B$1, G27=Report!$B$1, H27=Report!$B$1), D27, "") | C27: =IFERROR(__xludf.DUMMYFUNCTION("""COMPUTED_VALUE"""),FALSE) -> FALSE | D27: =IFERROR(__xludf.DUMMYFUNCTION("""COMPUTED_VALUE"""),"Barvínková Eliška") -> Barvínková Eliška | E27: =IFERROR(__xludf.DUMMYFUNCTION("""COMPUTED_VALUE"""),"Libuš") -> Libuš | V27: =IFERROR(__xludf.DUMMYFUNCTION("""COMPUTED_VALUE"""),231.474) -> 231.474 | W27: =IFERROR(__xludf.DUMMYFUNCTION("""COMPUTED_VALUE"""),0.0) -> 0
A28: =IF(AND(B28<>"", C28=TRUE, E28=Report!$B$1), B28, "") | B28: =IF(OR(E28=Report!$B$1, F28=Report!$B$1, G28=Report!$B$1, H28=Report!$B$1), D28, "") | C28: =IFERROR(__xludf.DUMMYFUNCTION("""COMPUTED_VALUE"""),FALSE) -> FALSE | D28: =IFERROR(__xludf.DUMMYFUNCTION("""COMPUTED_VALUE"""),"Kursheva Diana") -> Kursheva Diana | E28: =IFERROR(__xludf.DUMMYFUNCTION("""COMPUTED_VALUE"""),"Výroba") -> Výroba | F28: =IFERROR(__xludf.DUMMYFUNCTION("""COMPUTED_VALUE"""),"Chodov") -> Chodov | V28: =IFERROR(__xludf.DUMMYFUNCTION("""COMPUTED_VALUE"""),250.20600000000002) -> 250.206 | W28: =IFERROR(__xludf.DUMMYFUNCTION("""COMPUTED_VALUE"""),0.0) -> 0
A29: =IF(AND(B29<>"", C29=TRUE, E29=Report!$B$1), B29, "") | B29: =IF(OR(E29=Report!$B$1, F29=Report!$B$1, G29=Report!$B$1, H29=Report!$B$1), D29, "") | C29: =IFERROR(__xludf.DUMMYFUNCTION("""COMPUTED_VALUE"""),FALSE) -> FALSE | D29: =IFERROR(__xludf.DUMMYFUNCTION("""COMPUTED_VALUE"""),"Kubík Martin") -> Kubík Martin | E29: =IFERROR(__xludf.DUMMYFUNCTION("""COMPUTED_VALUE"""),"Libuš") -> Libuš | V29: =IFERROR(__xludf.DUMMYFUNCTION("""COMPUTED_VALUE"""),250.20600000000002) -> 250.206 | W29: =IFERROR(__xludf.DUMMYFUNCTION("""COMPUTED_VALUE"""),0.0) -> 0
A30: =IF(AND(B30<>"", C30=TRUE, E30=Report!$B$1), B30, "") | B30: =IF(OR(E30=Report!$B$1, F30=Report!$B$1, G30=Report!$B$1, H30=Report!$B$1), D30, "") -> Putna Jaroslav | C30: =IFERROR(__xludf.DUMMYFUNCTION("""COMPUTED_VALUE"""),FALSE) -> FALSE | D30: =IFERROR(__xludf.DUMMYFUNCTION("""COMPUTED_VALUE"""),"Putna Jaroslav") -> Putna Jaroslav | E30: =IFERROR(__xludf.DUMMYFUNCTION("""COMPUTED_VALUE"""),"Zličín") -> Zličín | F30: =IFERROR(__xludf.DUMMYFUNCTION("""COMPUTED_VALUE"""),"Prosek") -> Prosek | V30: =IFERROR(__xludf.DUMMYFUNCTION("""COMPUTED_VALUE"""),250.20600000000002) -> 250.206 | W30: =IFERROR(__xludf.DUMMYFUNCTION("""COMPUTED_VALUE"""),0.0) -> 0
A31: =IF(AND(B31<>"", C31=TRUE, E31=Report!$B$1), B31, "") | B31: =IF(OR(E31=Report!$B$1, F31=Report!$B$1, G31=Report!$B$1, H31=Report!$B$1), D31, "") | C31: =IFERROR(__xludf.DUMMYFUNCTION("""COMPUTED_VALUE"""),FALSE) -> FALSE | D31: =IFERROR(__xludf.DUMMYFUNCTION("""COMPUTED_VALUE"""),"Kopic Jakub") -> Kopic Jakub | E31: =IFERROR(__xludf.DUMMYFUNCTION("""COMPUTED_VALUE"""),"Malešice") -> Malešice | F31: =IFERROR(__xludf.DUMMYFUNCTION("""COMPUTED_VALUE"""),"Prosek") -> Prosek | G31: =IFERROR(__xludf.DUMMYFUNCTION("""COMPUTED_VALUE"""),"Libuš") -> Libuš | H31: =IFERROR(__xludf.DUMMYFUNCTION("""COMPUTED_VALUE"""),"Prosek") -> Prosek | V31: =IFERROR(__xludf.DUMMYFUNCTION("""COMPUTED_VALUE"""),250.20600000000002) -> 250.206 | W31: =IFERROR(__xludf.DUMMYFUNCTION("""COMPUTED_VALUE"""),0.0) -> 0
A32: =IF(AND(B32<>"", C32=TRUE, E32=Report!$B$1), B32, "") | B32: =IF(OR(E32=Report!$B$1, F32=Report!$B$1, G32=Report!$B$1, H32=Report!$B$1), D32, "") | C32: =IFERROR(__xludf.DUMMYFUNCTION("""COMPUTED_VALUE"""),FALSE) -> FALSE | D32: =IFERROR(__xludf.DUMMYFUNCTION("""COMPUTED_VALUE"""),"Fáberová Kateřina") -> Fáberová Kateřina | E32: =IFERROR(__xludf.DUMMYFUNCTION("""COMPUTED_VALUE"""),"Prosek") -> Prosek | V32: =IFERROR(__xludf.DUMMYFUNCTION("""COMPUTED_VALUE"""),250.20600000000002) -> 250.206 | W32: =IFERROR(__xludf.DUMMYFUNCTION("""COMPUTED_VALUE"""),0.0) -> 0
A33: =IF(AND(B33<>"", C33=TRUE, E33=Report!$B$1), B33, "") | B33: =IF(OR(E33=Report!$B$1, F33=Report!$B$1, G33=Report!$B$1, H33=Report!$B$1), D33, "") | C33: =IFERROR(__xludf.DUMMYFUNCTION("""COMPUTED_VALUE"""),FALSE) -> FALSE | D33: =IFERROR(__xludf.DUMMYFUNCTION("""COMPUTED_VALUE"""),"Chlubnová Adéla") -> Chlubnová Adéla | E33: =IFERROR(__xludf.DUMMYFUNCTION("""COMPUTED_VALUE"""),"Chodov") -> Chodov | V33: =IFERROR(__xludf.DUMMYFUNCTION("""COMPUTED_VALUE"""),250.20600000000002) -> 250.206 | W33: =IFERROR(__xludf.DUMMYFUNCTION("""COMPUTED_VALUE"""),0.0) -> 0
A34: =IF(AND(B34<>"", C34=TRUE, E34=Report!$B$1), B34, "") | B34: =IF(OR(E34=Report!$B$1, F34=Report!$B$1, G34=Report!$B$1, H34=Report!$B$1), D34, "") | C34: =IFERROR(__xludf.DUMMYFUNCTION("""COMPUTED_VALUE"""),FALSE) -> FALSE | D34: =IFERROR(__xludf.DUMMYFUNCTION("""COMPUTED_VALUE"""),"Prošek Václav") -> Prošek Václav | E34: =IFERROR(__xludf.DUMMYFUNCTION("""COMPUTED_VALUE"""),"Libuš") -> Libuš | V34: =IFERROR(__xludf.DUMMYFUNCTION("""COMPUTED_VALUE"""),250.20600000000002) -> 250.206 | W34: =IFERROR(__xludf.DUMMYFUNCTION("""COMPUTED_VALUE"""),0.0) -> 0
A35: =IF(AND(B35<>"", C35=TRUE, E35=Report!$B$1), B35, "") | B35: =IF(OR(E35=Report!$B$1, F35=Report!$B$1, G35=Report!$B$1, H35=Report!$B$1), D35, "") | C35: =IFERROR(__xludf.DUMMYFUNCTION("""COMPUTED_VALUE"""),FALSE) -> FALSE | D35: =IFERROR(__xludf.DUMMYFUNCTION("""COMPUTED_VALUE"""),"Millington Emmanuel") -> Millington Emmanuel | E35: =IFERROR(__xludf.DUMMYFUNCTION("""COMPUTED_VALUE"""),"Libuš") -> Libuš | V35: =IFERROR(__xludf.DUMMYFUNCTION("""COMPUTED_VALUE"""),250.20600000000002) -> 250.206 | W35: =IFERROR(__xludf.DUMMYFUNCTION("""COMPUTED_VALUE"""),0.0) -> 0
A36: =IF(AND(B36<>"", C36=TRUE, E36=Report!$B$1), B36, "") | B36: =IF(OR(E36=Report!$B$1, F36=Report!$B$1, G36=Report!$B$1, H36=Report!$B$1), D36, "") | C36: =IFERROR(__xludf.DUMMYFUNCTION("""COMPUTED_VALUE"""),FALSE) -> FALSE | D36: =IFERROR(__xludf.DUMMYFUNCTION("""COMPUTED_VALUE"""),"Kašpárek Jan") -> Kašpárek Jan | E36: =IFERROR(__xludf.DUMMYFUNCTION("""COMPUTED_VALUE"""),"Libuš") -> Libuš | V36: =IFERROR(__xludf.DUMMYFUNCTION("""COMPUTED_VALUE"""),250.20600000000002) -> 250.206 | W36: =IFERROR(__xludf.DUMMYFUNCTION("""COMPUTED_VALUE"""),0.0) -> 0
A37: =IF(AND(B37<>"", C37=TRUE, E37=Report!$B$1), B37, "") | B37: =IF(OR(E37=Report!$B$1, F37=Report!$B$1, G37=Report!$B$1, H37=Report!$B$1), D37, "") | C37: =IFERROR(__xludf.DUMMYFUNCTION("""COMPUTED_VALUE"""),FALSE) -> FALSE | D37: =IFERROR(__xludf.DUMMYFUNCTION("""COMPUTED_VALUE"""),"Koteliuk Maryna") -> Koteliuk Maryna | E37: =IFERROR(__xludf.DUMMYFUNCTION("""COMPUTED_VALUE"""),"Výroba") -> Výroba | V37: =IFERROR(__xludf.DUMMYFUNCTION("""COMPUTED_VALUE"""),250.20600000000002) -> 250.206 | W37: =IFERROR(__xludf.DUMMYFUNCTION("""COMPUTED_VALUE"""),0.0) -> 0
A38: =IF(AND(B38<>"", C38=TRUE, E38=Report!$B$1), B38, "") | B38: =IF(OR(E38=Report!$B$1, F38=Report!$B$1, G38=Report!$B$1, H38=Report!$B$1), D38, "") | C38: =IFERROR(__xludf.DUMMYFUNCTION("""COMPUTED_VALUE"""),FALSE) -> FALSE | D38: =IFERROR(__xludf.DUMMYFUNCTION("""COMPUTED_VALUE"""),"Remač Jiří") -> Remač Jiří | E38: =IFERROR(__xludf.DUMMYFUNCTION("""COMPUTED_VALUE"""),"Libuš") -> Libuš | V38: =IFERROR(__xludf.DUMMYFUNCTION("""COMPUTED_VALUE"""),250.20600000000002) -> 250.206 | W38: =IFERROR(__xludf.DUMMYFUNCTION("""COMPUTED_VALUE"""),0.0) -> 0
A39: =IF(AND(B39<>"", C39=TRUE, E39=Report!$B$1), B39, "") | B39: =IF(OR(E39=Report!$B$1, F39=Report!$B$1, G39=Report!$B$1, H39=Report!$B$1), D39, "") | C39: =IFERROR(__xludf.DUMMYFUNCTION("""COMPUTED_VALUE"""),FALSE) -> FALSE | V39: =IFERROR(__xludf.DUMMYFUNCTION("""COMPUTED_VALUE"""),0.0) -> 0 | W39: =IFERROR(__xludf.DUMMYFUNCTION("""COMPUTED_VALUE"""),0.0) -> 0
A40: =IF(AND(B40<>"", C40=TRUE, E40=Report!$B$1), B40, "") | B40: =IF(OR(E40=Report!$B$1, F40=Report!$B$1, G40=Report!$B$1, H40=Report!$B$1), D40, "") | C40: =IFERROR(__xludf.DUMMYFUNCTION("""COMPUTED_VALUE"""),FALSE) -> FALSE | V40: =IFERROR(__xludf.DUMMYFUNCTION("""COMPUTED_VALUE"""),0.0) -> 0 | W40: =IFERROR(__xludf.DUMMYFUNCTION("""COMPUTED_VALUE"""),0.0) -> 0
A41: =IF(AND(B41<>"", C41=TRUE, E41=Report!$B$1), B41, "") | B41: =IF(OR(E41=Report!$B$1, F41=Report!$B$1, G41=Report!$B$1, H41=Report!$B$1), D41, "") | C41: =IFERROR(__xludf.DUMMYFUNCTION("""COMPUTED_VALUE"""),FALSE) -> FALSE | V41: =IFERROR(__xludf.DUMMYFUNCTION("""COMPUTED_VALUE"""),0.0) -> 0 | W41: =IFERROR(__xludf.DUMMYFUNCTION("""COMPUTED_VALUE"""),0.0) -> 0
A42: =IF(AND(B42<>"", C42=TRUE, E42=Report!$B$1), B42, "") | B42: =IF(OR(E42=Report!$B$1, F42=Report!$B$1, G42=Report!$B$1, H42=Report!$B$1), D42, "") | C42: =IFERROR(__xludf.DUMMYFUNCTION("""COMPUTED_VALUE"""),FALSE) -> FALSE | V42: =IFERROR(__xludf.DUMMYFUNCTION("""COMPUTED_VALUE"""),0.0) -> 0 | W42: =IFERROR(__xludf.DUMMYFUNCTION("""COMPUTED_VALUE"""),0.0) -> 0
A43: =IF(AND(B43<>"", C43=TRUE, E43=Report!$B$1), B43, "") | B43: =IF(OR(E43=Report!$B$1, F43=Report!$B$1, G43=Report!$B$1, H43=Report!$B$1), D43, "") | C43: =IFERROR(__xludf.DUMMYFUNCTION("""COMPUTED_VALUE"""),FALSE) -> FALSE | V43: =IFERROR(__xludf.DUMMYFUNCTION("""COMPUTED_VALUE"""),0.0) -> 0 | W43: =IFERROR(__xludf.DUMMYFUNCTION("""COMPUTED_VALUE"""),0.0) -> 0
B44: =IF(OR(E44=Report!$B$1, F44=Report!$B$1, G44=Report!$B$1, H44=Report!$B$1), D44, "") | C44: =IFERROR(__xludf.DUMMYFUNCTION("""COMPUTED_VALUE"""),FALSE) -> FALSE | V44: =IFERROR(__xludf.DUMMYFUNCTION("""COMPUTED_VALUE"""),0.0) -> 0 | W44: =IFERROR(__xludf.DUMMYFUNCTION("""COMPUTED_VALUE"""),0.0) -> 0
B45: =IF(OR(E45=Report!$B$1, F45=Report!$B$1, G45=Report!$B$1, H45=Report!$B$1), D45, "") | C45: =IFERROR(__xludf.DUMMYFUNCTION("""COMPUTED_VALUE"""),FALSE) -> FALSE | V45: =IFERROR(__xludf.DUMMYFUNCTION("""COMPUTED_VALUE"""),0.0) -> 0 | W45: =IFERROR(__xludf.DUMMYFUNCTION("""COMPUTED_VALUE"""),0.0) -> 0
B46: =IF(OR(E46=Report!$B$1, F46=Report!$B$1, G46=Report!$B$1, H46=Report!$B$1), D46, "") | C46: =IFERROR(__xludf.DUMMYFUNCTION("""COMPUTED_VALUE"""),FALSE) -> FALSE | V46: =IFERROR(__xludf.DUMMYFUNCTION("""COMPUTED_VALUE"""),0.0) -> 0 | W46: =IFERROR(__xludf.DUMMYFUNCTION("""COMPUTED_VALUE"""),0.0) -> 0
B47: =IF(OR(E47=Report!$B$1, F47=Report!$B$1, G47=Report!$B$1, H47=Report!$B$1), D47, "") | C47: =IFERROR(__xludf.DUMMYFUNCTION("""COMPUTED_VALUE"""),FALSE) -> FALSE | V47: =IFERROR(__xludf.DUMMYFUNCTION("""COMPUTED_VALUE"""),0.0) -> 0 | W47: =IFERROR(__xludf.DUMMYFUNCTION("""COMPUTED_VALUE"""),0.0) -> 0
B48: =IF(OR(E48=Report!$B$1, F48=Report!$B$1, G48=Report!$B$1, H48=Report!$B$1), D48, "") | C48: =IFERROR(__xludf.DUMMYFUNCTION("""COMPUTED_VALUE"""),FALSE) -> FALSE | V48: =IFERROR(__xludf.DUMMYFUNCTION("""COMPUTED_VALUE"""),0.0) -> 0 | W48: =IFERROR(__xludf.DUMMYFUNCTION("""COMPUTED_VALUE"""),0.0) -> 0
B49: =IF(OR(E49=Report!$B$1, F49=Report!$B$1, G49=Report!$B$1, H49=Report!$B$1), D49, "") | C49: =IFERROR(__xludf.DUMMYFUNCTION("""COMPUTED_VALUE"""),FALSE) -> FALSE | V49: =IFERROR(__xludf.DUMMYFUNCTION("""COMPUTED_VALUE"""),0.0) -> 0 | W49: =IFERROR(__xludf.DUMMYFUNCTION("""COMPUTED_VALUE"""),0.0) -> 0
B50: =IF(OR(E50=Report!$B$1, F50=Report!$B$1, G50=Report!$B$1, H50=Report!$B$1), D50, "") | C50: =IFERROR(__xludf.DUMMYFUNCTION("""COMPUTED_VALUE"""),FALSE) -> FALSE | V50: =IFERROR(__xludf.DUMMYFUNCTION("""COMPUTED_VALUE"""),0.0) -> 0 | W50: =IFERROR(__xludf.DUMMYFUNCTION("""COMPUTED_VALUE"""),0.0) -> 0
B51: =IF(OR(E51=Report!$B$1, F51=Report!$B$1, G51=Report!$B$1, H51=Report!$B$1), D51, "") | C51: =IFERROR(__xludf.DUMMYFUNCTION("""COMPUTED_VALUE"""),FALSE) -> FALSE | V51: =IFERROR(__xludf.DUMMYFUNCTION("""COMPUTED_VALUE"""),0.0) -> 0 | W51: =IFERROR(__xludf.DUMMYFUNCTION("""COMPUTED_VALUE"""),0.0) -> 0
B52: =IF(OR(E52=Report!$B$1, F52=Report!$B$1, G52=Report!$B$1, H52=Report!$B$1), D52, "") | C52: =IFERROR(__xludf.DUMMYFUNCTION("""COMPUTED_VALUE"""),FALSE) -> FALSE | V52: =IFERROR(__xludf.DUMMYFUNCTION("""COMPUTED_VALUE"""),0.0) -> 0 | W52: =IFERROR(__xludf.DUMMYFUNCTION("""COMPUTED_VALUE"""),0.0) -> 0
B53: =IF(OR(E53=Report!$B$1, F53=Report!$B$1, G53=Report!$B$1, H53=Report!$B$1), D53, "") | C53: =IFERROR(__xludf.DUMMYFUNCTION("""COMPUTED_VALUE"""),FALSE) -> FALSE | V53: =IFERROR(__xludf.DUMMYFUNCTION("""COMPUTED_VALUE"""),0.0) -> 0 | W53: =IFERROR(__xludf.DUMMYFUNCTION("""COMPUTED_VALUE"""),0.0) -> 0
B54: =IF(OR(E54=Report!$B$1, F54=Report!$B$1, G54=Report!$B$1, H54=Report!$B$1), D54, "") | C54: =IFERROR(__xludf.DUMMYFUNCTION("""COMPUTED_VALUE"""),FALSE) -> FALSE | V54: =IFERROR(__xludf.DUMMYFUNCTION("""COMPUTED_VALUE"""),0.0) -> 0 | W54: =IFERROR(__xludf.DUMMYFUNCTION("""COMPUTED_VALUE"""),0.0) -> 0
B55: =IF(OR(E55=Report!$B$1, F55=Report!$B$1, G55=Report!$B$1, H55=Report!$B$1), D55, "") | C55: =IFERROR(__xludf.DUMMYFUNCTION("""COMPUTED_VALUE"""),FALSE) -> FALSE | V55: =IFERROR(__xludf.DUMMYFUNCTION("""COMPUTED_VALUE"""),0.0) -> 0 | W55: =IFERROR(__xludf.DUMMYFUNCTION("""COMPUTED_VALUE"""),0.0) -> 0
B56: =IF(OR(E56=Report!$B$1, F56=Report!$B$1, G56=Report!$B$1, H56=Report!$B$1), D56, "") | C56: =IFERROR(__xludf.DUMMYFUNCTION("""COMPUTED_VALUE"""),FALSE) -> FALSE | V56: =IFERROR(__xludf.DUMMYFUNCTION("""COMPUTED_VALUE"""),250.20600000000002) -> 250.206 | W56: =IFERROR(__xludf.DUMMYFUNCTION("""COMPUTED_VALUE"""),0.0) -> 0
B57: =IF(OR(E57=Report!$B$1, F57=Report!$B$1, G57=Report!$B$1, H57=Report!$B$1), D57, "") | C57: =IFERROR(__xludf.DUMMYFUNCTION("""COMPUTED_VALUE"""),FALSE) -> FALSE | V57: =IFERROR(__xludf.DUMMYFUNCTION("""COMPUTED_VALUE"""),0.0) -> 0 | W57: =IFERROR(__xludf.DUMMYFUNCTION("""COMPUTED_VALUE"""),0.0) -> 0
B58: =IF(OR(E58=Report!$B$1, F58=Report!$B$1, G58=Report!$B$1, H58=Report!$B$1), D58, "") | D58: =IFERROR(__xludf.DUMMYFUNCTION("""COMPUTED_VALUE"""),"End") -> End | V58: =IFERROR(__xludf.DUMMYFUNCTION("""COMPUTED_VALUE"""),0.0) -> 0 | W58: =IFERROR(__xludf.DUMMYFUNCTION("""COMPUTED_VALUE"""),0.0) -> 0
B59: =IF(OR(E59=Report!$B$1, F59=Report!$B$1, G59=Report!$B$1, H59=Report!$B$1), D59, "") | D59: =IFERROR(__xludf.DUMMYFUNCTION("""COMPUTED_VALUE"""),"Suma instor") -> Suma instor
B60: =IF(OR(E60=Report!$B$1, F60=Report!$B$1, G60=Report!$B$1, H60=Report!$B$1), D60, "")
B61: =IF(OR(E61=Report!$B$1, F61=Report!$B$1, G61=Report!$B$1, H61=Report!$B$1), D61, "")
B62: =IF(OR(E62=Report!$B$1, F62=Report!$B$1, G62=Report!$B$1, H62=Report!$B$1), D62, "")
B63: =IF(OR(E63=Report!$B$1, F63=Report!$B$1, G63=Report!$B$1, H63=Report!$B$1), D63, "")
B64: =IF(OR(E64=Report!$B$1, F64=Report!$B$1, G64=Report!$B$1, H64=Report!$B$1), D64, "")
B65: =IF(OR(E65=Report!$B$1, F65=Report!$B$1, G65=Report!$B$1, H65=Report!$B$1), D65, "")
B66: =IF(OR(E66=Report!$B$1, F66=Report!$B$1, G66=Report!$B$1, H66=Report!$B$1), D66, "")
B67: =IF(OR(E67=Report!$B$1, F67=Report!$B$1, G67=Report!$B$1, H67=Report!$B$1), D67, "")
B68: =IF(OR(E68=Report!$B$1, F68=Report!$B$1, G68=Report!$B$1, H68=Report!$B$1), D68, "")
B69: =IF(OR(E69=Report!$B$1, F69=Report!$B$1, G69=Report!$B$1, H69=Report!$B$1), D69, "")
B70: =IF(OR(E70=Report!$B$1, F70=Report!$B$1, G70=Report!$B$1, H70=Report!$B$1), D70, "")
B71: =IF(OR(E71=Report!$B$1, F71=Report!$B$1, G71=Report!$B$1, H71=Report!$B$1), D71, "")
... B73: =IF(OR(E73=Report!$B$1, F73=Report!$B$1, G73=Report!$B$1, H73=Report!$B$1), D73, "")
B74: =IF(OR(E74=Report!$B$1, F74=Report!$B$1, G74=Report!$B$1, H74=Report!$B$1), D74, "") | C74: =IFERROR(__xludf.DUMMYFUNCTION("""COMPUTED_VALUE"""),"Manažer") -> Manažer | D74: =IFERROR(__xludf.DUMMYFUNCTION("""COMPUTED_VALUE"""),"Kurýr") -> Kurýr | E74: =IFERROR(__xludf.DUMMYFUNCTION("""COMPUTED_VALUE"""),"První domácí, Pobočky max 4 ") -> První domácí, Pobočky max 4 | V74: =IFERROR(__xludf.DUMMYFUNCTION("""COMPUTED_VALUE"""),"Sp.hr. / h") -> Sp.hr. / h | W74: =IFERROR(__xludf.DUMMYFUNCTION("""COMPUTED_VALUE"""),"Sp.hr. / den") -> Sp.hr. / den
B75: =IF(OR(E75=Report!$B$1, F75=Report!$B$1, G75=Report!$B$1, H75=Report!$B$1), D75, "") | C75: =IFERROR(__xludf.DUMMYFUNCTION("""COMPUTED_VALUE"""),FALSE) -> FALSE | D75: =IFERROR(__xludf.DUMMYFUNCTION("""COMPUTED_VALUE"""),"Jurkovič Martin") -> Jurkovič Martin | E75: =IFERROR(__xludf.DUMMYFUNCTION("""COMPUTED_VALUE"""),"Libuš") -> Libuš | F75: =IFERROR(__xludf.DUMMYFUNCTION("""COMPUTED_VALUE"""),"Chodov") -> Chodov | G75: =IFERROR(__xludf.DUMMYFUNCTION("""COMPUTED_VALUE"""),"Malešice") -> Malešice | V75: =IFERROR(__xludf.DUMMYFUNCTION("""COMPUTED_VALUE"""),150.0) -> 150 | W75: =IFERROR(__xludf.DUMMYFUNCTION("""COMPUTED_VALUE"""),0.0) -> 0
B76: =IF(OR(E76=Report!$B$1, F76=Report!$B$1, G76=Report!$B$1, H76=Report!$B$1), D76, "") | C76: =IFERROR(__xludf.DUMMYFUNCTION("""COMPUTED_VALUE"""),FALSE) -> FALSE | D76: =IFERROR(__xludf.DUMMYFUNCTION("""COMPUTED_VALUE"""),"Navrátil Ondřej") -> Navrátil Ondřej | E76: =IFERROR(__xludf.DUMMYFUNCTION("""COMPUTED_VALUE"""),"Chodov") -> Chodov | V76: =IFERROR(__xludf.DUMMYFUNCTION("""COMPUTED_VALUE"""),267.6) -> 267.6 | W76: =IFERROR(__xludf.DUMMYFUNCTION("""COMPUTED_VALUE"""),0.0) -> 0
B77: =IF(OR(E77=Report!$B$1, F77=Report!$B$1, G77=Report!$B$1, H77=Report!$B$1), D77, "") -> Němec Filip | C77: =IFERROR(__xludf.DUMMYFUNCTION("""COMPUTED_VALUE"""),FALSE) -> FALSE | D77: =IFERROR(__xludf.DUMMYFUNCTION("""COMPUTED_VALUE"""),"Němec Filip") -> Němec Filip | E77: =IFERROR(__xludf.DUMMYFUNCTION("""COMPUTED_VALUE"""),"Zličín") -> Zličín | V77: =IFERROR(__xludf.DUMMYFUNCTION("""COMPUTED_VALUE"""),231.474) -> 231.474 | W77: =IFERROR(__xludf.DUMMYFUNCTION("""COMPUTED_VALUE"""),0.0) -> 0
B78: =IF(OR(E78=Report!$B$1, F78=Report!$B$1, G78=Report!$B$1, H78=Report!$B$1), D78, "") -> Zimmer Jakub | C78: =IFERROR(__xludf.DUMMYFUNCTION("""COMPUTED_VALUE"""),FALSE) -> FALSE | D78: =IFERROR(__xludf.DUMMYFUNCTION("""COMPUTED_VALUE"""),"Zimmer Jakub") -> Zimmer Jakub | E78: =IFERROR(__xludf.DUMMYFUNCTION("""COMPUTED_VALUE"""),"Zličín") -> Zličín | V78: =IFERROR(__xludf.DUMMYFUNCTION("""COMPUTED_VALUE"""),267.6) -> 267.6 | W78: =IFERROR(__xludf.DUMMYFUNCTION("""COMPUTED_VALUE"""),0.0) -> 0
B79: =IF(OR(E79=Report!$B$1, F79=Report!$B$1, G79=Report!$B$1, H79=Report!$B$1), D79, "") -> Nekolný Vladimír | C79: =IFERROR(__xludf.DUMMYFUNCTION("""COMPUTED_VALUE"""),FALSE) -> FALSE | D79: =IFERROR(__xludf.DUMMYFUNCTION("""COMPUTED_VALUE"""),"Nekolný Vladimír") -> Nekolný Vladimír | E79: =IFERROR(__xludf.DUMMYFUNCTION("""COMPUTED_VALUE"""),"Chodov") -> Chodov | F79: =IFERROR(__xludf.DUMMYFUNCTION("""COMPUTED_VALUE"""),"Libuš") -> Libuš | G79: =IFERROR(__xludf.DUMMYFUNCTION("""COMPUTED_VALUE"""),"Zličín") -> Zličín | V79: =IFERROR(__xludf.DUMMYFUNCTION("""COMPUTED_VALUE"""),231.474) -> 231.474 | W79: =IFERROR(__xludf.DUMMYFUNCTION("""COMPUTED_VALUE"""),0.0) -> 0
B80: =IF(OR(E80=Report!$B$1, F80=Report!$B$1, G80=Report!$B$1, H80=Report!$B$1), D80, "") | C80: =IFERROR(__xludf.DUMMYFUNCTION("""COMPUTED_VALUE"""),FALSE) -> FALSE | D80: =IFERROR(__xludf.DUMMYFUNCTION("""COMPUTED_VALUE"""),"Hanibal Filip") -> Hanibal Filip | E80: =IFERROR(__xludf.DUMMYFUNCTION("""COMPUTED_VALUE"""),"Malešice") -> Malešice | F80: =IFERROR(__xludf.DUMMYFUNCTION("""COMPUTED_VALUE"""),"Libuš") -> Libuš | G80: =IFERROR(__xludf.DUMMYFUNCTION("""COMPUTED_VALUE"""),"Prosek") -> Prosek | V80: =IFERROR(__xludf.DUMMYFUNCTION("""COMPUTED_VALUE"""),250.20600000000002) -> 250.206 | W80: =IFERROR(__xludf.DUMMYFUNCTION("""COMPUTED_VALUE"""),0.0) -> 0
B81: =IF(OR(E81=Report!$B$1, F81=Report!$B$1, G81=Report!$B$1, H81=Report!$B$1), D81, "") -> Novák Jakub | C81: =IFERROR(__xludf.DUMMYFUNCTION("""COMPUTED_VALUE"""),FALSE) -> FALSE | D81: =IFERROR(__xludf.DUMMYFUNCTION("""COMPUTED_VALUE"""),"Novák Jakub") -> Novák Jakub | E81: =IFERROR(__xludf.DUMMYFUNCTION("""COMPUTED_VALUE"""),"Zličín") -> Zličín | F81: =IFERROR(__xludf.DUMMYFUNCTION("""COMPUTED_VALUE"""),"Malešice") -> Malešice | V81: =IFERROR(__xludf.DUMMYFUNCTION("""COMPUTED_VALUE"""),231.474) -> 231.474 | W81: =IFERROR(__xludf.DUMMYFUNCTION("""COMPUTED_VALUE"""),0.0) -> 0
B82: =IF(OR(E82=Report!$B$1, F82=Report!$B$1, G82=Report!$B$1, H82=Report!$B$1), D82, "") -> Černohorský Otakar | C82: =IFERROR(__xludf.DUMMYFUNCTION("""COMPUTED_VALUE"""),FALSE) -> FALSE | D82: =IFERROR(__xludf.DUMMYFUNCTION("""COMPUTED_VALUE"""),"Černohorský Otakar") -> Černohorský Otakar | E82: =IFERROR(__xludf.DUMMYFUNCTION("""COMPUTED_VALUE"""),"Zličín") -> Zličín | V82: =IFERROR(__xludf.DUMMYFUNCTION("""COMPUTED_VALUE"""),231.474) -> 231.474 | W82: =IFERROR(__xludf.DUMMYFUNCTION("""COMPUTED_VALUE"""),0.0) -> 0
B83: =IF(OR(E83=Report!$B$1, F83=Report!$B$1, G83=Report!$B$1, H83=Report!$B$1), D83, "") | C83: =IFERROR(__xludf.DUMMYFUNCTION("""COMPUTED_VALUE"""),FALSE) -> FALSE | D83: =IFERROR(__xludf.DUMMYFUNCTION("""COMPUTED_VALUE"""),"Nedvěd Dominik") -> Nedvěd Dominik | E83: =IFERROR(__xludf.DUMMYFUNCTION("""COMPUTED_VALUE"""),"Libuš") -> Libuš | F83: =IFERROR(__xludf.DUMMYFUNCTION("""COMPUTED_VALUE"""),"Malešice") -> Malešice | V83: =IFERROR(__xludf.DUMMYFUNCTION("""COMPUTED_VALUE"""),231.474) -> 231.474 | W83: =IFERROR(__xludf.DUMMYFUNCTION("""COMPUTED_VALUE"""),0.0) -> 0
B84: =IF(OR(E84=Report!$B$1, F84=Report!$B$1, G84=Report!$B$1, H84=Report!$B$1), D84, "") | C84: =IFERROR(__xludf.DUMMYFUNCTION("""COMPUTED_VALUE"""),FALSE) -> FALSE | D84: =IFERROR(__xludf.DUMMYFUNCTION("""COMPUTED_VALUE"""),"Lanský Zoltan") -> Lanský Zoltan | E84: =IFERROR(__xludf.DUMMYFUNCTION("""COMPUTED_VALUE"""),"Chodov") -> Chodov | F84: =IFERROR(__xludf.DUMMYFUNCTION("""COMPUTED_VALUE"""),"Libuš") -> Libuš | V84: =IFERROR(__xludf.DUMMYFUNCTION("""COMPUTED_VALUE"""),250.20600000000002) -> 250.206 | W84: =IFERROR(__xludf.DUMMYFUNCTION("""COMPUTED_VALUE"""),0.0) -> 0
B85: =IF(OR(E85=Report!$B$1, F85=Report!$B$1, G85=Report!$B$1, H85=Report!$B$1), D85, "") -> Lowe Jana | C85: =IFERROR(__xludf.DUMMYFUNCTION("""COMPUTED_VALUE"""),FALSE) -> FALSE | D85: =IFERROR(__xludf.DUMMYFUNCTION("""COMPUTED_VALUE"""),"Lowe Jana") -> Lowe Jana | E85: =IFERROR(__xludf.DUMMYFUNCTION("""COMPUTED_VALUE"""),"Zličín") -> Zličín | V85: =IFERROR(__xludf.DUMMYFUNCTION("""COMPUTED_VALUE"""),150.0) -> 150 | W85: =IFERROR(__xludf.DUMMYFUNCTION("""COMPUTED_VALUE"""),0.0) -> 0
B86: =IF(OR(E86=Report!$B$1, F86=Report!$B$1, G86=Report!$B$1, H86=Report!$B$1), D86, "") | C86: =IFERROR(__xludf.DUMMYFUNCTION("""COMPUTED_VALUE"""),FALSE) -> FALSE | D86: =IFERROR(__xludf.DUMMYFUNCTION("""COMPUTED_VALUE"""),"Hyský Aleš") -> Hyský Aleš | E86: =IFERROR(__xludf.DUMMYFUNCTION("""COMPUTED_VALUE"""),"Chodov") -> Chodov | V86: =IFERROR(__xludf.DUMMYFUNCTION("""COMPUTED_VALUE"""),231.474) -> 231.474 | W86: =IFERROR(__xludf.DUMMYFUNCTION("""COMPUTED_VALUE"""),0.0) -> 0
B87: =IF(OR(E87=Report!$B$1, F87=Report!$B$1, G87=Report!$B$1, H87=Report!$B$1), D87, "") | C87: =IFERROR(__xludf.DUMMYFUNCTION("""COMPUTED_VALUE"""),FALSE) -> FALSE | D87: =IFERROR(__xludf.DUMMYFUNCTION("""COMPUTED_VALUE"""),"Lažek Jaroslav") -> Lažek Jaroslav | E87: =IFERROR(__xludf.DUMMYFUNCTION("""COMPUTED_VALUE"""),"Libuš") -> Libuš | F87: =IFERROR(__xludf.DUMMYFUNCTION("""COMPUTED_VALUE"""),"Chodov") -> Chodov | G87: =IFERROR(__xludf.DUMMYFUNCTION("""COMPUTED_VALUE"""),"Malešice") -> Malešice | H87: =IFERROR(__xludf.DUMMYFUNCTION("""COMPUTED_VALUE"""),"Výroba") -> Výroba | V87: =IFERROR(__xludf.DUMMYFUNCTION("""COMPUTED_VALUE"""),170.0) -> 170 | W87: =IFERROR(__xludf.DUMMYFUNCTION("""COMPUTED_VALUE"""),0.0) -> 0
B88: =IF(OR(E88=Report!$B$1, F88=Report!$B$1, G88=Report!$B$1, H88=Report!$B$1), D88, "") -> Kormash Liubov | C88: =IFERROR(__xludf.DUMMYFUNCTION("""COMPUTED_VALUE"""),FALSE) -> FALSE | D88: =IFERROR(__xludf.DUMMYFUNCTION("""COMPUTED_VALUE"""),"Kormash Liubov") -> Kormash Liubov | E88: =IFERROR(__xludf.DUMMYFUNCTION("""COMPUTED_VALUE"""),"Zličín") -> Zličín | F88: =IFERROR(__xludf.DUMMYFUNCTION("""COMPUTED_VALUE"""),"Prosek") -> Prosek | V88: =IFERROR(__xludf.DUMMYFUNCTION("""COMPUTED_VALUE"""),160.0) -> 160 | W88: =IFERROR(__xludf.DUMMYFUNCTION("""COMPUTED_VALUE"""),0.0) -> 0
B89: =IF(OR(E89=Report!$B$1, F89=Report!$B$1, G89=Report!$B$1, H89=Report!$B$1), D89, "") | C89: =IFERROR(__xludf.DUMMYFUNCTION("""COMPUTED_VALUE"""),FALSE) -> FALSE | D89: =IFERROR(__xludf.DUMMYFUNCTION("""COMPUTED_VALUE"""),"Chlubna Tomáš") -> Chlubna Tomáš | E89: =IFERROR(__xludf.DUMMYFUNCTION("""COMPUTED_VALUE"""),"Chodov") -> Chodov | F89: =IFERROR(__xludf.DUMMYFUNCTION("""COMPUTED_VALUE"""),"Libuš") -> Libuš | G89: =IFERROR(__xludf.DUMMYFUNCTION("""COMPUTED_VALUE"""),"Výroba") -> Výroba | V89: =IFERROR(__xludf.DUMMYFUNCTION("""COMPUTED_VALUE"""),250.20600000000002) -> 250.206 | W89: =IFERROR(__xludf.DUMMYFUNCTION("""COMPUTED_VALUE"""),0.0) -> 0
B90: =IF(OR(E90=Report!$B$1, F90=Report!$B$1, G90=Report!$B$1, H90=Report!$B$1), D90, "") -> Vychivskyi Volodymyr | C90: =IFERROR(__xludf.DUMMYFUNCTION("""COMPUTED_VALUE"""),FALSE) -> FALSE | D90: =IFERROR(__xludf.DUMMYFUNCTION("""COMPUTED_VALUE"""),"Vychivskyi Volodymyr") -> Vychivskyi Volodymyr | E90: =IFERROR(__xludf.DUMMYFUNCTION("""COMPUTED_VALUE"""),"Malešice") -> Malešice | F90: =IFERROR(__xludf.DUMMYFUNCTION("""COMPUTED_VALUE"""),"Prosek") -> Prosek | G90: =IFERROR(__xludf.DUMMYFUNCTION("""COMPUTED_VALUE"""),"Zličín") -> Zličín | V90: =IFERROR(__xludf.DUMMYFUNCTION("""COMPUTED_VALUE"""),250.20600000000002) -> 250.206 | W90: =IFERROR(__xludf.DUMMYFUNCTION("""COMPUTED_VALUE"""),0.0) -> 0
B91: =IF(OR(E91=Report!$B$1, F91=Report!$B$1, G91=Report!$B$1, H91=Report!$B$1), D91, "") | C91: =IFERROR(__xludf.DUMMYFUNCTION("""COMPUTED_VALUE"""),FALSE) -> FALSE | D91: =IFERROR(__xludf.DUMMYFUNCTION("""COMPUTED_VALUE"""),"Hřebík Martin") -> Hřebík Martin | E91: =IFERROR(__xludf.DUMMYFUNCTION("""COMPUTED_VALUE"""),"Výroba") -> Výroba | F91: =IFERROR(__xludf.DUMMYFUNCTION("""COMPUTED_VALUE"""),"Chodov") -> Chodov | G91: =IFERROR(__xludf.DUMMYFUNCTION("""COMPUTED_VALUE"""),"Prosek") -> Prosek | H91: =IFERROR(__xludf.DUMMYFUNCTION("""COMPUTED_VALUE"""),"Libuš") -> Libuš | V91: =IFERROR(__xludf.DUMMYFUNCTION("""COMPUTED_VALUE"""),386.68199999999996) -> 386.682 | W91: =IFERROR(__xludf.DUMMYFUNCTION("""COMPUTED_VALUE"""),2494.722580645161) -> 2494.7226
B92: =IF(OR(E92=Report!$B$1, F92=Report!$B$1, G92=Report!$B$1, H92=Report!$B$1), D92, "") | C92: =IFERROR(__xludf.DUMMYFUNCTION("""COMPUTED_VALUE"""),FALSE) -> FALSE | D92: =IFERROR(__xludf.DUMMYFUNCTION("""COMPUTED_VALUE"""),"Eszenyiová Patrícia") -> Eszenyiová Patrícia | E92: =IFERROR(__xludf.DUMMYFUNCTION("""COMPUTED_VALUE"""),"Libuš") -> Libuš | V92: =IFERROR(__xludf.DUMMYFUNCTION("""COMPUTED_VALUE"""),250.20600000000002) -> 250.206 | W92: =IFERROR(__xludf.DUMMYFUNCTION("""COMPUTED_VALUE"""),0.0) -> 0
B93: =IF(OR(E93=Report!$B$1, F93=Report!$B$1, G93=Report!$B$1, H93=Report!$B$1), D93, "") | C93: =IFERROR(__xludf.DUMMYFUNCTION("""COMPUTED_VALUE"""),FALSE) -> FALSE | D93: =IFERROR(__xludf.DUMMYFUNCTION("""COMPUTED_VALUE"""),"Reischl Jan") -> Reischl Jan | E93: =IFERROR(__xludf.DUMMYFUNCTION("""COMPUTED_VALUE"""),"Malešice") -> Malešice | F93: =IFERROR(__xludf.DUMMYFUNCTION("""COMPUTED_VALUE"""),"Chodov") -> Chodov | G93: =IFERROR(__xludf.DUMMYFUNCTION("""COMPUTED_VALUE"""),"Libuš") -> Libuš | H93: =IFERROR(__xludf.DUMMYFUNCTION("""COMPUTED_VALUE"""),"Prosek") -> Prosek | V93: =IFERROR(__xludf.DUMMYFUNCTION("""COMPUTED_VALUE"""),214.08) -> 214.08 | W93: =IFERROR(__xludf.DUMMYFUNCTION("""COMPUTED_VALUE"""),0.0) -> 0
B94: =IF(OR(E94=Report!$B$1, F94=Report!$B$1, G94=Report!$B$1, H94=Report!$B$1), D94, "") | C94: =IFERROR(__xludf.DUMMYFUNCTION("""COMPUTED_VALUE"""),FALSE) -> FALSE | D94: =IFERROR(__xludf.DUMMYFUNCTION("""COMPUTED_VALUE"""),"Mikešová Adéla") -> Mikešová Adéla | E94: =IFERROR(__xludf.DUMMYFUNCTION("""COMPUTED_VALUE"""),"Bolevec") -> Bolevec | V94: =IFERROR(__xludf.DUMMYFUNCTION("""COMPUTED_VALUE"""),214.08) -> 214.08 | W94: =IFERROR(__xludf.DUMMYFUNCTION("""COMPUTED_VALUE"""),0.0) -> 0
B95: =IF(OR(E95=Report!$B$1, F95=Report!$B$1, G95=Report!$B$1, H95=Report!$B$1), D95, "") | C95: =IFERROR(__xludf.DUMMYFUNCTION("""COMPUTED_VALUE"""),FALSE) -> FALSE | D95: =IFERROR(__xludf.DUMMYFUNCTION("""COMPUTED_VALUE"""),"Chyský David") -> Chyský David | E95: =IFERROR(__xludf.DUMMYFUNCTION("""COMPUTED_VALUE"""),"Chodov") -> Chodov | V95: =IFERROR(__xludf.DUMMYFUNCTION("""COMPUTED_VALUE"""),231.474) -> 231.474 | W95: =IFERROR(__xludf.DUMMYFUNCTION("""COMPUTED_VALUE"""),0.0) -> 0
B96: =IF(OR(E96=Report!$B$1, F96=Report!$B$1, G96=Report!$B$1, H96=Report!$B$1), D96, "") | C96: =IFERROR(__xludf.DUMMYFUNCTION("""COMPUTED_VALUE"""),FALSE) -> FALSE | D96: =IFERROR(__xludf.DUMMYFUNCTION("""COMPUTED_VALUE"""),"Kalina Filip") -> Kalina Filip | E96: =IFERROR(__xludf.DUMMYFUNCTION("""COMPUTED_VALUE"""),"Malešice") -> Malešice | F96: =IFERROR(__xludf.DUMMYFUNCTION("""COMPUTED_VALUE"""),"Libuš") -> Libuš | V96: =IFERROR(__xludf.DUMMYFUNCTION("""COMPUTED_VALUE"""),231.474) -> 231.474 | W96: =IFERROR(__xludf.DUMMYFUNCTION("""COMPUTED_VALUE"""),0.0) -> 0
B97: =IF(OR(E97=Report!$B$1, F97=Report!$B$1, G97=Report!$B$1, H97=Report!$B$1), D97, "") | C97: =IFERROR(__xludf.DUMMYFUNCTION("""COMPUTED_VALUE"""),FALSE) -> FALSE | D97: =IFERROR(__xludf.DUMMYFUNCTION("""COMPUTED_VALUE"""),"Kaločai Rudolf") -> Kaločai Rudolf | E97: =IFERROR(__xludf.DUMMYFUNCTION("""COMPUTED_VALUE"""),"Bolevec") -> Bolevec | V97: =IFERROR(__xludf.DUMMYFUNCTION("""COMPUTED_VALUE"""),140.0) -> 140 | W97: =IFERROR(__xludf.DUMMYFUNCTION("""COMPUTED_VALUE"""),0.0) -> 0
B98: =IF(OR(E98=Report!$B$1, F98=Report!$B$1, G98=Report!$B$1, H98=Report!$B$1), D98, "") | C98: =IFERROR(__xludf.DUMMYFUNCTION("""COMPUTED_VALUE"""),FALSE) -> FALSE | D98: =IFERROR(__xludf.DUMMYFUNCTION("""COMPUTED_VALUE"""),"Dušek Sam") -> Dušek Sam | E98: =IFERROR(__xludf.DUMMYFUNCTION("""COMPUTED_VALUE"""),"Libuš") -> Libuš | F98: =IFERROR(__xludf.DUMMYFUNCTION("""COMPUTED_VALUE"""),"Malešice") -> Malešice | V98: =IFERROR(__xludf.DUMMYFUNCTION("""COMPUTED_VALUE"""),250.20600000000002) -> 250.206 | W98: =IFERROR(__xludf.DUMMYFUNCTION("""COMPUTED_VALUE"""),0.0) -> 0
B99: =IF(OR(E99=Report!$B$1, F99=Report!$B$1, G99=Report!$B$1, H99=Report!$B$1), D99, "") -> Banga Adam | C99: =IFERROR(__xludf.DUMMYFUNCTION("""COMPUTED_VALUE"""),FALSE) -> FALSE | D99: =IFERROR(__xludf.DUMMYFUNCTION("""COMPUTED_VALUE"""),"Banga Adam") -> Banga Adam | E99: =IFERROR(__xludf.DUMMYFUNCTION("""COMPUTED_VALUE"""),"Zličín") -> Zličín | V99: =IFERROR(__xludf.DUMMYFUNCTION("""COMPUTED_VALUE"""),231.474) -> 231.474 | W99: =IFERROR(__xludf.DUMMYFUNCTION("""COMPUTED_VALUE"""),0.0) -> 0
B100: =IF(OR(E100=Report!$B$1, F100=Report!$B$1, G100=Report!$B$1, H100=Report!$B$1), D100, "") | C100: =IFERROR(__xludf.DUMMYFUNCTION("""COMPUTED_VALUE"""),FALSE) -> FALSE | D100: =IFERROR(__xludf.DUMMYFUNCTION("""COMPUTED_VALUE"""),"Vopatová Anna") -> Vopatová Anna | E100: =IFERROR(__xludf.DUMMYFUNCTION("""COMPUTED_VALUE"""),"Bolevec") -> Bolevec | V100: =IFERROR(__xludf.DUMMYFUNCTION("""COMPUTED_VALUE"""),214.08) -> 214.08 | W100: =IFERROR(__xludf.DUMMYFUNCTION("""COMPUTED_VALUE"""),0.0) -> 0
B101: =IF(OR(E101=Report!$B$1, F101=Report!$B$1, G101=Report!$B$1, H101=Report!$B$1), D101, "") | C101: =IFERROR(__xludf.DUMMYFUNCTION("""COMPUTED_VALUE"""),FALSE) -> FALSE | D101: =IFERROR(__xludf.DUMMYFUNCTION("""COMPUTED_VALUE"""),"Vopatová Šárka") -> Vopatová Šárka | E101: =IFERROR(__xludf.DUMMYFUNCTION("""COMPUTED_VALUE"""),"Bolevec") -> Bolevec | V101: =IFERROR(__xludf.DUMMYFUNCTION("""COMPUTED_VALUE"""),214.08) -> 214.08 | W101: =IFERROR(__xludf.DUMMYFUNCTION("""COMPUTED_VALUE"""),0.0) -> 0
B102: =IF(OR(E102=Report!$B$1, F102=Report!$B$1, G102=Report!$B$1, H102=Report!$B$1), D102, "") | C102: =IFERROR(__xludf.DUMMYFUNCTION("""COMPUTED_VALUE"""),FALSE) -> FALSE | D102: =IFERROR(__xludf.DUMMYFUNCTION("""COMPUTED_VALUE"""),"Richterová Monika") -> Richterová Monika | E102: =IFERROR(__xludf.DUMMYFUNCTION("""COMPUTED_VALUE"""),"Malešice") -> Malešice | V102: =IFERROR(__xludf.DUMMYFUNCTION("""COMPUTED_VALUE"""),214.08) -> 214.08 | W102: =IFERROR(__xludf.DUMMYFUNCTION("""COMPUTED_VALUE"""),0.0) -> 0
B103: =IF(OR(E103=Report!$B$1, F103=Report!$B$1, G103=Report!$B$1, H103=Report!$B$1), D103, "") | C103: =IFERROR(__xludf.DUMMYFUNCTION("""COMPUTED_VALUE"""),FALSE) -> FALSE | D103: =IFERROR(__xludf.DUMMYFUNCTION("""COMPUTED_VALUE"""),"Serin David") -> Serin David | E103: =IFERROR(__xludf.DUMMYFUNCTION("""COMPUTED_VALUE"""),"Libuš") -> Libuš | F103: =IFERROR(__xludf.DUMMYFUNCTION("""COMPUTED_VALUE"""),"Malešice") -> Malešice | V103: =IFERROR(__xludf.DUMMYFUNCTION("""COMPUTED_VALUE"""),250.20600000000002) -> 250.206 | W103: =IFERROR(__xludf.DUMMYFUNCTION("""COMPUTED_VALUE"""),0.0) -> 0
...

Sheet Denik

Sheet Směny
A1: Sem zadej směnu pro tento týden z CSV - Směny -> Naplánované směny -> Aktuální nebo Následující týden -> Stáhnout CSV (v pravo nahoře ) -> otevřív v excelu -> oznacit všechny buňky a dvojklikem na dělící přepážku mezi A a B přizpůsob buňky velikosti textu. Poté tabulku zkopíruj do této tabulky do bunky A2, označeno modře.
A2: Pracovníci | B2: Pondělí | C2: Úterý | D2: Středa | E2: Čtvrtek | F2: Pátek | G2: Sobota | H2: Neděle | AA2: Přenos do dispecinku | AB2: Zpoždění
A3: Ayuna Hanakova | B3: 10:00 - 15:00 (Instor) | D3: 10:00 - 17:00 (Instor) | E3: 10:00 - 17:00 (Instor) | F3: 10:00 - 17:00 (Instor) | G3: 10:00 - 17:00 (Instor)
A4: Ondřej Veselý | B4: 15:00 - 18:00 (Instor) | C4: 10:00 - 17:00 (Instor) | E4: 17:00 - 0:00 (Instor) | F4: 17:00 - 1:00 (Instor) | G4: 17:00 - 1:00 (Instor) | H4: 17:00 - 0:00 (Instor)
A5: Karel Kučera | B5: 18:00 - 0:00 (Instor) | E5: 17:00 - 0:00 (Kurýr) | F5: 17:00 - 1:00 (Kurýr) | G5: 11:00 - 17:00 (Kurýr) | H5: 10:00 - 17:00 (Instor)
A6: Liubov Kormash | B6: 11:00 - 18:00 (Kurýr) | D6: 11:00 - 18:00 (Kurýr) | F6: 11:00 - 17:00 (Kurýr)
A7: Jakub Zimmer | B7: 18:00 - 0:00 (Kurýr) | D7: 18:00 - 0:00 (Kurýr)
A8: Bára Pechová | B8: 18:00 - 0:00 (Instor) | C8: 18:00 - 0:00 (Instor) | E8: 18:00 - 0:00 (Instor) | F8: 18:00 - 22:00 (Instor)
A9: Michal Nedbal | C9: 17:00 - 0:00 (Instor) | D9: 17:00 - 0:00 (Instor) | F9: 17:00 - 1:00 (Instor) | G9: 17:00 - 1:00 (Instor) | H9: 17:00 - 0:00 (Instor)
A10: Jakub Novák | C10: 11:00 - 17:00 (Kurýr) | E10: 11:00 - 17:00 (Kurýr) | G10: 17:00 - 1:00 (Kurýr) | H10: 17:00 - 0:00 (Kurýr)
A11: Otakar Černohorský | C11: 17:00 - 0:00 (Kurýr) | E11: 17:00 - 0:00 (Kurýr)
A12: Antonio Gomez | D12: 17:00 - 0:00 (Instor) | E12: 10:00 - 18:00 (Instor) | F12: 11:00 - 18:00 (Instor) | G12: 17:00 - 22:00 (Instor) | H12: 17:00 - 0:00 (Instor)
A13: Michal Čerešňák | F13: 17:00 - 1:00 (Kurýr) | G13: 11:00 - 1:00 (Kurýr) | H13: 11:00 - 0:00 (Kurýr) | AB13: -5
A14: Vendula Pánková | G14: 10:00 - 17:00 (Instor) | H14: 10:00 - 17:00 (Instor) | AB14: -6
AB15: 2
AA16: 2024-08-09T22:19:02.895+02:00 | AB16: -11
AB17: 0
AB18: 5
AB19: -7
AB20: 1
AB21: -2
AB22: -1
AB23: 0
AB24: -7
AB25: -9
AB26: 0
AA27: 2024-08-09T20:59:02.480+02:00 | AB27: -8
AB28: -7
AB29: -2
AB30: -8
AA31: 2024-08-09T20:46:02.837+02:00 | AB31: 0
AB32: 1
AB33: 0
AB34: 4
AA35: 2024-08-09T20:34:02.891+02:00 | AB35: -12
AA36: 2024-08-09T20:47:12.087+02:00 | AB36: 0
AB37: -2
AB38: -10
AA39: 2024-08-09T20:23:02.590+02:00 | AB39: 6
AB40: -7
AB41: -2
AB42: 0
AB43: -2
AB44: 0
AA45: 2024-08-09T20:03:02.507+02:00 | AB45: -13
AB46: -6
AB47: 0
AB48: -6
AA49: 2024-08-09T19:56:02.899+02:00 | AB49: 5
AB50: 0
AB51: 0
AB52: -8
AB53: -11
AB54: -6
AB55: -2
AA56: 2024-08-09T19:38:02.296+02:00 | AB56: -9
AB57: -9
AB58: -2
AB59: -8
AA60: 2024-08-09T19:24:02.984+02:00 | AB60: -19
AB61: -12
AB62: -7
AB63: -9
AB64: -9
AB65: -11
AB66: 3
AA67: 2024-08-09T19:01:02.783+02:00 | AB67: -14
AB68: 1
AB69: -2
AB70: 1
AB71: -1
AB72: -9
AB73: 0
AB74: -7
AB75: 0
AB76: -8
AB77: 0
AB78: 1
AB79: -7
... AB82: -13
AA83: 2024-08-09T17:51:02.506+02:00 | AB83: -21
AA84: 2024-08-09T17:46:03.097+02:00 | AB84: -7
AA85: 2024-08-09T17:39:01.978+02:00 | AB85: -10
AA86: 2024-08-09T17:17:02.097+02:00 | AB86: -6
AB87: -7
AB88: -2
AA89: 2024-08-09T17:00:02.267+02:00 | AB89: -17
AB90: -12
AB91: -4
AB92: -11
AB93: 1
AB94: 0
AB95: -9
AB96: 1
AB97: -8
AA98: 2024-08-09T15:56:10.646+02:00 | AB98: -6
AA99: 2024-08-09T15:42:02.038+02:00 | AB99: 1
AB100: -1
AB101: -5
AA102: 2024-08-09T15:26:53.898+02:00 | AB102: -2
...
